District,Taluka,Village,1_BHK_Price,2_BHK_Price,3_BHK_Price,Emp_Rate,Unemp_Rate,Past_Price,Tier,Locality_Type,Village_Specific_Info,Growth_Scope,Cluster,Business_Opportunity,Predicted_5Yr_Price,Estimated_Profit,ROI_Percent
Mumbai City,Colaba,Nariman Point,142.14,202.41,304.29,81.57,18.43,105.03,1,Prime Metropolitan Urban Suburb,"Nariman Point is a high-demand metropolitan residential and commercial zone featuring high disposable incomes, dense transit connectivity, and modern lifestyle amenities.","High scope for private clinics, specialized child education academies, organic grocery stores, boutique cafes, and premium salon services.",2,Saturated Market (Premium Metro),201.84,59.7,42.0
Mumbai City,Colaba,Cuffe Parade,146.05,228.24,303.59,84.75,15.25,99.66,1,Prime Metropolitan Urban Suburb,"Cuffe Parade is a high-demand metropolitan residential and commercial zone featuring high disposable incomes, dense transit connectivity, and modern lifestyle amenities.","High scope for private clinics, specialized child education academies, organic grocery stores, boutique cafes, and premium salon services.",2,Saturated Market (Premium Metro),207.39,61.34,42.0
Mumbai City,Colaba,Fort,97.96,147.02,201.68,81.18,18.82,71.71,1,Pilgrimage & Heritage Tourism,"Fort is a sacred pilgrimage and historical landmark attracting millions of spiritual seekers, cultural travelers, and weekend tourists throughout the year.","High scope for modern budget hotels, devotional souvenir retail, pure-veg multi-cuisine restaurants, passenger cab services, and travel booking desks.",2,Saturated Market (Premium Metro),139.1,41.14,42.0
Mumbai City,Colaba,Churchgate,132.22,192.42,296.76,90.95,9.05,89.98,1,Prime Metropolitan Urban Suburb,"Churchgate is a high-demand metropolitan residential and commercial zone featuring high disposable incomes, dense transit connectivity, and modern lifestyle amenities.","High scope for private clinics, specialized child education academies, organic grocery stores, boutique cafes, and premium salon services.",2,Saturated Market (Premium Metro),187.75,55.53,42.0
Mumbai City,Colaba,Navy Nagar,159.61,244.48,345.12,80.49,19.51,120.76,1,Prime Metropolitan Urban Suburb,"Navy Nagar is a high-demand metropolitan residential and commercial zone featuring high disposable incomes, dense transit connectivity, and modern lifestyle amenities.","High scope for private clinics, specialized child education academies, organic grocery stores, boutique cafes, and premium salon services.",2,Saturated Market (Premium Metro),226.65,67.04,42.0
Mumbai City,Colaba,Marine Lines,110.34,158.32,229.72,91.56,8.44,80.36,1,Prime Metropolitan Urban Suburb,"Marine Lines is a high-demand metropolitan residential and commercial zone featuring high disposable incomes, dense transit connectivity, and modern lifestyle amenities.","High scope for private clinics, specialized child education academies, organic grocery stores, boutique cafes, and premium salon services.",2,Saturated Market (Premium Metro),156.68,46.34,42.0
Mumbai City,Dadar,Dadar West,159.75,245.5,355.76,93.57,6.43,113.47,1,Prime Metropolitan Urban Suburb,"Dadar West is a high-demand metropolitan residential and commercial zone featuring high disposable incomes, dense transit connectivity, and modern lifestyle amenities.","High scope for private clinics, specialized child education academies, organic grocery stores, boutique cafes, and premium salon services.",2,Saturated Market (Premium Metro),226.85,67.1,42.0
Mumbai City,Dadar,Dadar East,132.96,206.45,299.71,91.79,8.21,96.55,1,Prime Metropolitan Urban Suburb,"Dadar East is a high-demand metropolitan residential and commercial zone featuring high disposable incomes, dense transit connectivity, and modern lifestyle amenities.","High scope for private clinics, specialized child education academies, organic grocery stores, boutique cafes, and premium salon services.",2,Saturated Market (Premium Metro),188.8,55.84,42.0
Mumbai City,Dadar,Prabhadevi,148.98,212.64,316.61,82.63,17.37,102.26,1,Prime Metropolitan Urban Suburb,"Prabhadevi is a high-demand metropolitan residential and commercial zone featuring high disposable incomes, dense transit connectivity, and modern lifestyle amenities.","High scope for private clinics, specialized child education academies, organic grocery stores, boutique cafes, and premium salon services.",2,Saturated Market (Premium Metro),211.55,62.57,42.0
Mumbai City,Dadar,Parel,99.44,142.81,212.97,88.17,11.83,70.52,1,Prime Metropolitan Urban Suburb,"Parel is a high-demand metropolitan residential and commercial zone featuring high disposable incomes, dense transit connectivity, and modern lifestyle amenities.","High scope for private clinics, specialized child education academies, organic grocery stores, boutique cafes, and premium salon services.",2,Saturated Market (Premium Metro),141.2,41.76,42.0
Mumbai City,Dadar,Worli,113.87,165.51,243.47,92.99,7.01,83.33,1,Prime Metropolitan Urban Suburb,"Worli is a high-demand metropolitan residential and commercial zone featuring high disposable incomes, dense transit connectivity, and modern lifestyle amenities.","High scope for private clinics, specialized child education academies, organic grocery stores, boutique cafes, and premium salon services.",2,Saturated Market (Premium Metro),161.7,47.83,42.0
Mumbai City,Dadar,Lower Parel,138.96,201.13,318.3,80.61,19.39,98.71,1,Prime Metropolitan Urban Suburb,"Lower Parel is a high-demand metropolitan residential and commercial zone featuring high disposable incomes, dense transit connectivity, and modern lifestyle amenities.","High scope for private clinics, specialized child education academies, organic grocery stores, boutique cafes, and premium salon services.",2,Saturated Market (Premium Metro),197.32,58.36,42.0
Mumbai City,Dadar,Sewa,178.9,272.36,399.63,88.95,11.05,133.71,1,Prime Metropolitan Urban Suburb,"Sewa is a high-demand metropolitan residential and commercial zone featuring high disposable incomes, dense transit connectivity, and modern lifestyle amenities.","High scope for private clinics, specialized child education academies, organic grocery stores, boutique cafes, and premium salon services.",2,Saturated Market (Premium Metro),254.04,75.14,42.0
Mumbai City,Byculla,Byculla East,156.48,227.94,322.44,83.05,16.95,109.76,1,Prime Metropolitan Urban Suburb,"Byculla East is a high-demand metropolitan residential and commercial zone featuring high disposable incomes, dense transit connectivity, and modern lifestyle amenities.","High scope for private clinics, specialized child education academies, organic grocery stores, boutique cafes, and premium salon services.",2,Saturated Market (Premium Metro),222.2,65.72,42.0
Mumbai City,Byculla,Mazgaon,97.15,152.61,227.25,83.03,16.97,71.16,1,Prime Metropolitan Urban Suburb,"Mazgaon is a high-demand metropolitan residential and commercial zone featuring high disposable incomes, dense transit connectivity, and modern lifestyle amenities.","High scope for private clinics, specialized child education academies, organic grocery stores, boutique cafes, and premium salon services.",2,Saturated Market (Premium Metro),137.95,40.8,42.0
Mumbai City,Byculla,Nagpada,116.54,182.54,256.55,82.24,17.76,81.55,1,Prime Metropolitan Urban Suburb,"Nagpada is a high-demand metropolitan residential and commercial zone featuring high disposable incomes, dense transit connectivity, and modern lifestyle amenities.","High scope for private clinics, specialized child education academies, organic grocery stores, boutique cafes, and premium salon services.",2,Saturated Market (Premium Metro),165.49,48.95,42.0
Mumbai City,Byculla,Agripada,133.94,195.83,300.42,92.37,7.63,95.36,1,Prime Metropolitan Urban Suburb,"Agripada is a high-demand metropolitan residential and commercial zone featuring high disposable incomes, dense transit connectivity, and modern lifestyle amenities.","High scope for private clinics, specialized child education academies, organic grocery stores, boutique cafes, and premium salon services.",2,Saturated Market (Premium Metro),190.19,56.25,42.0
Mumbai City,Byculla,Chinchpokli,98.03,154.85,217.44,79.45,20.55,67.03,1,Prime Metropolitan Urban Suburb,"Chinchpokli is a high-demand metropolitan residential and commercial zone featuring high disposable incomes, dense transit connectivity, and modern lifestyle amenities.","High scope for private clinics, specialized child education academies, organic grocery stores, boutique cafes, and premium salon services.",2,Saturated Market (Premium Metro),139.2,41.17,42.0
Mumbai City,Malabar Hill,Walkeshwar,86.51,131.53,199.96,84.75,15.25,59.27,1,Prime Metropolitan Urban Suburb,"Walkeshwar is a high-demand metropolitan residential and commercial zone featuring high disposable incomes, dense transit connectivity, and modern lifestyle amenities.","High scope for private clinics, specialized child education academies, organic grocery stores, boutique cafes, and premium salon services.",2,Saturated Market (Premium Metro),122.84,36.33,42.0
Mumbai City,Malabar Hill,Kemps Corner,115.07,181.74,255.99,93.54,6.46,86.17,1,Prime Metropolitan Urban Suburb,"Kemps Corner is a high-demand metropolitan residential and commercial zone featuring high disposable incomes, dense transit connectivity, and modern lifestyle amenities.","High scope for private clinics, specialized child education academies, organic grocery stores, boutique cafes, and premium salon services.",2,Saturated Market (Premium Metro),163.4,48.33,42.0
Mumbai City,Malabar Hill,Breach Candy,76.21,117.01,173.38,86.59,13.41,53.45,1,Prime Metropolitan Urban Suburb,"Breach Candy is a high-demand metropolitan residential and commercial zone featuring high disposable incomes, dense transit connectivity, and modern lifestyle amenities.","High scope for private clinics, specialized child education academies, organic grocery stores, boutique cafes, and premium salon services.",2,Saturated Market (Premium Metro),108.22,32.01,42.0
Mumbai City,Malabar Hill,Tardeo,142.3,204.61,312.13,85.26,14.74,107.62,1,Prime Metropolitan Urban Suburb,"Tardeo is a high-demand metropolitan residential and commercial zone featuring high disposable incomes, dense transit connectivity, and modern lifestyle amenities.","High scope for private clinics, specialized child education academies, organic grocery stores, boutique cafes, and premium salon services.",2,Saturated Market (Premium Metro),202.07,59.77,42.0
Mumbai City,Malabar Hill,Girgaon,166.96,244.12,369.85,80.86,19.14,125.72,1,Prime Metropolitan Urban Suburb,"Girgaon is a high-demand metropolitan residential and commercial zone featuring high disposable incomes, dense transit connectivity, and modern lifestyle amenities.","High scope for private clinics, specialized child education academies, organic grocery stores, boutique cafes, and premium salon services.",2,Saturated Market (Premium Metro),237.08,70.12,42.0
Mumbai City,Malabar Hill,Chowpatty,166.4,244.23,376.21,87.74,12.26,115.19,1,Prime Metropolitan Urban Suburb,"Chowpatty is a high-demand metropolitan residential and commercial zone featuring high disposable incomes, dense transit connectivity, and modern lifestyle amenities.","High scope for private clinics, specialized child education academies, organic grocery stores, boutique cafes, and premium salon services.",2,Saturated Market (Premium Metro),236.29,69.89,42.0
Mumbai Suburban,Andheri,Versova,119.81,180.47,276.4,83.55,16.45,81.48,1,Prime Metropolitan Urban Suburb,"Versova is a high-demand metropolitan residential and commercial zone featuring high disposable incomes, dense transit connectivity, and modern lifestyle amenities.","High scope for private clinics, specialized child education academies, organic grocery stores, boutique cafes, and premium salon services.",2,Saturated Market (Premium Metro),170.13,50.32,42.0
Mumbai Suburban,Andheri,Marol,82.55,117.48,194.54,89.82,10.18,61.63,1,Prime Metropolitan Urban Suburb,"Marol is a high-demand metropolitan residential and commercial zone featuring high disposable incomes, dense transit connectivity, and modern lifestyle amenities.","High scope for private clinics, specialized child education academies, organic grocery stores, boutique cafes, and premium salon services.",2,Saturated Market (Premium Metro),117.22,34.67,42.0
Mumbai Suburban,Andheri,Oshiwara,81.14,115.97,189.85,91.05,8.95,55.73,1,Prime Metropolitan Urban Suburb,"Oshiwara is a high-demand metropolitan residential and commercial zone featuring high disposable incomes, dense transit connectivity, and modern lifestyle amenities.","High scope for private clinics, specialized child education academies, organic grocery stores, boutique cafes, and premium salon services.",2,Saturated Market (Premium Metro),115.22,34.08,42.0
Mumbai Suburban,Andheri,Sahar,96.31,137.83,221.61,87.79,12.21,66.48,1,Prime Metropolitan Urban Suburb,"Sahar is a high-demand metropolitan residential and commercial zone featuring high disposable incomes, dense transit connectivity, and modern lifestyle amenities.","High scope for private clinics, specialized child education academies, organic grocery stores, boutique cafes, and premium salon services.",2,Saturated Market (Premium Metro),136.76,40.45,42.0
Mumbai Suburban,Andheri,Chakala,95.4,143.86,203.91,89.7,10.3,68.1,1,Prime Metropolitan Urban Suburb,"Chakala is a high-demand metropolitan residential and commercial zone featuring high disposable incomes, dense transit connectivity, and modern lifestyle amenities.","High scope for private clinics, specialized child education academies, organic grocery stores, boutique cafes, and premium salon services.",2,Saturated Market (Premium Metro),135.47,40.07,42.0
Mumbai Suburban,Andheri,Lokhandwala,73.0,109.96,167.23,77.62,22.38,51.46,1,Prime Metropolitan Urban Suburb,"Lokhandwala is a high-demand metropolitan residential and commercial zone featuring high disposable incomes, dense transit connectivity, and modern lifestyle amenities.","High scope for private clinics, specialized child education academies, organic grocery stores, boutique cafes, and premium salon services.",2,Saturated Market (Premium Metro),103.66,30.66,42.0
Mumbai Suburban,Andheri,Seven Bungalows,139.59,212.73,306.34,83.32,16.68,96.27,1,Prime Metropolitan Urban Suburb,"Seven Bungalows is a high-demand metropolitan residential and commercial zone featuring high disposable incomes, dense transit connectivity, and modern lifestyle amenities.","High scope for private clinics, specialized child education academies, organic grocery stores, boutique cafes, and premium salon services.",2,Saturated Market (Premium Metro),198.22,58.63,42.0
Mumbai Suburban,Andheri,J.B. Nagar,74.1,109.23,166.29,78.14,21.86,51.69,1,Prime Metropolitan Urban Suburb,"J.B. Nagar is a high-demand metropolitan residential and commercial zone featuring high disposable incomes, dense transit connectivity, and modern lifestyle amenities.","High scope for private clinics, specialized child education academies, organic grocery stores, boutique cafes, and premium salon services.",2,Saturated Market (Premium Metro),105.22,31.12,42.0
Mumbai Suburban,Bandra,Bandra West,61.03,92.83,129.72,90.3,9.7,45.7,1,Prime Metropolitan Urban Suburb,"Bandra West is a high-demand metropolitan residential and commercial zone featuring high disposable incomes, dense transit connectivity, and modern lifestyle amenities.","High scope for private clinics, specialized child education academies, organic grocery stores, boutique cafes, and premium salon services.",2,Saturated Market (Premium Metro),86.66,25.63,42.0
Mumbai Suburban,Bandra,Khar West,61.02,88.97,138.56,77.86,22.14,42.14,1,Prime Metropolitan Urban Suburb,"Khar West is a high-demand metropolitan residential and commercial zone featuring high disposable incomes, dense transit connectivity, and modern lifestyle amenities.","High scope for private clinics, specialized child education academies, organic grocery stores, boutique cafes, and premium salon services.",2,Saturated Market (Premium Metro),86.65,25.63,42.0
Mumbai Suburban,Bandra,Santacruz West,134.52,203.31,296.75,88.12,11.88,100.16,1,Prime Metropolitan Urban Suburb,"Santacruz West is a high-demand metropolitan residential and commercial zone featuring high disposable incomes, dense transit connectivity, and modern lifestyle amenities.","High scope for private clinics, specialized child education academies, organic grocery stores, boutique cafes, and premium salon services.",2,Saturated Market (Premium Metro),191.02,56.5,42.0
Mumbai Suburban,Bandra,Vile Parle East,71.18,102.18,156.04,81.62,18.38,51.06,1,Prime Metropolitan Urban Suburb,"Vile Parle East is a high-demand metropolitan residential and commercial zone featuring high disposable incomes, dense transit connectivity, and modern lifestyle amenities.","High scope for private clinics, specialized child education academies, organic grocery stores, boutique cafes, and premium salon services.",2,Saturated Market (Premium Metro),101.08,29.9,42.0
Mumbai Suburban,Bandra,Pali Hill,116.97,178.7,277.78,75.77,24.23,83.31,1,Prime Metropolitan Urban Suburb,"Pali Hill is a high-demand metropolitan residential and commercial zone featuring high disposable incomes, dense transit connectivity, and modern lifestyle amenities.","High scope for private clinics, specialized child education academies, organic grocery stores, boutique cafes, and premium salon services.",2,Saturated Market (Premium Metro),166.1,49.13,42.0
Mumbai Suburban,Bandra,BKC,83.84,130.61,178.75,77.42,22.58,60.02,1,Tech & Corporate IT Corridor,"BKC is a premier technology and corporate employment center hosting multinational software companies, modern business towers, and a high-density professional workforce.","High scope for managed co-living spaces, corporate catering, 24/7 cloud kitchens, executive gyms, and electric vehicle charging infrastructure.",2,Saturated Market (Premium Metro),119.05,35.21,42.0
Mumbai Suburban,Bandra,Bandra East,90.86,133.07,193.75,90.62,9.38,65.01,1,Prime Metropolitan Urban Suburb,"Bandra East is a high-demand metropolitan residential and commercial zone featuring high disposable incomes, dense transit connectivity, and modern lifestyle amenities.","High scope for private clinics, specialized child education academies, organic grocery stores, boutique cafes, and premium salon services.",2,Saturated Market (Premium Metro),129.02,38.16,42.0
Mumbai Suburban,Borivali,Borivali West,128.21,193.35,264.97,91.99,8.01,95.76,1,Prime Metropolitan Urban Suburb,"Borivali West is a high-demand metropolitan residential and commercial zone featuring high disposable incomes, dense transit connectivity, and modern lifestyle amenities.","High scope for private clinics, specialized child education academies, organic grocery stores, boutique cafes, and premium salon services.",2,Saturated Market (Premium Metro),182.06,53.85,42.0
Mumbai Suburban,Borivali,Gorai,137.36,215.41,320.06,76.99,23.01,98.74,1,Prime Metropolitan Urban Suburb,"Gorai is a high-demand metropolitan residential and commercial zone featuring high disposable incomes, dense transit connectivity, and modern lifestyle amenities.","High scope for private clinics, specialized child education academies, organic grocery stores, boutique cafes, and premium salon services.",2,Saturated Market (Premium Metro),195.05,57.69,42.0
Mumbai Suburban,Borivali,Dahisar East,73.17,108.6,151.41,80.82,19.18,55.52,1,Prime Metropolitan Urban Suburb,"Dahisar East is a high-demand metropolitan residential and commercial zone featuring high disposable incomes, dense transit connectivity, and modern lifestyle amenities.","High scope for private clinics, specialized child education academies, organic grocery stores, boutique cafes, and premium salon services.",2,Saturated Market (Premium Metro),103.9,30.73,42.0
Mumbai Suburban,Borivali,Dahisar West,77.54,119.83,170.6,81.61,18.39,58.67,1,Prime Metropolitan Urban Suburb,"Dahisar West is a high-demand metropolitan residential and commercial zone featuring high disposable incomes, dense transit connectivity, and modern lifestyle amenities.","High scope for private clinics, specialized child education academies, organic grocery stores, boutique cafes, and premium salon services.",2,Saturated Market (Premium Metro),110.11,32.57,42.0
Mumbai Suburban,Borivali,Magathane,139.61,210.66,319.3,76.79,23.21,98.25,1,Prime Metropolitan Urban Suburb,"Magathane is a high-demand metropolitan residential and commercial zone featuring high disposable incomes, dense transit connectivity, and modern lifestyle amenities.","High scope for private clinics, specialized child education academies, organic grocery stores, boutique cafes, and premium salon services.",2,Saturated Market (Premium Metro),198.25,58.64,42.0
Mumbai Suburban,Borivali,Eksar,137.34,207.75,306.12,87.46,12.54,94.02,1,Prime Metropolitan Urban Suburb,"Eksar is a high-demand metropolitan residential and commercial zone featuring high disposable incomes, dense transit connectivity, and modern lifestyle amenities.","High scope for private clinics, specialized child education academies, organic grocery stores, boutique cafes, and premium salon services.",2,Saturated Market (Premium Metro),195.02,57.68,42.0
Mumbai Suburban,Borivali,Shimpoli,104.66,157.04,244.0,76.83,23.17,79.21,1,Prime Metropolitan Urban Suburb,"Shimpoli is a high-demand metropolitan residential and commercial zone featuring high disposable incomes, dense transit connectivity, and modern lifestyle amenities.","High scope for private clinics, specialized child education academies, organic grocery stores, boutique cafes, and premium salon services.",2,Saturated Market (Premium Metro),148.62,43.96,42.0
Mumbai Suburban,Borivali,Kandivali West,61.81,89.61,138.85,86.15,13.85,43.19,1,Prime Metropolitan Urban Suburb,"Kandivali West is a high-demand metropolitan residential and commercial zone featuring high disposable incomes, dense transit connectivity, and modern lifestyle amenities.","High scope for private clinics, specialized child education academies, organic grocery stores, boutique cafes, and premium salon services.",2,Saturated Market (Premium Metro),87.77,25.96,42.0
Mumbai Suburban,Borivali,Charkop,65.19,101.86,138.94,84.7,15.3,47.56,1,Prime Metropolitan Urban Suburb,"Charkop is a high-demand metropolitan residential and commercial zone featuring high disposable incomes, dense transit connectivity, and modern lifestyle amenities.","High scope for private clinics, specialized child education academies, organic grocery stores, boutique cafes, and premium salon services.",2,Saturated Market (Premium Metro),92.57,27.38,42.0
Mumbai Suburban,Kurla,Kurla West,90.63,137.16,201.43,90.82,9.18,63.11,1,Prime Metropolitan Urban Suburb,"Kurla West is a high-demand metropolitan residential and commercial zone featuring high disposable incomes, dense transit connectivity, and modern lifestyle amenities.","High scope for private clinics, specialized child education academies, organic grocery stores, boutique cafes, and premium salon services.",2,Saturated Market (Premium Metro),128.69,38.06,42.0
Mumbai Suburban,Kurla,Ghatkopar East,115.88,168.98,252.69,86.09,13.91,81.58,1,Prime Metropolitan Urban Suburb,"Ghatkopar East is a high-demand metropolitan residential and commercial zone featuring high disposable incomes, dense transit connectivity, and modern lifestyle amenities.","High scope for private clinics, specialized child education academies, organic grocery stores, boutique cafes, and premium salon services.",2,Saturated Market (Premium Metro),164.55,48.67,42.0
Mumbai Suburban,Kurla,Ghatkopar West,81.88,126.12,169.81,82.25,17.75,62.22,1,Prime Metropolitan Urban Suburb,"Ghatkopar West is a high-demand metropolitan residential and commercial zone featuring high disposable incomes, dense transit connectivity, and modern lifestyle amenities.","High scope for private clinics, specialized child education academies, organic grocery stores, boutique cafes, and premium salon services.",2,Saturated Market (Premium Metro),116.27,34.39,42.0
Mumbai Suburban,Kurla,Powai,139.67,199.97,296.15,78.77,21.23,105.4,1,Tech & Corporate IT Corridor,"Powai is a premier technology and corporate employment center hosting multinational software companies, modern business towers, and a high-density professional workforce.","High scope for managed co-living spaces, corporate catering, 24/7 cloud kitchens, executive gyms, and electric vehicle charging infrastructure.",2,Saturated Market (Premium Metro),198.33,58.66,42.0
Mumbai Suburban,Kurla,Vidyavihar,129.87,202.69,282.07,76.84,23.16,96.97,1,Prime Metropolitan Urban Suburb,"Vidyavihar is a high-demand metropolitan residential and commercial zone featuring high disposable incomes, dense transit connectivity, and modern lifestyle amenities.","High scope for private clinics, specialized child education academies, organic grocery stores, boutique cafes, and premium salon services.",2,Saturated Market (Premium Metro),184.42,54.55,42.0
Mumbai Suburban,Kurla,Saki Naka,114.8,174.25,272.74,85.77,14.23,78.14,1,Prime Metropolitan Urban Suburb,"Saki Naka is a high-demand metropolitan residential and commercial zone featuring high disposable incomes, dense transit connectivity, and modern lifestyle amenities.","High scope for private clinics, specialized child education academies, organic grocery stores, boutique cafes, and premium salon services.",2,Saturated Market (Premium Metro),163.02,48.22,42.0
Mumbai Suburban,Kurla,Chunabhatti,124.45,182.68,282.37,90.9,9.1,85.96,1,Prime Metropolitan Urban Suburb,"Chunabhatti is a high-demand metropolitan residential and commercial zone featuring high disposable incomes, dense transit connectivity, and modern lifestyle amenities.","High scope for private clinics, specialized child education academies, organic grocery stores, boutique cafes, and premium salon services.",2,Saturated Market (Premium Metro),176.72,52.27,42.0
Mumbai Suburban,Kurla,Asalpha,64.81,93.14,144.69,78.9,21.1,47.21,1,Prime Metropolitan Urban Suburb,"Asalpha is a high-demand metropolitan residential and commercial zone featuring high disposable incomes, dense transit connectivity, and modern lifestyle amenities.","High scope for private clinics, specialized child education academies, organic grocery stores, boutique cafes, and premium salon services.",2,Saturated Market (Premium Metro),92.03,27.22,42.0
Mumbai Suburban,Malad,Malad West,116.0,168.5,262.08,78.75,21.25,83.41,1,Prime Metropolitan Urban Suburb,"Malad West is a high-demand metropolitan residential and commercial zone featuring high disposable incomes, dense transit connectivity, and modern lifestyle amenities.","High scope for private clinics, specialized child education academies, organic grocery stores, boutique cafes, and premium salon services.",2,Saturated Market (Premium Metro),164.72,48.72,42.0
Mumbai Suburban,Malad,Malad East,131.95,205.23,274.52,81.62,18.38,92.65,1,Prime Metropolitan Urban Suburb,"Malad East is a high-demand metropolitan residential and commercial zone featuring high disposable incomes, dense transit connectivity, and modern lifestyle amenities.","High scope for private clinics, specialized child education academies, organic grocery stores, boutique cafes, and premium salon services.",2,Saturated Market (Premium Metro),187.37,55.42,42.0
Mumbai Suburban,Malad,Mindspace,55.3,85.35,124.99,78.72,21.28,40.88,1,Tech & Corporate IT Corridor,"Mindspace is a premier technology and corporate employment center hosting multinational software companies, modern business towers, and a high-density professional workforce.","High scope for managed co-living spaces, corporate catering, 24/7 cloud kitchens, executive gyms, and electric vehicle charging infrastructure.",0,Developing Market (Mid Tier),78.53,23.23,42.0
Mumbai Suburban,Malad,Orlem,101.89,151.66,209.2,75.35,24.65,76.48,1,Prime Metropolitan Urban Suburb,"Orlem is a high-demand metropolitan residential and commercial zone featuring high disposable incomes, dense transit connectivity, and modern lifestyle amenities.","High scope for private clinics, specialized child education academies, organic grocery stores, boutique cafes, and premium salon services.",2,Saturated Market (Premium Metro),144.68,42.79,42.0
Mumbai Suburban,Malad,Dindoshi,131.83,198.71,306.56,84.49,15.51,91.21,1,Prime Metropolitan Urban Suburb,"Dindoshi is a high-demand metropolitan residential and commercial zone featuring high disposable incomes, dense transit connectivity, and modern lifestyle amenities.","High scope for private clinics, specialized child education academies, organic grocery stores, boutique cafes, and premium salon services.",2,Saturated Market (Premium Metro),187.2,55.37,42.0
Mumbai Suburban,Malad,Marve,65.83,96.73,154.48,88.33,11.67,49.3,1,Prime Metropolitan Urban Suburb,"Marve is a high-demand metropolitan residential and commercial zone featuring high disposable incomes, dense transit connectivity, and modern lifestyle amenities.","High scope for private clinics, specialized child education academies, organic grocery stores, boutique cafes, and premium salon services.",2,Saturated Market (Premium Metro),93.48,27.65,42.0
Mumbai Suburban,Malad,Madh,131.41,191.02,280.21,75.85,24.15,97.56,1,Prime Metropolitan Urban Suburb,"Madh is a high-demand metropolitan residential and commercial zone featuring high disposable incomes, dense transit connectivity, and modern lifestyle amenities.","High scope for private clinics, specialized child education academies, organic grocery stores, boutique cafes, and premium salon services.",2,Saturated Market (Premium Metro),186.6,55.19,42.0
Mumbai Suburban,Mulund,Mulund West,130.15,193.28,293.46,76.78,23.22,98.18,1,Prime Metropolitan Urban Suburb,"Mulund West is a high-demand metropolitan residential and commercial zone featuring high disposable incomes, dense transit connectivity, and modern lifestyle amenities.","High scope for private clinics, specialized child education academies, organic grocery stores, boutique cafes, and premium salon services.",2,Saturated Market (Premium Metro),184.81,54.66,42.0
Mumbai Suburban,Mulund,Mulund East,128.49,202.53,297.78,89.87,10.13,87.63,1,Prime Metropolitan Urban Suburb,"Mulund East is a high-demand metropolitan residential and commercial zone featuring high disposable incomes, dense transit connectivity, and modern lifestyle amenities.","High scope for private clinics, specialized child education academies, organic grocery stores, boutique cafes, and premium salon services.",2,Saturated Market (Premium Metro),182.46,53.97,42.0
Mumbai Suburban,Mulund,Bhandup West,117.61,173.26,277.23,88.44,11.56,88.1,1,Prime Metropolitan Urban Suburb,"Bhandup West is a high-demand metropolitan residential and commercial zone featuring high disposable incomes, dense transit connectivity, and modern lifestyle amenities.","High scope for private clinics, specialized child education academies, organic grocery stores, boutique cafes, and premium salon services.",2,Saturated Market (Premium Metro),167.01,49.4,42.0
Mumbai Suburban,Mulund,Nahur,123.91,181.24,286.21,75.95,24.05,92.9,1,Prime Metropolitan Urban Suburb,"Nahur is a high-demand metropolitan residential and commercial zone featuring high disposable incomes, dense transit connectivity, and modern lifestyle amenities.","High scope for private clinics, specialized child education academies, organic grocery stores, boutique cafes, and premium salon services.",2,Saturated Market (Premium Metro),175.95,52.04,42.0
Mumbai Suburban,Mulund,Kanjurmarg East,127.98,186.29,296.85,82.29,17.71,90.15,1,Prime Metropolitan Urban Suburb,"Kanjurmarg East is a high-demand metropolitan residential and commercial zone featuring high disposable incomes, dense transit connectivity, and modern lifestyle amenities.","High scope for private clinics, specialized child education academies, organic grocery stores, boutique cafes, and premium salon services.",2,Saturated Market (Premium Metro),181.73,53.75,42.0
Mumbai Suburban,Mulund,Vikhroli West,122.6,178.56,252.29,77.48,22.52,86.59,1,Prime Metropolitan Urban Suburb,"Vikhroli West is a high-demand metropolitan residential and commercial zone featuring high disposable incomes, dense transit connectivity, and modern lifestyle amenities.","High scope for private clinics, specialized child education academies, organic grocery stores, boutique cafes, and premium salon services.",2,Saturated Market (Premium Metro),174.09,51.49,42.0
Thane,Thane City,Ghodbunder Road,64.57,101.68,138.32,80.83,19.17,45.97,2,Growing Tier-2 Urban Center,"Ghodbunder Road is an emerging urban locality experiencing rapid residential construction, infrastructure modernization, and an influx of middle-income families.","Prime scope for supermarket franchises, two-wheeler dealerships, family apparel retail, coaching classes, and diagnostic medical labs.",2,Saturated Market (Premium Metro),91.69,27.12,42.0
Thane,Thane City,Majiwada,69.25,104.28,163.43,70.31,29.69,52.47,2,Growing Tier-2 Urban Center,"Majiwada is an emerging urban locality experiencing rapid residential construction, infrastructure modernization, and an influx of middle-income families.","Prime scope for supermarket franchises, two-wheeler dealerships, family apparel retail, coaching classes, and diagnostic medical labs.",2,Saturated Market (Premium Metro),98.34,29.09,42.0
Thane,Thane City,Naupada,37.14,58.46,79.39,70.17,29.83,26.55,2,Growing Tier-2 Urban Center,"Naupada is an emerging urban locality experiencing rapid residential construction, infrastructure modernization, and an influx of middle-income families.","Prime scope for supermarket franchises, two-wheeler dealerships, family apparel retail, coaching classes, and diagnostic medical labs.",0,Developing Market (Mid Tier),52.74,15.6,42.0
Thane,Thane City,Wagle Estate,59.14,86.95,133.07,78.23,21.77,42.04,2,Growing Tier-2 Urban Center,"Wagle Estate is an emerging urban locality experiencing rapid residential construction, infrastructure modernization, and an influx of middle-income families.","Prime scope for supermarket franchises, two-wheeler dealerships, family apparel retail, coaching classes, and diagnostic medical labs.",2,Saturated Market (Premium Metro),83.98,24.84,42.0
Thane,Thane City,Kolshet,53.06,77.51,121.18,68.03,31.97,40.01,2,Growing Tier-2 Urban Center,"Kolshet is an emerging urban locality experiencing rapid residential construction, infrastructure modernization, and an influx of middle-income families.","Prime scope for supermarket franchises, two-wheeler dealerships, family apparel retail, coaching classes, and diagnostic medical labs.",0,Developing Market (Mid Tier),75.35,22.29,42.0
Thane,Thane City,Vartak Nagar,51.54,79.12,118.28,81.41,18.59,36.55,2,Growing Tier-2 Urban Center,"Vartak Nagar is an emerging urban locality experiencing rapid residential construction, infrastructure modernization, and an influx of middle-income families.","Prime scope for supermarket franchises, two-wheeler dealerships, family apparel retail, coaching classes, and diagnostic medical labs.",0,Developing Market (Mid Tier),73.19,21.65,42.0
Thane,Thane City,Panchpakhadi,32.8,50.06,70.81,74.28,25.72,24.53,2,Growing Tier-2 Urban Center,"Panchpakhadi is an emerging urban locality experiencing rapid residential construction, infrastructure modernization, and an influx of middle-income families.","Prime scope for supermarket franchises, two-wheeler dealerships, family apparel retail, coaching classes, and diagnostic medical labs.",0,Developing Market (Mid Tier),46.58,13.78,42.0
Thane,Thane City,Hiranandani Estate,58.79,86.31,126.52,76.17,23.83,41.87,2,Growing Tier-2 Urban Center,"Hiranandani Estate is an emerging urban locality experiencing rapid residential construction, infrastructure modernization, and an influx of middle-income families.","Prime scope for supermarket franchises, two-wheeler dealerships, family apparel retail, coaching classes, and diagnostic medical labs.",2,Saturated Market (Premium Metro),83.48,24.69,42.0
Thane,Thane City,Kasarvadavali,41.83,60.25,91.56,86.81,13.19,30.71,2,Growing Tier-2 Urban Center,"Kasarvadavali is an emerging urban locality experiencing rapid residential construction, infrastructure modernization, and an influx of middle-income families.","Prime scope for supermarket franchises, two-wheeler dealerships, family apparel retail, coaching classes, and diagnostic medical labs.",0,Developing Market (Mid Tier),59.4,17.57,42.0
Thane,Kalyan,Kalyan West,66.11,100.39,142.09,78.96,21.04,44.96,2,Growing Tier-2 Urban Center,"Kalyan West is an emerging urban locality experiencing rapid residential construction, infrastructure modernization, and an influx of middle-income families.","Prime scope for supermarket franchises, two-wheeler dealerships, family apparel retail, coaching classes, and diagnostic medical labs.",2,Saturated Market (Premium Metro),93.88,27.77,42.0
Thane,Kalyan,Kalyan East,41.48,61.75,92.97,81.09,18.91,29.75,2,Growing Tier-2 Urban Center,"Kalyan East is an emerging urban locality experiencing rapid residential construction, infrastructure modernization, and an influx of middle-income families.","Prime scope for supermarket franchises, two-wheeler dealerships, family apparel retail, coaching classes, and diagnostic medical labs.",0,Developing Market (Mid Tier),58.9,17.42,42.0
Thane,Kalyan,Khadakpada,47.69,69.35,105.21,86.02,13.98,35.47,2,Growing Tier-2 Urban Center,"Khadakpada is an emerging urban locality experiencing rapid residential construction, infrastructure modernization, and an influx of middle-income families.","Prime scope for supermarket franchises, two-wheeler dealerships, family apparel retail, coaching classes, and diagnostic medical labs.",0,Developing Market (Mid Tier),67.72,20.03,42.0
Thane,Kalyan,Chikanghar,36.79,52.74,81.68,80.66,19.34,26.0,2,Growing Tier-2 Urban Center,"Chikanghar is an emerging urban locality experiencing rapid residential construction, infrastructure modernization, and an influx of middle-income families.","Prime scope for supermarket franchises, two-wheeler dealerships, family apparel retail, coaching classes, and diagnostic medical labs.",0,Developing Market (Mid Tier),52.24,15.45,42.0
Thane,Kalyan,Gandhar Nagar,62.74,96.63,142.55,72.49,27.51,43.66,2,Growing Tier-2 Urban Center,"Gandhar Nagar is an emerging urban locality experiencing rapid residential construction, infrastructure modernization, and an influx of middle-income families.","Prime scope for supermarket franchises, two-wheeler dealerships, family apparel retail, coaching classes, and diagnostic medical labs.",2,Saturated Market (Premium Metro),89.09,26.35,42.0
Thane,Kalyan,Tisgaon,30.98,45.21,68.37,84.99,15.01,21.25,2,Growing Tier-2 Urban Center,"Tisgaon is an emerging urban locality experiencing rapid residential construction, infrastructure modernization, and an influx of middle-income families.","Prime scope for supermarket franchises, two-wheeler dealerships, family apparel retail, coaching classes, and diagnostic medical labs.",0,Developing Market (Mid Tier),43.99,13.01,42.0
Thane,Kalyan,Kolsewadi,46.58,70.84,98.48,81.93,18.07,33.52,2,Growing Tier-2 Urban Center,"Kolsewadi is an emerging urban locality experiencing rapid residential construction, infrastructure modernization, and an influx of middle-income families.","Prime scope for supermarket franchises, two-wheeler dealerships, family apparel retail, coaching classes, and diagnostic medical labs.",0,Developing Market (Mid Tier),66.14,19.56,42.0
Thane,Dombivli,Dombivli East,39.76,60.63,81.58,83.02,16.98,29.49,2,Growing Tier-2 Urban Center,"Dombivli East is an emerging urban locality experiencing rapid residential construction, infrastructure modernization, and an influx of middle-income families.","Prime scope for supermarket franchises, two-wheeler dealerships, family apparel retail, coaching classes, and diagnostic medical labs.",0,Developing Market (Mid Tier),56.46,16.7,42.0
Thane,Dombivli,Dombivli West,34.26,50.98,72.22,87.16,12.84,24.72,2,Growing Tier-2 Urban Center,"Dombivli West is an emerging urban locality experiencing rapid residential construction, infrastructure modernization, and an influx of middle-income families.","Prime scope for supermarket franchises, two-wheeler dealerships, family apparel retail, coaching classes, and diagnostic medical labs.",0,Developing Market (Mid Tier),48.65,14.39,42.0
Thane,Dombivli,Lodha Palava,32.01,46.73,74.58,77.13,22.87,23.82,2,Growing Tier-2 Urban Center,"Lodha Palava is an emerging urban locality experiencing rapid residential construction, infrastructure modernization, and an influx of middle-income families.","Prime scope for supermarket franchises, two-wheeler dealerships, family apparel retail, coaching classes, and diagnostic medical labs.",0,Developing Market (Mid Tier),45.45,13.44,42.0
Thane,Dombivli,MIDC Dombivli,56.7,89.48,127.38,87.0,13.0,42.6,2,Industrial & Automotive MIDC,"MIDC Dombivli is a planned industrial manufacturing ecosystem supporting heavy engineering, automotive assembly, chemical plants, and precision component fabrication.","Robust scope for industrial hardware supply, scrap recycling, contractual worker transport, industrial safety gear, and CNC tooling services.",2,Saturated Market (Premium Metro),80.51,23.81,42.0
Thane,Dombivli,Manpada,54.51,83.68,120.83,84.61,15.39,39.46,2,Growing Tier-2 Urban Center,"Manpada is an emerging urban locality experiencing rapid residential construction, infrastructure modernization, and an influx of middle-income families.","Prime scope for supermarket franchises, two-wheeler dealerships, family apparel retail, coaching classes, and diagnostic medical labs.",2,Saturated Market (Premium Metro),77.4,22.89,42.0
Thane,Dombivli,Kopar,65.89,101.4,145.4,73.18,26.82,46.11,2,Growing Tier-2 Urban Center,"Kopar is an emerging urban locality experiencing rapid residential construction, infrastructure modernization, and an influx of middle-income families.","Prime scope for supermarket franchises, two-wheeler dealerships, family apparel retail, coaching classes, and diagnostic medical labs.",2,Saturated Market (Premium Metro),93.56,27.67,42.0
Thane,Bhiwandi,Bhiwandi Town,55.51,85.63,123.34,80.53,19.47,38.97,2,Logistics & Warehousing Corridor,"Bhiwandi Town forms part of Maharashtra's crucial logistics and container transit artery, directly serving multi-modal freight corridors, seaports, and e-commerce distribution warehouses.","Tremendous scope for logistics automation, 3PL fulfillment centers, commercial heavy vehicle repairs, and truck driver amenities.",2,Saturated Market (Premium Metro),78.82,23.31,42.0
Thane,Bhiwandi,Padgha,33.1,48.52,70.82,74.39,25.61,23.94,2,Logistics & Warehousing Corridor,"Padgha forms part of Maharashtra's crucial logistics and container transit artery, directly serving multi-modal freight corridors, seaports, and e-commerce distribution warehouses.","Tremendous scope for logistics automation, 3PL fulfillment centers, commercial heavy vehicle repairs, and truck driver amenities.",0,Developing Market (Mid Tier),47.0,13.9,42.0
Thane,Bhiwandi,Anjur Phata,35.53,51.77,80.97,82.13,17.87,24.34,2,Logistics & Warehousing Corridor,"Anjur Phata forms part of Maharashtra's crucial logistics and container transit artery, directly serving multi-modal freight corridors, seaports, and e-commerce distribution warehouses.","Tremendous scope for logistics automation, 3PL fulfillment centers, commercial heavy vehicle repairs, and truck driver amenities.",0,Developing Market (Mid Tier),50.45,14.92,42.0
Thane,Bhiwandi,Dapode,46.3,69.77,101.27,72.14,27.86,33.04,2,Logistics & Warehousing Corridor,"Dapode forms part of Maharashtra's crucial logistics and container transit artery, directly serving multi-modal freight corridors, seaports, and e-commerce distribution warehouses.","Tremendous scope for logistics automation, 3PL fulfillment centers, commercial heavy vehicle repairs, and truck driver amenities.",0,Developing Market (Mid Tier),65.75,19.45,42.0
Thane,Bhiwandi,Sonale,66.19,100.18,150.88,85.13,14.87,49.06,2,Logistics & Warehousing Corridor,"Sonale forms part of Maharashtra's crucial logistics and container transit artery, directly serving multi-modal freight corridors, seaports, and e-commerce distribution warehouses.","Tremendous scope for logistics automation, 3PL fulfillment centers, commercial heavy vehicle repairs, and truck driver amenities.",2,Saturated Market (Premium Metro),93.99,27.8,42.0
Thane,Bhiwandi,Kasheli,45.22,64.26,97.95,83.07,16.93,33.84,2,Logistics & Warehousing Corridor,"Kasheli forms part of Maharashtra's crucial logistics and container transit artery, directly serving multi-modal freight corridors, seaports, and e-commerce distribution warehouses.","Tremendous scope for logistics automation, 3PL fulfillment centers, commercial heavy vehicle repairs, and truck driver amenities.",0,Developing Market (Mid Tier),64.21,18.99,42.0
Thane,Bhiwandi,Khoni,68.14,101.33,156.5,78.92,21.08,49.62,2,Logistics & Warehousing Corridor,"Khoni forms part of Maharashtra's crucial logistics and container transit artery, directly serving multi-modal freight corridors, seaports, and e-commerce distribution warehouses.","Tremendous scope for logistics automation, 3PL fulfillment centers, commercial heavy vehicle repairs, and truck driver amenities.",2,Saturated Market (Premium Metro),96.76,28.62,42.0
Thane,Bhiwandi,Rahnal,38.82,56.49,85.16,68.58,31.42,27.44,2,Logistics & Warehousing Corridor,"Rahnal forms part of Maharashtra's crucial logistics and container transit artery, directly serving multi-modal freight corridors, seaports, and e-commerce distribution warehouses.","Tremendous scope for logistics automation, 3PL fulfillment centers, commercial heavy vehicle repairs, and truck driver amenities.",0,Developing Market (Mid Tier),55.12,16.3,42.0
Thane,Ulhasnagar,Camp 1,57.17,84.88,120.31,77.35,22.65,39.46,2,Growing Tier-2 Urban Center,"Camp 1 is an emerging urban locality experiencing rapid residential construction, infrastructure modernization, and an influx of middle-income families.","Prime scope for supermarket franchises, two-wheeler dealerships, family apparel retail, coaching classes, and diagnostic medical labs.",0,Developing Market (Mid Tier),81.18,24.01,42.0
Thane,Ulhasnagar,Camp 2,54.89,78.18,119.66,79.29,20.71,37.44,2,Growing Tier-2 Urban Center,"Camp 2 is an emerging urban locality experiencing rapid residential construction, infrastructure modernization, and an influx of middle-income families.","Prime scope for supermarket franchises, two-wheeler dealerships, family apparel retail, coaching classes, and diagnostic medical labs.",0,Developing Market (Mid Tier),77.94,23.05,42.0
Thane,Ulhasnagar,Camp 3,55.71,80.32,122.69,69.01,30.99,39.57,2,Growing Tier-2 Urban Center,"Camp 3 is an emerging urban locality experiencing rapid residential construction, infrastructure modernization, and an influx of middle-income families.","Prime scope for supermarket franchises, two-wheeler dealerships, family apparel retail, coaching classes, and diagnostic medical labs.",0,Developing Market (Mid Tier),79.11,23.4,42.0
Thane,Ulhasnagar,Camp 4,38.47,56.64,88.53,75.58,24.42,28.47,2,Growing Tier-2 Urban Center,"Camp 4 is an emerging urban locality experiencing rapid residential construction, infrastructure modernization, and an influx of middle-income families.","Prime scope for supermarket franchises, two-wheeler dealerships, family apparel retail, coaching classes, and diagnostic medical labs.",0,Developing Market (Mid Tier),54.63,16.16,42.0
Thane,Ulhasnagar,Camp 5,63.28,92.41,131.43,68.39,31.61,45.76,2,Growing Tier-2 Urban Center,"Camp 5 is an emerging urban locality experiencing rapid residential construction, infrastructure modernization, and an influx of middle-income families.","Prime scope for supermarket franchises, two-wheeler dealerships, family apparel retail, coaching classes, and diagnostic medical labs.",0,Developing Market (Mid Tier),89.86,26.58,42.0
Thane,Ulhasnagar,Shahad,70.0,103.32,158.52,83.62,16.38,51.25,2,Growing Tier-2 Urban Center,"Shahad is an emerging urban locality experiencing rapid residential construction, infrastructure modernization, and an influx of middle-income families.","Prime scope for supermarket franchises, two-wheeler dealerships, family apparel retail, coaching classes, and diagnostic medical labs.",2,Saturated Market (Premium Metro),99.4,29.4,42.0
Thane,Ulhasnagar,Vithalwadi,60.17,94.58,127.31,68.41,31.59,41.65,2,Growing Tier-2 Urban Center,"Vithalwadi is an emerging urban locality experiencing rapid residential construction, infrastructure modernization, and an influx of middle-income families.","Prime scope for supermarket franchises, two-wheeler dealerships, family apparel retail, coaching classes, and diagnostic medical labs.",0,Developing Market (Mid Tier),85.44,25.27,42.0
Thane,Ambernath,Ambernath East,35.05,53.53,78.38,72.36,27.64,25.8,2,Growing Tier-2 Urban Center,"Ambernath East is an emerging urban locality experiencing rapid residential construction, infrastructure modernization, and an influx of middle-income families.","Prime scope for supermarket franchises, two-wheeler dealerships, family apparel retail, coaching classes, and diagnostic medical labs.",0,Developing Market (Mid Tier),49.77,14.72,42.0
Thane,Ambernath,Ambernath West,60.68,87.79,136.55,82.96,17.04,41.82,2,Growing Tier-2 Urban Center,"Ambernath West is an emerging urban locality experiencing rapid residential construction, infrastructure modernization, and an influx of middle-income families.","Prime scope for supermarket franchises, two-wheeler dealerships, family apparel retail, coaching classes, and diagnostic medical labs.",2,Saturated Market (Premium Metro),86.17,25.49,42.0
Thane,Ambernath,Morivali MIDC,62.77,98.82,130.92,68.51,31.49,44.25,2,Industrial & Automotive MIDC,"Morivali MIDC is a planned industrial manufacturing ecosystem supporting heavy engineering, automotive assembly, chemical plants, and precision component fabrication.","Robust scope for industrial hardware supply, scrap recycling, contractual worker transport, industrial safety gear, and CNC tooling services.",0,Developing Market (Mid Tier),89.13,26.36,42.0
Thane,Ambernath,Chikloli,57.09,89.82,124.51,82.3,17.7,39.17,2,Growing Tier-2 Urban Center,"Chikloli is an emerging urban locality experiencing rapid residential construction, infrastructure modernization, and an influx of middle-income families.","Prime scope for supermarket franchises, two-wheeler dealerships, family apparel retail, coaching classes, and diagnostic medical labs.",2,Saturated Market (Premium Metro),81.07,23.98,42.0
Thane,Ambernath,Kansai,57.62,87.6,120.06,83.45,16.55,43.1,2,Growing Tier-2 Urban Center,"Kansai is an emerging urban locality experiencing rapid residential construction, infrastructure modernization, and an influx of middle-income families.","Prime scope for supermarket franchises, two-wheeler dealerships, family apparel retail, coaching classes, and diagnostic medical labs.",2,Saturated Market (Premium Metro),81.82,24.2,42.0
Thane,Badlapur,Badlapur East,54.02,77.75,128.28,83.65,16.35,38.23,2,Growing Tier-2 Urban Center,"Badlapur East is an emerging urban locality experiencing rapid residential construction, infrastructure modernization, and an influx of middle-income families.","Prime scope for supermarket franchises, two-wheeler dealerships, family apparel retail, coaching classes, and diagnostic medical labs.",2,Saturated Market (Premium Metro),76.71,22.69,42.0
Thane,Badlapur,Badlapur West,47.14,69.73,104.51,74.82,25.18,35.26,2,Growing Tier-2 Urban Center,"Badlapur West is an emerging urban locality experiencing rapid residential construction, infrastructure modernization, and an influx of middle-income families.","Prime scope for supermarket franchises, two-wheeler dealerships, family apparel retail, coaching classes, and diagnostic medical labs.",0,Developing Market (Mid Tier),66.94,19.8,42.0
Thane,Badlapur,Katrap,62.89,90.37,148.86,80.71,19.29,46.93,2,Growing Tier-2 Urban Center,"Katrap is an emerging urban locality experiencing rapid residential construction, infrastructure modernization, and an influx of middle-income families.","Prime scope for supermarket franchises, two-wheeler dealerships, family apparel retail, coaching classes, and diagnostic medical labs.",2,Saturated Market (Premium Metro),89.3,26.41,42.0
Thane,Badlapur,Kulgaon,58.29,86.83,133.61,87.31,12.69,40.9,2,Growing Tier-2 Urban Center,"Kulgaon is an emerging urban locality experiencing rapid residential construction, infrastructure modernization, and an influx of middle-income families.","Prime scope for supermarket franchises, two-wheeler dealerships, family apparel retail, coaching classes, and diagnostic medical labs.",2,Saturated Market (Premium Metro),82.77,24.48,42.0
Thane,Badlapur,Manjarli,62.33,93.88,137.72,76.71,23.29,46.03,2,Growing Tier-2 Urban Center,"Manjarli is an emerging urban locality experiencing rapid residential construction, infrastructure modernization, and an influx of middle-income families.","Prime scope for supermarket franchises, two-wheeler dealerships, family apparel retail, coaching classes, and diagnostic medical labs.",2,Saturated Market (Premium Metro),88.51,26.18,42.0
Thane,Badlapur,Shirgaon,40.74,63.4,94.69,69.73,30.27,30.58,2,Growing Tier-2 Urban Center,"Shirgaon is an emerging urban locality experiencing rapid residential construction, infrastructure modernization, and an influx of middle-income families.","Prime scope for supermarket franchises, two-wheeler dealerships, family apparel retail, coaching classes, and diagnostic medical labs.",0,Developing Market (Mid Tier),57.85,17.11,42.0
Thane,Murbad,Murbad Town,39.75,59.4,89.49,75.58,24.42,27.12,2,Growing Tier-2 Urban Center,"Murbad Town is an emerging urban locality experiencing rapid residential construction, infrastructure modernization, and an influx of middle-income families.","Prime scope for supermarket franchises, two-wheeler dealerships, family apparel retail, coaching classes, and diagnostic medical labs.",0,Developing Market (Mid Tier),56.45,16.7,42.0
Thane,Murbad,Tokawade,64.04,92.8,135.76,83.96,16.04,45.29,2,Growing Tier-2 Urban Center,"Tokawade is an emerging urban locality experiencing rapid residential construction, infrastructure modernization, and an influx of middle-income families.","Prime scope for supermarket franchises, two-wheeler dealerships, family apparel retail, coaching classes, and diagnostic medical labs.",2,Saturated Market (Premium Metro),90.94,26.9,42.0
Thane,Murbad,Shenwa,65.21,99.91,139.63,68.2,31.8,49.29,2,Growing Tier-2 Urban Center,"Shenwa is an emerging urban locality experiencing rapid residential construction, infrastructure modernization, and an influx of middle-income families.","Prime scope for supermarket franchises, two-wheeler dealerships, family apparel retail, coaching classes, and diagnostic medical labs.",0,Developing Market (Mid Tier),92.6,27.39,42.0
Thane,Murbad,Dehrang,33.42,51.31,73.9,83.16,16.84,24.57,2,Growing Tier-2 Urban Center,"Dehrang is an emerging urban locality experiencing rapid residential construction, infrastructure modernization, and an influx of middle-income families.","Prime scope for supermarket franchises, two-wheeler dealerships, family apparel retail, coaching classes, and diagnostic medical labs.",0,Developing Market (Mid Tier),47.46,14.04,42.0
Thane,Murbad,Malshej,55.84,83.68,129.08,69.86,30.14,38.96,2,Growing Tier-2 Urban Center,"Malshej is an emerging urban locality experiencing rapid residential construction, infrastructure modernization, and an influx of middle-income families.","Prime scope for supermarket franchises, two-wheeler dealerships, family apparel retail, coaching classes, and diagnostic medical labs.",0,Developing Market (Mid Tier),79.29,23.45,42.0
Thane,Murbad,Kishor,57.67,84.72,129.29,77.47,22.53,41.67,2,Growing Tier-2 Urban Center,"Kishor is an emerging urban locality experiencing rapid residential construction, infrastructure modernization, and an influx of middle-income families.","Prime scope for supermarket franchises, two-wheeler dealerships, family apparel retail, coaching classes, and diagnostic medical labs.",2,Saturated Market (Premium Metro),81.89,24.22,42.0
Thane,Murbad,Saralgaon,47.02,72.38,101.52,82.06,17.94,32.99,2,Growing Tier-2 Urban Center,"Saralgaon is an emerging urban locality experiencing rapid residential construction, infrastructure modernization, and an influx of middle-income families.","Prime scope for supermarket franchises, two-wheeler dealerships, family apparel retail, coaching classes, and diagnostic medical labs.",0,Developing Market (Mid Tier),66.77,19.75,42.0
Thane,Shahapur,Shahapur Town,40.06,57.66,84.67,70.39,29.61,28.96,2,Growing Tier-2 Urban Center,"Shahapur Town is an emerging urban locality experiencing rapid residential construction, infrastructure modernization, and an influx of middle-income families.","Prime scope for supermarket franchises, two-wheeler dealerships, family apparel retail, coaching classes, and diagnostic medical labs.",0,Developing Market (Mid Tier),56.89,16.83,42.0
Thane,Shahapur,Asangaon,60.49,87.69,128.32,77.68,22.32,44.64,2,Growing Tier-2 Urban Center,"Asangaon is an emerging urban locality experiencing rapid residential construction, infrastructure modernization, and an influx of middle-income families.","Prime scope for supermarket franchises, two-wheeler dealerships, family apparel retail, coaching classes, and diagnostic medical labs.",2,Saturated Market (Premium Metro),85.9,25.41,42.0
Thane,Shahapur,Atgaon,69.06,103.86,148.02,70.01,29.99,48.03,2,Growing Tier-2 Urban Center,"Atgaon is an emerging urban locality experiencing rapid residential construction, infrastructure modernization, and an influx of middle-income families.","Prime scope for supermarket franchises, two-wheeler dealerships, family apparel retail, coaching classes, and diagnostic medical labs.",2,Saturated Market (Premium Metro),98.07,29.01,42.0
Thane,Shahapur,Khardi,39.1,56.64,80.34,78.68,21.32,27.45,2,Growing Tier-2 Urban Center,"Khardi is an emerging urban locality experiencing rapid residential construction, infrastructure modernization, and an influx of middle-income families.","Prime scope for supermarket franchises, two-wheeler dealerships, family apparel retail, coaching classes, and diagnostic medical labs.",0,Developing Market (Mid Tier),55.52,16.42,42.0
Thane,Shahapur,Vashind,68.97,104.04,157.26,70.53,29.47,51.69,2,Growing Tier-2 Urban Center,"Vashind is an emerging urban locality experiencing rapid residential construction, infrastructure modernization, and an influx of middle-income families.","Prime scope for supermarket franchises, two-wheeler dealerships, family apparel retail, coaching classes, and diagnostic medical labs.",2,Saturated Market (Premium Metro),97.94,28.97,42.0
Thane,Shahapur,Dolkhamb,49.64,77.42,111.17,77.39,22.61,35.5,2,Growing Tier-2 Urban Center,"Dolkhamb is an emerging urban locality experiencing rapid residential construction, infrastructure modernization, and an influx of middle-income families.","Prime scope for supermarket franchises, two-wheeler dealerships, family apparel retail, coaching classes, and diagnostic medical labs.",0,Developing Market (Mid Tier),70.49,20.85,42.0
Thane,Shahapur,Kinhavali,37.37,53.37,88.21,77.55,22.45,27.87,2,Growing Tier-2 Urban Center,"Kinhavali is an emerging urban locality experiencing rapid residential construction, infrastructure modernization, and an influx of middle-income families.","Prime scope for supermarket franchises, two-wheeler dealerships, family apparel retail, coaching classes, and diagnostic medical labs.",0,Developing Market (Mid Tier),53.07,15.7,42.0
Palghar,Palghar,Palghar Station,32.82,46.99,74.1,63.07,36.93,22.71,2,Growing Tier-2 Urban Center,"Palghar Station is an emerging urban locality experiencing rapid residential construction, infrastructure modernization, and an influx of middle-income families.","Prime scope for supermarket franchises, two-wheeler dealerships, family apparel retail, coaching classes, and diagnostic medical labs.",1,High Opportunity (Affordable / High Upside),46.6,13.78,42.0
Palghar,Palghar,Boisar MIDC,38.01,55.82,90.39,64.37,35.63,28.17,2,Industrial & Automotive MIDC,"Boisar MIDC is a planned industrial manufacturing ecosystem supporting heavy engineering, automotive assembly, chemical plants, and precision component fabrication.","Robust scope for industrial hardware supply, scrap recycling, contractual worker transport, industrial safety gear, and CNC tooling services.",1,High Opportunity (Affordable / High Upside),53.97,15.96,42.0
Palghar,Palghar,Tarapur,39.4,60.93,83.7,72.45,27.55,28.21,2,Growing Tier-2 Urban Center,"Tarapur is an emerging urban locality experiencing rapid residential construction, infrastructure modernization, and an influx of middle-income families.","Prime scope for supermarket franchises, two-wheeler dealerships, family apparel retail, coaching classes, and diagnostic medical labs.",0,Developing Market (Mid Tier),55.95,16.55,42.0
Palghar,Palghar,Kelve Road,34.17,53.22,81.21,68.11,31.89,24.93,2,Growing Tier-2 Urban Center,"Kelve Road is an emerging urban locality experiencing rapid residential construction, infrastructure modernization, and an influx of middle-income families.","Prime scope for supermarket franchises, two-wheeler dealerships, family apparel retail, coaching classes, and diagnostic medical labs.",1,High Opportunity (Affordable / High Upside),48.52,14.35,42.0
Palghar,Palghar,Saphale,39.51,60.78,93.35,66.16,33.84,27.53,2,Growing Tier-2 Urban Center,"Saphale is an emerging urban locality experiencing rapid residential construction, infrastructure modernization, and an influx of middle-income families.","Prime scope for supermarket franchises, two-wheeler dealerships, family apparel retail, coaching classes, and diagnostic medical labs.",1,High Opportunity (Affordable / High Upside),56.1,16.59,42.0
Palghar,Palghar,Manor,41.13,59.44,86.68,63.5,36.5,27.98,2,Growing Tier-2 Urban Center,"Manor is an emerging urban locality experiencing rapid residential construction, infrastructure modernization, and an influx of middle-income families.","Prime scope for supermarket franchises, two-wheeler dealerships, family apparel retail, coaching classes, and diagnostic medical labs.",1,High Opportunity (Affordable / High Upside),58.4,17.27,42.0
Palghar,Palghar,Shirgaon,34.42,52.15,73.87,66.63,33.37,25.35,2,Growing Tier-2 Urban Center,"Shirgaon is an emerging urban locality experiencing rapid residential construction, infrastructure modernization, and an influx of middle-income families.","Prime scope for supermarket franchises, two-wheeler dealerships, family apparel retail, coaching classes, and diagnostic medical labs.",1,High Opportunity (Affordable / High Upside),48.88,14.46,42.0
Palghar,Palghar,Alyali,42.5,63.44,96.77,80.48,19.52,31.58,2,Growing Tier-2 Urban Center,"Alyali is an emerging urban locality experiencing rapid residential construction, infrastructure modernization, and an influx of middle-income families.","Prime scope for supermarket franchises, two-wheeler dealerships, family apparel retail, coaching classes, and diagnostic medical labs.",0,Developing Market (Mid Tier),60.35,17.85,42.0
Palghar,Vasai,Vasai West,40.0,61.03,94.32,70.5,29.5,28.94,2,Growing Tier-2 Urban Center,"Vasai West is an emerging urban locality experiencing rapid residential construction, infrastructure modernization, and an influx of middle-income families.","Prime scope for supermarket franchises, two-wheeler dealerships, family apparel retail, coaching classes, and diagnostic medical labs.",0,Developing Market (Mid Tier),56.8,16.8,42.0
Palghar,Vasai,Vasai East,40.72,63.74,94.58,63.43,36.57,28.23,2,Growing Tier-2 Urban Center,"Vasai East is an emerging urban locality experiencing rapid residential construction, infrastructure modernization, and an influx of middle-income families.","Prime scope for supermarket franchises, two-wheeler dealerships, family apparel retail, coaching classes, and diagnostic medical labs.",1,High Opportunity (Affordable / High Upside),57.82,17.1,42.0
Palghar,Vasai,Virar West,29.84,45.95,66.78,67.77,32.23,20.59,2,Growing Tier-2 Urban Center,"Virar West is an emerging urban locality experiencing rapid residential construction, infrastructure modernization, and an influx of middle-income families.","Prime scope for supermarket franchises, two-wheeler dealerships, family apparel retail, coaching classes, and diagnostic medical labs.",1,High Opportunity (Affordable / High Upside),42.37,12.53,42.0
Palghar,Vasai,Virar East,42.04,64.4,99.26,72.01,27.99,30.25,2,Growing Tier-2 Urban Center,"Virar East is an emerging urban locality experiencing rapid residential construction, infrastructure modernization, and an influx of middle-income families.","Prime scope for supermarket franchises, two-wheeler dealerships, family apparel retail, coaching classes, and diagnostic medical labs.",0,Developing Market (Mid Tier),59.7,17.66,42.0
Palghar,Vasai,Nalasopara West,22.57,32.19,49.49,68.45,31.55,15.8,2,Growing Tier-2 Urban Center,"Nalasopara West is an emerging urban locality experiencing rapid residential construction, infrastructure modernization, and an influx of middle-income families.","Prime scope for supermarket franchises, two-wheeler dealerships, family apparel retail, coaching classes, and diagnostic medical labs.",1,High Opportunity (Affordable / High Upside),32.05,9.48,42.0
Palghar,Vasai,Nallasopara East,22.92,36.07,53.31,73.5,26.5,17.33,2,Growing Tier-2 Urban Center,"Nallasopara East is an emerging urban locality experiencing rapid residential construction, infrastructure modernization, and an influx of middle-income families.","Prime scope for supermarket franchises, two-wheeler dealerships, family apparel retail, coaching classes, and diagnostic medical labs.",0,Developing Market (Mid Tier),32.55,9.63,42.0
Palghar,Vasai,Arnala,51.99,79.42,111.2,62.8,37.2,38.5,2,Growing Tier-2 Urban Center,"Arnala is an emerging urban locality experiencing rapid residential construction, infrastructure modernization, and an influx of middle-income families.","Prime scope for supermarket franchises, two-wheeler dealerships, family apparel retail, coaching classes, and diagnostic medical labs.",1,High Opportunity (Affordable / High Upside),73.83,21.84,42.0
Palghar,Vasai,Evershine City,35.06,53.44,82.47,65.63,34.37,25.48,2,Growing Tier-2 Urban Center,"Evershine City is an emerging urban locality experiencing rapid residential construction, infrastructure modernization, and an influx of middle-income families.","Prime scope for supermarket franchises, two-wheeler dealerships, family apparel retail, coaching classes, and diagnostic medical labs.",1,High Opportunity (Affordable / High Upside),49.79,14.73,42.0
Palghar,Dahanu,Dahanu Town,40.31,60.41,83.85,68.96,31.04,28.49,2,Growing Tier-2 Urban Center,"Dahanu Town is an emerging urban locality experiencing rapid residential construction, infrastructure modernization, and an influx of middle-income families.","Prime scope for supermarket franchises, two-wheeler dealerships, family apparel retail, coaching classes, and diagnostic medical labs.",0,Developing Market (Mid Tier),57.24,16.93,42.0
Palghar,Dahanu,Gholvad,41.44,64.53,89.46,75.87,24.13,29.13,2,Growing Tier-2 Urban Center,"Gholvad is an emerging urban locality experiencing rapid residential construction, infrastructure modernization, and an influx of middle-income families.","Prime scope for supermarket franchises, two-wheeler dealerships, family apparel retail, coaching classes, and diagnostic medical labs.",0,Developing Market (Mid Tier),58.84,17.4,42.0
Palghar,Dahanu,Bordi,50.25,77.9,112.13,71.1,28.9,35.43,2,Growing Tier-2 Urban Center,"Bordi is an emerging urban locality experiencing rapid residential construction, infrastructure modernization, and an influx of middle-income families.","Prime scope for supermarket franchises, two-wheeler dealerships, family apparel retail, coaching classes, and diagnostic medical labs.",0,Developing Market (Mid Tier),71.36,21.11,42.0
Palghar,Dahanu,Kasa,30.34,47.79,66.24,72.29,27.71,23.03,2,Growing Tier-2 Urban Center,"Kasa is an emerging urban locality experiencing rapid residential construction, infrastructure modernization, and an influx of middle-income families.","Prime scope for supermarket franchises, two-wheeler dealerships, family apparel retail, coaching classes, and diagnostic medical labs.",0,Developing Market (Mid Tier),43.08,12.74,42.0
Palghar,Dahanu,Chinchani,41.05,61.85,89.75,65.75,34.25,29.1,2,Growing Tier-2 Urban Center,"Chinchani is an emerging urban locality experiencing rapid residential construction, infrastructure modernization, and an influx of middle-income families.","Prime scope for supermarket franchises, two-wheeler dealerships, family apparel retail, coaching classes, and diagnostic medical labs.",1,High Opportunity (Affordable / High Upside),58.29,17.24,42.0
Palghar,Dahanu,Vangaon,44.21,67.2,101.72,66.07,33.93,32.01,2,Growing Tier-2 Urban Center,"Vangaon is an emerging urban locality experiencing rapid residential construction, infrastructure modernization, and an influx of middle-income families.","Prime scope for supermarket franchises, two-wheeler dealerships, family apparel retail, coaching classes, and diagnostic medical labs.",1,High Opportunity (Affordable / High Upside),62.78,18.57,42.0
Palghar,Jawhar,Jawhar Town,49.69,74.04,113.31,64.43,35.57,37.66,2,Growing Tier-2 Urban Center,"Jawhar Town is an emerging urban locality experiencing rapid residential construction, infrastructure modernization, and an influx of middle-income families.","Prime scope for supermarket franchises, two-wheeler dealerships, family apparel retail, coaching classes, and diagnostic medical labs.",1,High Opportunity (Affordable / High Upside),70.56,20.87,42.0
Palghar,Jawhar,Alyani,39.48,57.57,83.0,73.02,26.98,28.59,2,Growing Tier-2 Urban Center,"Alyani is an emerging urban locality experiencing rapid residential construction, infrastructure modernization, and an influx of middle-income families.","Prime scope for supermarket franchises, two-wheeler dealerships, family apparel retail, coaching classes, and diagnostic medical labs.",0,Developing Market (Mid Tier),56.06,16.58,42.0
Palghar,Jawhar,Dabhosa,22.98,36.28,54.03,71.23,28.77,15.84,2,Growing Tier-2 Urban Center,"Dabhosa is an emerging urban locality experiencing rapid residential construction, infrastructure modernization, and an influx of middle-income families.","Prime scope for supermarket franchises, two-wheeler dealerships, family apparel retail, coaching classes, and diagnostic medical labs.",0,Developing Market (Mid Tier),32.63,9.65,42.0
Palghar,Jawhar,Pathardi,46.63,69.93,106.62,72.18,27.82,32.73,2,Growing Tier-2 Urban Center,"Pathardi is an emerging urban locality experiencing rapid residential construction, infrastructure modernization, and an influx of middle-income families.","Prime scope for supermarket franchises, two-wheeler dealerships, family apparel retail, coaching classes, and diagnostic medical labs.",0,Developing Market (Mid Tier),66.21,19.58,42.0
Palghar,Jawhar,Khadkhad,46.71,73.65,99.51,73.03,26.97,33.2,2,Growing Tier-2 Urban Center,"Khadkhad is an emerging urban locality experiencing rapid residential construction, infrastructure modernization, and an influx of middle-income families.","Prime scope for supermarket franchises, two-wheeler dealerships, family apparel retail, coaching classes, and diagnostic medical labs.",0,Developing Market (Mid Tier),66.33,19.62,42.0
Palghar,Wada,Wada Town,49.5,74.32,115.84,79.28,20.72,34.75,2,Growing Tier-2 Urban Center,"Wada Town is an emerging urban locality experiencing rapid residential construction, infrastructure modernization, and an influx of middle-income families.","Prime scope for supermarket franchises, two-wheeler dealerships, family apparel retail, coaching classes, and diagnostic medical labs.",0,Developing Market (Mid Tier),70.29,20.79,42.0
Palghar,Wada,Kudus,45.28,67.3,106.78,72.15,27.85,33.76,2,Growing Tier-2 Urban Center,"Kudus is an emerging urban locality experiencing rapid residential construction, infrastructure modernization, and an influx of middle-income families.","Prime scope for supermarket franchises, two-wheeler dealerships, family apparel retail, coaching classes, and diagnostic medical labs.",0,Developing Market (Mid Tier),64.3,19.02,42.0
Palghar,Wada,Gandhre,29.05,42.64,65.18,81.98,18.02,20.89,2,Growing Tier-2 Urban Center,"Gandhre is an emerging urban locality experiencing rapid residential construction, infrastructure modernization, and an influx of middle-income families.","Prime scope for supermarket franchises, two-wheeler dealerships, family apparel retail, coaching classes, and diagnostic medical labs.",0,Developing Market (Mid Tier),41.25,12.2,42.0
Palghar,Wada,Khandpe,24.76,37.29,53.58,73.04,26.96,17.91,2,Growing Tier-2 Urban Center,"Khandpe is an emerging urban locality experiencing rapid residential construction, infrastructure modernization, and an influx of middle-income families.","Prime scope for supermarket franchises, two-wheeler dealerships, family apparel retail, coaching classes, and diagnostic medical labs.",0,Developing Market (Mid Tier),35.16,10.4,42.0
Palghar,Wada,Posheri,34.57,50.87,73.02,75.95,24.05,25.09,2,Growing Tier-2 Urban Center,"Posheri is an emerging urban locality experiencing rapid residential construction, infrastructure modernization, and an influx of middle-income families.","Prime scope for supermarket franchises, two-wheeler dealerships, family apparel retail, coaching classes, and diagnostic medical labs.",0,Developing Market (Mid Tier),49.09,14.52,42.0
Palghar,Vikramgad,Vikramgad Town,27.47,42.42,56.71,76.89,23.11,20.23,2,Growing Tier-2 Urban Center,"Vikramgad Town is an emerging urban locality experiencing rapid residential construction, infrastructure modernization, and an influx of middle-income families.","Prime scope for supermarket franchises, two-wheeler dealerships, family apparel retail, coaching classes, and diagnostic medical labs.",0,Developing Market (Mid Tier),39.01,11.54,42.0
Palghar,Vikramgad,Onde,45.97,68.12,104.31,78.41,21.59,34.87,2,Growing Tier-2 Urban Center,"Onde is an emerging urban locality experiencing rapid residential construction, infrastructure modernization, and an influx of middle-income families.","Prime scope for supermarket franchises, two-wheeler dealerships, family apparel retail, coaching classes, and diagnostic medical labs.",0,Developing Market (Mid Tier),65.28,19.31,42.0
Palghar,Vikramgad,Sajan,35.85,51.12,79.43,73.8,26.2,26.87,2,Growing Tier-2 Urban Center,"Sajan is an emerging urban locality experiencing rapid residential construction, infrastructure modernization, and an influx of middle-income families.","Prime scope for supermarket franchises, two-wheeler dealerships, family apparel retail, coaching classes, and diagnostic medical labs.",0,Developing Market (Mid Tier),50.91,15.06,42.0
Palghar,Vikramgad,Malwada,47.97,71.5,106.66,71.14,28.86,35.39,2,Growing Tier-2 Urban Center,"Malwada is an emerging urban locality experiencing rapid residential construction, infrastructure modernization, and an influx of middle-income families.","Prime scope for supermarket franchises, two-wheeler dealerships, family apparel retail, coaching classes, and diagnostic medical labs.",0,Developing Market (Mid Tier),68.12,20.15,42.0
Palghar,Vikramgad,Deohari,33.12,50.5,69.58,71.39,28.61,25.09,2,Growing Tier-2 Urban Center,"Deohari is an emerging urban locality experiencing rapid residential construction, infrastructure modernization, and an influx of middle-income families.","Prime scope for supermarket franchises, two-wheeler dealerships, family apparel retail, coaching classes, and diagnostic medical labs.",0,Developing Market (Mid Tier),47.03,13.91,42.0
Palghar,Talasari,Talasari Town,30.83,47.2,69.81,79.04,20.96,23.07,2,Growing Tier-2 Urban Center,"Talasari Town is an emerging urban locality experiencing rapid residential construction, infrastructure modernization, and an influx of middle-income families.","Prime scope for supermarket franchises, two-wheeler dealerships, family apparel retail, coaching classes, and diagnostic medical labs.",0,Developing Market (Mid Tier),43.78,12.95,42.0
Palghar,Talasari,Sutrakar,47.5,70.34,102.34,76.37,23.63,35.19,2,Growing Tier-2 Urban Center,"Sutrakar is an emerging urban locality experiencing rapid residential construction, infrastructure modernization, and an influx of middle-income families.","Prime scope for supermarket franchises, two-wheeler dealerships, family apparel retail, coaching classes, and diagnostic medical labs.",0,Developing Market (Mid Tier),67.45,19.95,42.0
Palghar,Talasari,Zari,47.92,68.32,99.32,74.62,25.38,36.12,2,Growing Tier-2 Urban Center,"Zari is an emerging urban locality experiencing rapid residential construction, infrastructure modernization, and an influx of middle-income families.","Prime scope for supermarket franchises, two-wheeler dealerships, family apparel retail, coaching classes, and diagnostic medical labs.",0,Developing Market (Mid Tier),68.05,20.13,42.0
Palghar,Talasari,Kochai,51.92,79.93,113.87,63.97,36.03,37.94,2,Growing Tier-2 Urban Center,"Kochai is an emerging urban locality experiencing rapid residential construction, infrastructure modernization, and an influx of middle-income families.","Prime scope for supermarket franchises, two-wheeler dealerships, family apparel retail, coaching classes, and diagnostic medical labs.",1,High Opportunity (Affordable / High Upside),73.73,21.81,42.0
Palghar,Talasari,Sambha,47.92,71.45,109.21,80.07,19.93,32.76,2,Growing Tier-2 Urban Center,"Sambha is an emerging urban locality experiencing rapid residential construction, infrastructure modernization, and an influx of middle-income families.","Prime scope for supermarket franchises, two-wheeler dealerships, family apparel retail, coaching classes, and diagnostic medical labs.",0,Developing Market (Mid Tier),68.05,20.13,42.0
Palghar,Mokhada,Mokhada Town,45.48,66.72,98.86,64.91,35.09,32.86,2,Growing Tier-2 Urban Center,"Mokhada Town is an emerging urban locality experiencing rapid residential construction, infrastructure modernization, and an influx of middle-income families.","Prime scope for supermarket franchises, two-wheeler dealerships, family apparel retail, coaching classes, and diagnostic medical labs.",1,High Opportunity (Affordable / High Upside),64.58,19.1,42.0
Palghar,Mokhada,Khodala,38.11,58.95,80.26,63.58,36.42,28.57,2,Growing Tier-2 Urban Center,"Khodala is an emerging urban locality experiencing rapid residential construction, infrastructure modernization, and an influx of middle-income families.","Prime scope for supermarket franchises, two-wheeler dealerships, family apparel retail, coaching classes, and diagnostic medical labs.",1,High Opportunity (Affordable / High Upside),54.12,16.01,42.0
Palghar,Mokhada,Ase,39.83,58.09,93.65,64.86,35.14,28.55,2,Growing Tier-2 Urban Center,"Ase is an emerging urban locality experiencing rapid residential construction, infrastructure modernization, and an influx of middle-income families.","Prime scope for supermarket franchises, two-wheeler dealerships, family apparel retail, coaching classes, and diagnostic medical labs.",1,High Opportunity (Affordable / High Upside),56.56,16.73,42.0
Palghar,Mokhada,Poshera,28.13,41.09,57.75,78.09,21.91,21.16,2,Growing Tier-2 Urban Center,"Poshera is an emerging urban locality experiencing rapid residential construction, infrastructure modernization, and an influx of middle-income families.","Prime scope for supermarket franchises, two-wheeler dealerships, family apparel retail, coaching classes, and diagnostic medical labs.",0,Developing Market (Mid Tier),39.94,11.81,42.0
Palghar,Mokhada,Morhanda,41.68,60.24,91.52,68.91,31.09,30.3,2,Growing Tier-2 Urban Center,"Morhanda is an emerging urban locality experiencing rapid residential construction, infrastructure modernization, and an influx of middle-income families.","Prime scope for supermarket franchises, two-wheeler dealerships, family apparel retail, coaching classes, and diagnostic medical labs.",0,Developing Market (Mid Tier),59.19,17.51,42.0
Raigad,Panvel,Panvel City,37.17,55.3,79.27,80.91,19.09,25.87,2,Growing Tier-2 Urban Center,"Panvel City is an emerging urban locality experiencing rapid residential construction, infrastructure modernization, and an influx of middle-income families.","Prime scope for supermarket franchises, two-wheeler dealerships, family apparel retail, coaching classes, and diagnostic medical labs.",0,Developing Market (Mid Tier),52.78,15.61,42.0
Raigad,Panvel,Khandeshwar,29.54,44.23,62.87,75.44,24.56,21.45,2,Growing Tier-2 Urban Center,"Khandeshwar is an emerging urban locality experiencing rapid residential construction, infrastructure modernization, and an influx of middle-income families.","Prime scope for supermarket franchises, two-wheeler dealerships, family apparel retail, coaching classes, and diagnostic medical labs.",0,Developing Market (Mid Tier),41.95,12.41,42.0
Raigad,Panvel,Kamothe,47.78,70.1,113.37,77.16,22.84,33.54,2,Growing Tier-2 Urban Center,"Kamothe is an emerging urban locality experiencing rapid residential construction, infrastructure modernization, and an influx of middle-income families.","Prime scope for supermarket franchises, two-wheeler dealerships, family apparel retail, coaching classes, and diagnostic medical labs.",0,Developing Market (Mid Tier),67.85,20.07,42.0
Raigad,Panvel,Kharghar,34.98,53.51,80.31,64.98,35.02,25.48,2,Growing Tier-2 Urban Center,"Kharghar is an emerging urban locality experiencing rapid residential construction, infrastructure modernization, and an influx of middle-income families.","Prime scope for supermarket franchises, two-wheeler dealerships, family apparel retail, coaching classes, and diagnostic medical labs.",1,High Opportunity (Affordable / High Upside),49.67,14.69,42.0
Raigad,Panvel,Kalamboli,32.9,51.48,70.55,79.98,20.02,23.97,2,Growing Tier-2 Urban Center,"Kalamboli is an emerging urban locality experiencing rapid residential construction, infrastructure modernization, and an influx of middle-income families.","Prime scope for supermarket franchises, two-wheeler dealerships, family apparel retail, coaching classes, and diagnostic medical labs.",0,Developing Market (Mid Tier),46.72,13.82,42.0
Raigad,Panvel,New Panvel,28.57,43.48,64.42,77.56,22.44,21.08,2,Growing Tier-2 Urban Center,"New Panvel is an emerging urban locality experiencing rapid residential construction, infrastructure modernization, and an influx of middle-income families.","Prime scope for supermarket franchises, two-wheeler dealerships, family apparel retail, coaching classes, and diagnostic medical labs.",0,Developing Market (Mid Tier),40.57,12.0,42.0
Raigad,Panvel,Taloja MIDC,37.78,58.72,85.28,82.07,17.93,27.64,2,Industrial & Automotive MIDC,"Taloja MIDC is a planned industrial manufacturing ecosystem supporting heavy engineering, automotive assembly, chemical plants, and precision component fabrication.","Robust scope for industrial hardware supply, scrap recycling, contractual worker transport, industrial safety gear, and CNC tooling services.",0,Developing Market (Mid Tier),53.65,15.87,42.0
Raigad,Panvel,Karanjade,27.27,40.65,61.12,78.65,21.35,18.74,2,Growing Tier-2 Urban Center,"Karanjade is an emerging urban locality experiencing rapid residential construction, infrastructure modernization, and an influx of middle-income families.","Prime scope for supermarket franchises, two-wheeler dealerships, family apparel retail, coaching classes, and diagnostic medical labs.",0,Developing Market (Mid Tier),38.72,11.45,42.0
Raigad,Alibag,Alibag Town,26.85,41.34,56.6,66.64,33.36,19.42,2,Coastal Tourism & Fishery Hub,"Alibag Town is a scenic Konkan coastal haven known for untouched sandy beaches, rich marine fisheries, water sports, and thriving seaside eco-resort tourism.","Exceptional scope for beach resorts, water sports operations, seafood cold processing and export, agro-tourism villas, and tourist boat services.",1,High Opportunity (Affordable / High Upside),38.13,11.28,42.0
Raigad,Alibag,Varsoli,47.14,70.94,110.85,80.61,19.39,33.02,2,Coastal Tourism & Fishery Hub,"Varsoli is a scenic Konkan coastal haven known for untouched sandy beaches, rich marine fisheries, water sports, and thriving seaside eco-resort tourism.","Exceptional scope for beach resorts, water sports operations, seafood cold processing and export, agro-tourism villas, and tourist boat services.",0,Developing Market (Mid Tier),66.94,19.8,42.0
Raigad,Alibag,Nagaon,42.74,63.99,98.99,78.93,21.07,30.22,2,Coastal Tourism & Fishery Hub,"Nagaon is a scenic Konkan coastal haven known for untouched sandy beaches, rich marine fisheries, water sports, and thriving seaside eco-resort tourism.","Exceptional scope for beach resorts, water sports operations, seafood cold processing and export, agro-tourism villas, and tourist boat services.",0,Developing Market (Mid Tier),60.69,17.95,42.0
Raigad,Alibag,Akshi,21.46,33.78,44.99,83.33,16.67,16.07,2,Coastal Tourism & Fishery Hub,"Akshi is a scenic Konkan coastal haven known for untouched sandy beaches, rich marine fisheries, water sports, and thriving seaside eco-resort tourism.","Exceptional scope for beach resorts, water sports operations, seafood cold processing and export, agro-tourism villas, and tourist boat services.",0,Developing Market (Mid Tier),30.47,9.01,42.0
Raigad,Alibag,Kihim,39.73,62.65,94.13,80.09,19.91,28.18,2,Coastal Tourism & Fishery Hub,"Kihim is a scenic Konkan coastal haven known for untouched sandy beaches, rich marine fisheries, water sports, and thriving seaside eco-resort tourism.","Exceptional scope for beach resorts, water sports operations, seafood cold processing and export, agro-tourism villas, and tourist boat services.",0,Developing Market (Mid Tier),56.42,16.69,42.0
Raigad,Alibag,Mandwa,41.72,59.34,92.91,73.1,26.9,30.62,2,Coastal Tourism & Fishery Hub,"Mandwa is a scenic Konkan coastal haven known for untouched sandy beaches, rich marine fisheries, water sports, and thriving seaside eco-resort tourism.","Exceptional scope for beach resorts, water sports operations, seafood cold processing and export, agro-tourism villas, and tourist boat services.",0,Developing Market (Mid Tier),59.24,17.52,42.0
Raigad,Alibag,Thal,38.17,57.77,88.61,82.81,17.19,26.29,2,Coastal Tourism & Fishery Hub,"Thal is a scenic Konkan coastal haven known for untouched sandy beaches, rich marine fisheries, water sports, and thriving seaside eco-resort tourism.","Exceptional scope for beach resorts, water sports operations, seafood cold processing and export, agro-tourism villas, and tourist boat services.",0,Developing Market (Mid Tier),54.2,16.03,42.0
Raigad,Alibag,Revdanda,25.01,35.61,58.57,75.23,24.77,18.84,2,Coastal Tourism & Fishery Hub,"Revdanda is a scenic Konkan coastal haven known for untouched sandy beaches, rich marine fisheries, water sports, and thriving seaside eco-resort tourism.","Exceptional scope for beach resorts, water sports operations, seafood cold processing and export, agro-tourism villas, and tourist boat services.",0,Developing Market (Mid Tier),35.51,10.5,42.0
Raigad,Karjat,Karjat Town,24.64,35.24,57.21,82.19,17.81,17.35,2,Growing Tier-2 Urban Center,"Karjat Town is an emerging urban locality experiencing rapid residential construction, infrastructure modernization, and an influx of middle-income families.","Prime scope for supermarket franchises, two-wheeler dealerships, family apparel retail, coaching classes, and diagnostic medical labs.",0,Developing Market (Mid Tier),34.99,10.35,42.0
Raigad,Karjat,Neral,30.25,43.63,71.46,70.09,29.91,21.76,2,Growing Tier-2 Urban Center,"Neral is an emerging urban locality experiencing rapid residential construction, infrastructure modernization, and an influx of middle-income families.","Prime scope for supermarket franchises, two-wheeler dealerships, family apparel retail, coaching classes, and diagnostic medical labs.",0,Developing Market (Mid Tier),42.96,12.71,42.0
Raigad,Karjat,Matheran,20.92,32.68,43.82,73.07,26.93,15.35,2,Growing Tier-2 Urban Center,"Matheran is an emerging urban locality experiencing rapid residential construction, infrastructure modernization, and an influx of middle-income families.","Prime scope for supermarket franchises, two-wheeler dealerships, family apparel retail, coaching classes, and diagnostic medical labs.",0,Developing Market (Mid Tier),29.71,8.79,42.0
Raigad,Karjat,Shelu,40.29,63.31,88.17,78.85,21.15,27.9,2,Growing Tier-2 Urban Center,"Shelu is an emerging urban locality experiencing rapid residential construction, infrastructure modernization, and an influx of middle-income families.","Prime scope for supermarket franchises, two-wheeler dealerships, family apparel retail, coaching classes, and diagnostic medical labs.",0,Developing Market (Mid Tier),57.21,16.92,42.0
Raigad,Karjat,Vangani,30.45,43.72,67.34,72.16,27.84,23.02,2,Growing Tier-2 Urban Center,"Vangani is an emerging urban locality experiencing rapid residential construction, infrastructure modernization, and an influx of middle-income families.","Prime scope for supermarket franchises, two-wheeler dealerships, family apparel retail, coaching classes, and diagnostic medical labs.",0,Developing Market (Mid Tier),43.24,12.79,42.0
Raigad,Karjat,Dahiwali,18.98,28.08,41.69,83.01,16.99,14.21,2,Growing Tier-2 Urban Center,"Dahiwali is an emerging urban locality experiencing rapid residential construction, infrastructure modernization, and an influx of middle-income families.","Prime scope for supermarket franchises, two-wheeler dealerships, family apparel retail, coaching classes, and diagnostic medical labs.",0,Developing Market (Mid Tier),26.95,7.97,42.0
Raigad,Karjat,Kashele,20.98,32.09,46.78,83.56,16.44,14.87,2,Growing Tier-2 Urban Center,"Kashele is an emerging urban locality experiencing rapid residential construction, infrastructure modernization, and an influx of middle-income families.","Prime scope for supermarket franchises, two-wheeler dealerships, family apparel retail, coaching classes, and diagnostic medical labs.",0,Developing Market (Mid Tier),29.79,8.81,42.0
Raigad,Khalapur,Khopoli,29.94,43.42,62.58,80.96,19.04,21.45,2,Growing Tier-2 Urban Center,"Khopoli is an emerging urban locality experiencing rapid residential construction, infrastructure modernization, and an influx of middle-income families.","Prime scope for supermarket franchises, two-wheeler dealerships, family apparel retail, coaching classes, and diagnostic medical labs.",0,Developing Market (Mid Tier),42.51,12.57,42.0
Raigad,Khalapur,Rasayani,37.88,57.68,85.12,64.43,35.57,28.14,2,Growing Tier-2 Urban Center,"Rasayani is an emerging urban locality experiencing rapid residential construction, infrastructure modernization, and an influx of middle-income families.","Prime scope for supermarket franchises, two-wheeler dealerships, family apparel retail, coaching classes, and diagnostic medical labs.",1,High Opportunity (Affordable / High Upside),53.79,15.91,42.0
Raigad,Khalapur,Lodhavali,25.31,36.45,56.6,65.37,34.63,18.76,2,Growing Tier-2 Urban Center,"Lodhavali is an emerging urban locality experiencing rapid residential construction, infrastructure modernization, and an influx of middle-income families.","Prime scope for supermarket franchises, two-wheeler dealerships, family apparel retail, coaching classes, and diagnostic medical labs.",1,High Opportunity (Affordable / High Upside),35.94,10.63,42.0
Raigad,Khalapur,Chowk,24.21,35.21,56.58,70.57,29.43,16.75,2,Growing Tier-2 Urban Center,"Chowk is an emerging urban locality experiencing rapid residential construction, infrastructure modernization, and an influx of middle-income families.","Prime scope for supermarket franchises, two-wheeler dealerships, family apparel retail, coaching classes, and diagnostic medical labs.",0,Developing Market (Mid Tier),34.38,10.17,42.0
Raigad,Khalapur,Madap,45.02,63.95,105.04,66.89,33.11,31.08,2,Growing Tier-2 Urban Center,"Madap is an emerging urban locality experiencing rapid residential construction, infrastructure modernization, and an influx of middle-income families.","Prime scope for supermarket franchises, two-wheeler dealerships, family apparel retail, coaching classes, and diagnostic medical labs.",1,High Opportunity (Affordable / High Upside),63.93,18.91,42.0
Raigad,Khalapur,Mohopada,25.52,36.95,57.88,64.52,35.48,17.38,2,Growing Tier-2 Urban Center,"Mohopada is an emerging urban locality experiencing rapid residential construction, infrastructure modernization, and an influx of middle-income families.","Prime scope for supermarket franchises, two-wheeler dealerships, family apparel retail, coaching classes, and diagnostic medical labs.",1,High Opportunity (Affordable / High Upside),36.24,10.72,42.0
Raigad,Pen,Pen Town,41.7,60.8,89.94,67.48,32.52,28.53,2,Growing Tier-2 Urban Center,"Pen Town is an emerging urban locality experiencing rapid residential construction, infrastructure modernization, and an influx of middle-income families.","Prime scope for supermarket franchises, two-wheeler dealerships, family apparel retail, coaching classes, and diagnostic medical labs.",1,High Opportunity (Affordable / High Upside),59.21,17.51,42.0
Raigad,Pen,Dharamtar,40.25,60.54,92.42,73.52,26.48,29.88,2,Growing Tier-2 Urban Center,"Dharamtar is an emerging urban locality experiencing rapid residential construction, infrastructure modernization, and an influx of middle-income families.","Prime scope for supermarket franchises, two-wheeler dealerships, family apparel retail, coaching classes, and diagnostic medical labs.",0,Developing Market (Mid Tier),57.16,16.91,42.0
Raigad,Pen,Kamarly,33.4,48.01,74.02,82.91,17.09,22.83,2,Growing Tier-2 Urban Center,"Kamarly is an emerging urban locality experiencing rapid residential construction, infrastructure modernization, and an influx of middle-income families.","Prime scope for supermarket franchises, two-wheeler dealerships, family apparel retail, coaching classes, and diagnostic medical labs.",0,Developing Market (Mid Tier),47.43,14.03,42.0
Raigad,Pen,Vadkhal,41.5,64.69,92.22,73.16,26.84,31.42,2,Growing Tier-2 Urban Center,"Vadkhal is an emerging urban locality experiencing rapid residential construction, infrastructure modernization, and an influx of middle-income families.","Prime scope for supermarket franchises, two-wheeler dealerships, family apparel retail, coaching classes, and diagnostic medical labs.",0,Developing Market (Mid Tier),58.93,17.43,42.0
Raigad,Pen,Antora,19.82,29.66,43.26,77.72,22.28,14.25,2,Growing Tier-2 Urban Center,"Antora is an emerging urban locality experiencing rapid residential construction, infrastructure modernization, and an influx of middle-income families.","Prime scope for supermarket franchises, two-wheeler dealerships, family apparel retail, coaching classes, and diagnostic medical labs.",0,Developing Market (Mid Tier),28.14,8.32,42.0
Raigad,Pen,Dadhe,45.29,64.84,94.05,76.17,23.83,31.04,2,Growing Tier-2 Urban Center,"Dadhe is an emerging urban locality experiencing rapid residential construction, infrastructure modernization, and an influx of middle-income families.","Prime scope for supermarket franchises, two-wheeler dealerships, family apparel retail, coaching classes, and diagnostic medical labs.",0,Developing Market (Mid Tier),64.31,19.02,42.0
Raigad,Uran,Uran Town,26.25,39.93,58.56,70.5,29.5,19.94,2,Growing Tier-2 Urban Center,"Uran Town is an emerging urban locality experiencing rapid residential construction, infrastructure modernization, and an influx of middle-income families.","Prime scope for supermarket franchises, two-wheeler dealerships, family apparel retail, coaching classes, and diagnostic medical labs.",0,Developing Market (Mid Tier),37.28,11.03,42.0
Raigad,Uran,JNPT Port Area,33.92,50.63,76.31,65.98,34.02,24.97,2,Logistics & Warehousing Corridor,"JNPT Port Area forms part of Maharashtra's crucial logistics and container transit artery, directly serving multi-modal freight corridors, seaports, and e-commerce distribution warehouses.","Tremendous scope for logistics automation, 3PL fulfillment centers, commercial heavy vehicle repairs, and truck driver amenities.",1,High Opportunity (Affordable / High Upside),48.17,14.25,42.0
Raigad,Uran,Mora,43.58,66.42,100.4,78.42,21.58,30.38,2,Growing Tier-2 Urban Center,"Mora is an emerging urban locality experiencing rapid residential construction, infrastructure modernization, and an influx of middle-income families.","Prime scope for supermarket franchises, two-wheeler dealerships, family apparel retail, coaching classes, and diagnostic medical labs.",0,Developing Market (Mid Tier),61.88,18.3,42.0
Raigad,Uran,Chanje,31.55,45.95,68.21,73.07,26.93,22.5,2,Growing Tier-2 Urban Center,"Chanje is an emerging urban locality experiencing rapid residential construction, infrastructure modernization, and an influx of middle-income families.","Prime scope for supermarket franchises, two-wheeler dealerships, family apparel retail, coaching classes, and diagnostic medical labs.",0,Developing Market (Mid Tier),44.8,13.25,42.0
Raigad,Uran,Dronagiri,20.85,31.03,47.32,71.49,28.51,14.43,2,Logistics & Warehousing Corridor,"Dronagiri forms part of Maharashtra's crucial logistics and container transit artery, directly serving multi-modal freight corridors, seaports, and e-commerce distribution warehouses.","Tremendous scope for logistics automation, 3PL fulfillment centers, commercial heavy vehicle repairs, and truck driver amenities.",0,Developing Market (Mid Tier),29.61,8.76,42.0
Raigad,Uran,Jasai,45.69,65.37,106.21,65.86,34.14,31.42,2,Growing Tier-2 Urban Center,"Jasai is an emerging urban locality experiencing rapid residential construction, infrastructure modernization, and an influx of middle-income families.","Prime scope for supermarket franchises, two-wheeler dealerships, family apparel retail, coaching classes, and diagnostic medical labs.",1,High Opportunity (Affordable / High Upside),64.88,19.19,42.0
Raigad,Mahad,Mahad Town,40.16,62.24,89.7,75.73,24.27,29.11,2,Growing Tier-2 Urban Center,"Mahad Town is an emerging urban locality experiencing rapid residential construction, infrastructure modernization, and an influx of middle-income families.","Prime scope for supermarket franchises, two-wheeler dealerships, family apparel retail, coaching classes, and diagnostic medical labs.",0,Developing Market (Mid Tier),57.03,16.87,42.0
Raigad,Mahad,Birwadi MIDC,27.89,40.15,60.43,77.31,22.69,20.64,2,Industrial & Automotive MIDC,"Birwadi MIDC is a planned industrial manufacturing ecosystem supporting heavy engineering, automotive assembly, chemical plants, and precision component fabrication.","Robust scope for industrial hardware supply, scrap recycling, contractual worker transport, industrial safety gear, and CNC tooling services.",0,Developing Market (Mid Tier),39.6,11.71,42.0
Raigad,Mahad,Poladpur Nearby,44.04,67.62,104.36,76.01,23.99,31.19,2,Growing Tier-2 Urban Center,"Poladpur Nearby is an emerging urban locality experiencing rapid residential construction, infrastructure modernization, and an influx of middle-income families.","Prime scope for supermarket franchises, two-wheeler dealerships, family apparel retail, coaching classes, and diagnostic medical labs.",0,Developing Market (Mid Tier),62.54,18.5,42.0
Raigad,Mahad,Nate,35.34,51.39,80.11,68.48,31.52,24.34,2,Growing Tier-2 Urban Center,"Nate is an emerging urban locality experiencing rapid residential construction, infrastructure modernization, and an influx of middle-income families.","Prime scope for supermarket franchises, two-wheeler dealerships, family apparel retail, coaching classes, and diagnostic medical labs.",0,Developing Market (Mid Tier),50.18,14.84,42.0
Raigad,Mahad,Dasgaon,43.36,64.12,99.8,75.48,24.52,32.28,2,Growing Tier-2 Urban Center,"Dasgaon is an emerging urban locality experiencing rapid residential construction, infrastructure modernization, and an influx of middle-income families.","Prime scope for supermarket franchises, two-wheeler dealerships, family apparel retail, coaching classes, and diagnostic medical labs.",0,Developing Market (Mid Tier),61.57,18.21,42.0
Raigad,Mahad,Palu,43.35,68.32,100.58,76.27,23.73,31.71,2,Growing Tier-2 Urban Center,"Palu is an emerging urban locality experiencing rapid residential construction, infrastructure modernization, and an influx of middle-income families.","Prime scope for supermarket franchises, two-wheeler dealerships, family apparel retail, coaching classes, and diagnostic medical labs.",0,Developing Market (Mid Tier),61.56,18.21,42.0
Raigad,Roha,Roha Town,18.79,29.47,43.66,69.35,30.65,13.05,2,Growing Tier-2 Urban Center,"Roha Town is an emerging urban locality experiencing rapid residential construction, infrastructure modernization, and an influx of middle-income families.","Prime scope for supermarket franchises, two-wheeler dealerships, family apparel retail, coaching classes, and diagnostic medical labs.",1,High Opportunity (Affordable / High Upside),26.68,7.89,42.0
Raigad,Roha,Dhatav MIDC,39.08,57.43,84.5,64.12,35.88,29.29,2,Industrial & Automotive MIDC,"Dhatav MIDC is a planned industrial manufacturing ecosystem supporting heavy engineering, automotive assembly, chemical plants, and precision component fabrication.","Robust scope for industrial hardware supply, scrap recycling, contractual worker transport, industrial safety gear, and CNC tooling services.",1,High Opportunity (Affordable / High Upside),55.49,16.41,42.0
Raigad,Roha,Kolad,34.99,51.93,73.37,76.66,23.34,23.88,2,Growing Tier-2 Urban Center,"Kolad is an emerging urban locality experiencing rapid residential construction, infrastructure modernization, and an influx of middle-income families.","Prime scope for supermarket franchises, two-wheeler dealerships, family apparel retail, coaching classes, and diagnostic medical labs.",0,Developing Market (Mid Tier),49.69,14.7,42.0
Raigad,Roha,Nagothane,40.38,58.73,88.37,70.82,29.18,28.65,2,Growing Tier-2 Urban Center,"Nagothane is an emerging urban locality experiencing rapid residential construction, infrastructure modernization, and an influx of middle-income families.","Prime scope for supermarket franchises, two-wheeler dealerships, family apparel retail, coaching classes, and diagnostic medical labs.",0,Developing Market (Mid Tier),57.34,16.96,42.0
Raigad,Roha,Kille,39.65,61.23,88.71,65.7,34.3,27.13,2,Growing Tier-2 Urban Center,"Kille is an emerging urban locality experiencing rapid residential construction, infrastructure modernization, and an influx of middle-income families.","Prime scope for supermarket franchises, two-wheeler dealerships, family apparel retail, coaching classes, and diagnostic medical labs.",1,High Opportunity (Affordable / High Upside),56.3,16.65,42.0
Raigad,Mangaon,Mangaon Town,22.72,34.51,51.63,69.44,30.56,16.65,2,Growing Tier-2 Urban Center,"Mangaon Town is an emerging urban locality experiencing rapid residential construction, infrastructure modernization, and an influx of middle-income families.","Prime scope for supermarket franchises, two-wheeler dealerships, family apparel retail, coaching classes, and diagnostic medical labs.",0,Developing Market (Mid Tier),32.26,9.54,42.0
Raigad,Mangaon,Lonere,32.57,48.55,69.7,79.1,20.9,22.44,2,Growing Tier-2 Urban Center,"Lonere is an emerging urban locality experiencing rapid residential construction, infrastructure modernization, and an influx of middle-income families.","Prime scope for supermarket franchises, two-wheeler dealerships, family apparel retail, coaching classes, and diagnostic medical labs.",0,Developing Market (Mid Tier),46.25,13.68,42.0
Raigad,Mangaon,Indapur,30.9,45.28,70.26,73.73,26.27,22.66,2,Growing Tier-2 Urban Center,"Indapur is an emerging urban locality experiencing rapid residential construction, infrastructure modernization, and an influx of middle-income families.","Prime scope for supermarket franchises, two-wheeler dealerships, family apparel retail, coaching classes, and diagnostic medical labs.",0,Developing Market (Mid Tier),43.88,12.98,42.0
Raigad,Mangaon,Nizampur,19.36,28.72,43.52,64.15,35.85,13.63,2,Growing Tier-2 Urban Center,"Nizampur is an emerging urban locality experiencing rapid residential construction, infrastructure modernization, and an influx of middle-income families.","Prime scope for supermarket franchises, two-wheeler dealerships, family apparel retail, coaching classes, and diagnostic medical labs.",1,High Opportunity (Affordable / High Upside),27.49,8.13,42.0
Raigad,Mangaon,Goregaon Raigad,24.34,35.1,51.95,70.56,29.44,16.57,2,Growing Tier-2 Urban Center,"Goregaon Raigad is an emerging urban locality experiencing rapid residential construction, infrastructure modernization, and an influx of middle-income families.","Prime scope for supermarket franchises, two-wheeler dealerships, family apparel retail, coaching classes, and diagnostic medical labs.",0,Developing Market (Mid Tier),34.56,10.22,42.0
Raigad,Shrivardhan,Shrivardhan Town,40.41,58.52,87.91,78.07,21.93,29.1,2,Coastal Tourism & Fishery Hub,"Shrivardhan Town is a scenic Konkan coastal haven known for untouched sandy beaches, rich marine fisheries, water sports, and thriving seaside eco-resort tourism.","Exceptional scope for beach resorts, water sports operations, seafood cold processing and export, agro-tourism villas, and tourist boat services.",0,Developing Market (Mid Tier),57.38,16.97,42.0
Raigad,Shrivardhan,Harihareshwar,43.0,66.61,89.17,81.24,18.76,29.39,2,Coastal Tourism & Fishery Hub,"Harihareshwar is a scenic Konkan coastal haven known for untouched sandy beaches, rich marine fisheries, water sports, and thriving seaside eco-resort tourism.","Exceptional scope for beach resorts, water sports operations, seafood cold processing and export, agro-tourism villas, and tourist boat services.",0,Developing Market (Mid Tier),61.06,18.06,42.0
Raigad,Shrivardhan,Diveagar,18.56,29.09,43.33,75.52,24.48,13.47,2,Coastal Tourism & Fishery Hub,"Diveagar is a scenic Konkan coastal haven known for untouched sandy beaches, rich marine fisheries, water sports, and thriving seaside eco-resort tourism.","Exceptional scope for beach resorts, water sports operations, seafood cold processing and export, agro-tourism villas, and tourist boat services.",0,Developing Market (Mid Tier),26.36,7.8,42.0
Raigad,Shrivardhan,Mhasla,39.28,58.4,82.02,64.42,35.58,27.73,2,Coastal Tourism & Fishery Hub,"Mhasla is a scenic Konkan coastal haven known for untouched sandy beaches, rich marine fisheries, water sports, and thriving seaside eco-resort tourism.","Exceptional scope for beach resorts, water sports operations, seafood cold processing and export, agro-tourism villas, and tourist boat services.",1,High Opportunity (Affordable / High Upside),55.78,16.5,42.0
Raigad,Shrivardhan,Walavati,42.04,63.85,97.72,82.4,17.6,28.88,2,Coastal Tourism & Fishery Hub,"Walavati is a scenic Konkan coastal haven known for untouched sandy beaches, rich marine fisheries, water sports, and thriving seaside eco-resort tourism.","Exceptional scope for beach resorts, water sports operations, seafood cold processing and export, agro-tourism villas, and tourist boat services.",0,Developing Market (Mid Tier),59.7,17.66,42.0
Raigad,Murud,Murud Town,43.33,63.22,97.25,74.48,25.52,30.84,2,Coastal Tourism & Fishery Hub,"Murud Town is a scenic Konkan coastal haven known for untouched sandy beaches, rich marine fisheries, water sports, and thriving seaside eco-resort tourism.","Exceptional scope for beach resorts, water sports operations, seafood cold processing and export, agro-tourism villas, and tourist boat services.",0,Developing Market (Mid Tier),61.53,18.2,42.0
Raigad,Murud,Janjira,27.31,40.26,58.99,67.36,32.64,19.69,2,Coastal Tourism & Fishery Hub,"Janjira is a scenic Konkan coastal haven known for untouched sandy beaches, rich marine fisheries, water sports, and thriving seaside eco-resort tourism.","Exceptional scope for beach resorts, water sports operations, seafood cold processing and export, agro-tourism villas, and tourist boat services.",1,High Opportunity (Affordable / High Upside),38.78,11.47,42.0
Raigad,Murud,Kashid,21.42,32.16,50.31,70.99,29.01,15.81,2,Coastal Tourism & Fishery Hub,"Kashid is a scenic Konkan coastal haven known for untouched sandy beaches, rich marine fisheries, water sports, and thriving seaside eco-resort tourism.","Exceptional scope for beach resorts, water sports operations, seafood cold processing and export, agro-tourism villas, and tourist boat services.",0,Developing Market (Mid Tier),30.42,9.0,42.0
Raigad,Murud,Barshiv,42.57,66.0,90.59,66.93,33.07,29.62,2,Coastal Tourism & Fishery Hub,"Barshiv is a scenic Konkan coastal haven known for untouched sandy beaches, rich marine fisheries, water sports, and thriving seaside eco-resort tourism.","Exceptional scope for beach resorts, water sports operations, seafood cold processing and export, agro-tourism villas, and tourist boat services.",1,High Opportunity (Affordable / High Upside),60.45,17.88,42.0
Raigad,Murud,Nandgaon,36.07,55.61,81.75,67.54,32.46,26.76,2,Coastal Tourism & Fishery Hub,"Nandgaon is a scenic Konkan coastal haven known for untouched sandy beaches, rich marine fisheries, water sports, and thriving seaside eco-resort tourism.","Exceptional scope for beach resorts, water sports operations, seafood cold processing and export, agro-tourism villas, and tourist boat services.",1,High Opportunity (Affordable / High Upside),51.22,15.15,42.0
Ratnagiri,Ratnagiri,Ratnagiri Town,17.91,27.59,41.21,66.98,33.02,13.5,3,Semi-Urban Market Town,"Ratnagiri Town serves as a pivotal commercial hub for surrounding rural agrarian villages, providing essential retail, agricultural supplies, and trade services.","Scope for agro-input supply centers, hardware and cement stores, mobile repair shops, local restaurants, and daily consumer goods distribution.",1,High Opportunity (Affordable / High Upside),25.43,7.52,42.0
Ratnagiri,Ratnagiri,Mirjole,19.03,28.96,42.93,75.28,24.72,13.9,3,Semi-Urban Market Town,"Mirjole serves as a pivotal commercial hub for surrounding rural agrarian villages, providing essential retail, agricultural supplies, and trade services.","Scope for agro-input supply centers, hardware and cement stores, mobile repair shops, local restaurants, and daily consumer goods distribution.",0,Developing Market (Mid Tier),27.02,7.99,42.0
Ratnagiri,Ratnagiri,Pawas,12.42,17.77,27.27,64.06,35.94,8.72,3,Semi-Urban Market Town,"Pawas serves as a pivotal commercial hub for surrounding rural agrarian villages, providing essential retail, agricultural supplies, and trade services.","Scope for agro-input supply centers, hardware and cement stores, mobile repair shops, local restaurants, and daily consumer goods distribution.",1,High Opportunity (Affordable / High Upside),17.64,5.22,42.0
Ratnagiri,Ratnagiri,Golap,10.9,16.36,23.46,67.04,32.96,7.46,3,Semi-Urban Market Town,"Golap serves as a pivotal commercial hub for surrounding rural agrarian villages, providing essential retail, agricultural supplies, and trade services.","Scope for agro-input supply centers, hardware and cement stores, mobile repair shops, local restaurants, and daily consumer goods distribution.",1,High Opportunity (Affordable / High Upside),15.48,4.58,42.0
Ratnagiri,Ratnagiri,Kotawde,23.31,33.39,54.43,75.11,24.89,17.0,3,Semi-Urban Market Town,"Kotawde serves as a pivotal commercial hub for surrounding rural agrarian villages, providing essential retail, agricultural supplies, and trade services.","Scope for agro-input supply centers, hardware and cement stores, mobile repair shops, local restaurants, and daily consumer goods distribution.",0,Developing Market (Mid Tier),33.1,9.79,42.0
Ratnagiri,Ratnagiri,Nachane,18.11,27.06,40.44,73.84,26.16,13.61,3,Semi-Urban Market Town,"Nachane serves as a pivotal commercial hub for surrounding rural agrarian villages, providing essential retail, agricultural supplies, and trade services.","Scope for agro-input supply centers, hardware and cement stores, mobile repair shops, local restaurants, and daily consumer goods distribution.",0,Developing Market (Mid Tier),25.72,7.61,42.0
Ratnagiri,Ratnagiri,Kuwarbav,17.2,26.65,38.96,64.43,35.57,12.35,3,Semi-Urban Market Town,"Kuwarbav serves as a pivotal commercial hub for surrounding rural agrarian villages, providing essential retail, agricultural supplies, and trade services.","Scope for agro-input supply centers, hardware and cement stores, mobile repair shops, local restaurants, and daily consumer goods distribution.",1,High Opportunity (Affordable / High Upside),24.42,7.22,42.0
Ratnagiri,Ratnagiri,Shirgaon,12.41,17.75,25.86,75.98,24.02,8.78,3,Semi-Urban Market Town,"Shirgaon serves as a pivotal commercial hub for surrounding rural agrarian villages, providing essential retail, agricultural supplies, and trade services.","Scope for agro-input supply centers, hardware and cement stores, mobile repair shops, local restaurants, and daily consumer goods distribution.",0,Developing Market (Mid Tier),17.62,5.21,42.0
Ratnagiri,Chiplun,Chiplun Town,21.43,32.16,45.15,62.95,37.05,15.32,3,Semi-Urban Market Town,"Chiplun Town serves as a pivotal commercial hub for surrounding rural agrarian villages, providing essential retail, agricultural supplies, and trade services.","Scope for agro-input supply centers, hardware and cement stores, mobile repair shops, local restaurants, and daily consumer goods distribution.",1,High Opportunity (Affordable / High Upside),30.43,9.0,42.0
Ratnagiri,Chiplun,Kherdi MIDC,17.03,25.61,35.8,65.46,34.54,11.97,3,Industrial & Automotive MIDC,"Kherdi MIDC is a planned industrial manufacturing ecosystem supporting heavy engineering, automotive assembly, chemical plants, and precision component fabrication.","Robust scope for industrial hardware supply, scrap recycling, contractual worker transport, industrial safety gear, and CNC tooling services.",1,High Opportunity (Affordable / High Upside),24.18,7.15,42.0
Ratnagiri,Chiplun,Bahadursheikh,16.54,24.38,37.17,73.78,26.22,12.1,3,Semi-Urban Market Town,"Bahadursheikh serves as a pivotal commercial hub for surrounding rural agrarian villages, providing essential retail, agricultural supplies, and trade services.","Scope for agro-input supply centers, hardware and cement stores, mobile repair shops, local restaurants, and daily consumer goods distribution.",0,Developing Market (Mid Tier),23.49,6.95,42.0
Ratnagiri,Chiplun,Guhagar Road,11.05,15.86,25.13,63.68,36.32,8.15,3,Semi-Urban Market Town,"Guhagar Road serves as a pivotal commercial hub for surrounding rural agrarian villages, providing essential retail, agricultural supplies, and trade services.","Scope for agro-input supply centers, hardware and cement stores, mobile repair shops, local restaurants, and daily consumer goods distribution.",1,High Opportunity (Affordable / High Upside),15.69,4.64,42.0
Ratnagiri,Chiplun,Dhamandevi,20.51,32.1,47.96,64.67,35.33,14.9,3,Semi-Urban Market Town,"Dhamandevi serves as a pivotal commercial hub for surrounding rural agrarian villages, providing essential retail, agricultural supplies, and trade services.","Scope for agro-input supply centers, hardware and cement stores, mobile repair shops, local restaurants, and daily consumer goods distribution.",1,High Opportunity (Affordable / High Upside),29.12,8.61,42.0
Ratnagiri,Chiplun,Sawarde,12.26,18.1,29.05,71.97,28.03,8.72,3,Semi-Urban Market Town,"Sawarde serves as a pivotal commercial hub for surrounding rural agrarian villages, providing essential retail, agricultural supplies, and trade services.","Scope for agro-input supply centers, hardware and cement stores, mobile repair shops, local restaurants, and daily consumer goods distribution.",0,Developing Market (Mid Tier),17.41,5.15,42.0
Ratnagiri,Khed,Khed Town,19.52,30.65,42.01,65.53,34.47,14.51,3,Semi-Urban Market Town,"Khed Town serves as a pivotal commercial hub for surrounding rural agrarian villages, providing essential retail, agricultural supplies, and trade services.","Scope for agro-input supply centers, hardware and cement stores, mobile repair shops, local restaurants, and daily consumer goods distribution.",1,High Opportunity (Affordable / High Upside),27.72,8.2,42.0
Ratnagiri,Khed,Lote Parshuram MIDC,23.01,35.14,53.47,72.78,27.22,16.91,3,Industrial & Automotive MIDC,"Lote Parshuram MIDC is a planned industrial manufacturing ecosystem supporting heavy engineering, automotive assembly, chemical plants, and precision component fabrication.","Robust scope for industrial hardware supply, scrap recycling, contractual worker transport, industrial safety gear, and CNC tooling services.",0,Developing Market (Mid Tier),32.67,9.66,42.0
Ratnagiri,Khed,Bhirwand,18.42,28.06,40.33,65.24,34.76,13.06,3,Semi-Urban Market Town,"Bhirwand serves as a pivotal commercial hub for surrounding rural agrarian villages, providing essential retail, agricultural supplies, and trade services.","Scope for agro-input supply centers, hardware and cement stores, mobile repair shops, local restaurants, and daily consumer goods distribution.",1,High Opportunity (Affordable / High Upside),26.16,7.74,42.0
Ratnagiri,Khed,Shivaji Nagar,12.88,18.73,30.43,67.73,32.27,8.99,3,Semi-Urban Market Town,"Shivaji Nagar serves as a pivotal commercial hub for surrounding rural agrarian villages, providing essential retail, agricultural supplies, and trade services.","Scope for agro-input supply centers, hardware and cement stores, mobile repair shops, local restaurants, and daily consumer goods distribution.",1,High Opportunity (Affordable / High Upside),18.29,5.41,42.0
Ratnagiri,Khed,Alore,12.2,17.47,28.41,60.02,39.98,9.05,3,Semi-Urban Market Town,"Alore serves as a pivotal commercial hub for surrounding rural agrarian villages, providing essential retail, agricultural supplies, and trade services.","Scope for agro-input supply centers, hardware and cement stores, mobile repair shops, local restaurants, and daily consumer goods distribution.",1,High Opportunity (Affordable / High Upside),17.32,5.12,42.0
Ratnagiri,Dapoli,Dapoli Town,23.36,36.47,48.18,64.74,35.26,17.32,3,Coastal Tourism & Fishery Hub,"Dapoli Town is a scenic Konkan coastal haven known for untouched sandy beaches, rich marine fisheries, water sports, and thriving seaside eco-resort tourism.","Exceptional scope for beach resorts, water sports operations, seafood cold processing and export, agro-tourism villas, and tourist boat services.",1,High Opportunity (Affordable / High Upside),33.17,9.81,42.0
Ratnagiri,Dapoli,Anjarle,12.1,17.91,25.45,74.63,25.37,8.97,3,Coastal Tourism & Fishery Hub,"Anjarle is a scenic Konkan coastal haven known for untouched sandy beaches, rich marine fisheries, water sports, and thriving seaside eco-resort tourism.","Exceptional scope for beach resorts, water sports operations, seafood cold processing and export, agro-tourism villas, and tourist boat services.",0,Developing Market (Mid Tier),17.18,5.08,42.0
Ratnagiri,Dapoli,Murud Dapoli,22.94,33.18,50.34,66.22,33.78,16.84,3,Coastal Tourism & Fishery Hub,"Murud Dapoli is a scenic Konkan coastal haven known for untouched sandy beaches, rich marine fisheries, water sports, and thriving seaside eco-resort tourism.","Exceptional scope for beach resorts, water sports operations, seafood cold processing and export, agro-tourism villas, and tourist boat services.",1,High Opportunity (Affordable / High Upside),32.57,9.63,42.0
Ratnagiri,Dapoli,Ladghar,13.8,20.58,29.59,72.97,27.03,9.88,3,Coastal Tourism & Fishery Hub,"Ladghar is a scenic Konkan coastal haven known for untouched sandy beaches, rich marine fisheries, water sports, and thriving seaside eco-resort tourism.","Exceptional scope for beach resorts, water sports operations, seafood cold processing and export, agro-tourism villas, and tourist boat services.",0,Developing Market (Mid Tier),19.6,5.8,42.0
Ratnagiri,Dapoli,Harnai,18.54,27.24,42.95,67.38,32.62,13.85,3,Coastal Tourism & Fishery Hub,"Harnai is a scenic Konkan coastal haven known for untouched sandy beaches, rich marine fisheries, water sports, and thriving seaside eco-resort tourism.","Exceptional scope for beach resorts, water sports operations, seafood cold processing and export, agro-tourism villas, and tourist boat services.",1,High Opportunity (Affordable / High Upside),26.33,7.79,42.0
Ratnagiri,Dapoli,Kelshi,15.89,24.97,37.74,67.23,32.77,11.16,3,Coastal Tourism & Fishery Hub,"Kelshi is a scenic Konkan coastal haven known for untouched sandy beaches, rich marine fisheries, water sports, and thriving seaside eco-resort tourism.","Exceptional scope for beach resorts, water sports operations, seafood cold processing and export, agro-tourism villas, and tourist boat services.",1,High Opportunity (Affordable / High Upside),22.56,6.67,42.0
Ratnagiri,Guhagar,Guhagar Town,16.11,24.24,38.16,74.34,25.66,11.99,3,Semi-Urban Market Town,"Guhagar Town serves as a pivotal commercial hub for surrounding rural agrarian villages, providing essential retail, agricultural supplies, and trade services.","Scope for agro-input supply centers, hardware and cement stores, mobile repair shops, local restaurants, and daily consumer goods distribution.",0,Developing Market (Mid Tier),22.88,6.77,42.0
Ratnagiri,Guhagar,Velneshwar,12.21,17.83,27.61,75.48,24.52,8.84,3,Semi-Urban Market Town,"Velneshwar serves as a pivotal commercial hub for surrounding rural agrarian villages, providing essential retail, agricultural supplies, and trade services.","Scope for agro-input supply centers, hardware and cement stores, mobile repair shops, local restaurants, and daily consumer goods distribution.",0,Developing Market (Mid Tier),17.34,5.13,42.0
Ratnagiri,Guhagar,Hedvi,11.64,18.1,27.13,63.7,36.3,8.63,3,Semi-Urban Market Town,"Hedvi serves as a pivotal commercial hub for surrounding rural agrarian villages, providing essential retail, agricultural supplies, and trade services.","Scope for agro-input supply centers, hardware and cement stores, mobile repair shops, local restaurants, and daily consumer goods distribution.",1,High Opportunity (Affordable / High Upside),16.53,4.89,42.0
Ratnagiri,Guhagar,Abloli,14.36,22.47,30.14,66.75,33.25,10.85,3,Semi-Urban Market Town,"Abloli serves as a pivotal commercial hub for surrounding rural agrarian villages, providing essential retail, agricultural supplies, and trade services.","Scope for agro-input supply centers, hardware and cement stores, mobile repair shops, local restaurants, and daily consumer goods distribution.",1,High Opportunity (Affordable / High Upside),20.39,6.03,42.0
Ratnagiri,Guhagar,Asgoli,13.55,20.22,29.34,58.53,41.47,9.27,3,Semi-Urban Market Town,"Asgoli serves as a pivotal commercial hub for surrounding rural agrarian villages, providing essential retail, agricultural supplies, and trade services.","Scope for agro-input supply centers, hardware and cement stores, mobile repair shops, local restaurants, and daily consumer goods distribution.",1,High Opportunity (Affordable / High Upside),19.24,5.69,42.0
Ratnagiri,Lanja,Lanja Town,18.03,26.28,42.88,65.5,34.5,12.3,3,Semi-Urban Market Town,"Lanja Town serves as a pivotal commercial hub for surrounding rural agrarian villages, providing essential retail, agricultural supplies, and trade services.","Scope for agro-input supply centers, hardware and cement stores, mobile repair shops, local restaurants, and daily consumer goods distribution.",1,High Opportunity (Affordable / High Upside),25.6,7.57,42.0
Ratnagiri,Lanja,Veravali,24.89,38.69,56.36,73.83,26.17,17.2,3,Semi-Urban Market Town,"Veravali serves as a pivotal commercial hub for surrounding rural agrarian villages, providing essential retail, agricultural supplies, and trade services.","Scope for agro-input supply centers, hardware and cement stores, mobile repair shops, local restaurants, and daily consumer goods distribution.",0,Developing Market (Mid Tier),35.34,10.45,42.0
Ratnagiri,Lanja,Kuveshi,14.59,22.65,33.26,60.78,39.22,10.74,3,Semi-Urban Market Town,"Kuveshi serves as a pivotal commercial hub for surrounding rural agrarian villages, providing essential retail, agricultural supplies, and trade services.","Scope for agro-input supply centers, hardware and cement stores, mobile repair shops, local restaurants, and daily consumer goods distribution.",1,High Opportunity (Affordable / High Upside),20.72,6.13,42.0
Ratnagiri,Lanja,Bhadkhamba,17.18,24.41,35.67,63.12,36.88,12.83,3,Semi-Urban Market Town,"Bhadkhamba serves as a pivotal commercial hub for surrounding rural agrarian villages, providing essential retail, agricultural supplies, and trade services.","Scope for agro-input supply centers, hardware and cement stores, mobile repair shops, local restaurants, and daily consumer goods distribution.",1,High Opportunity (Affordable / High Upside),24.4,7.22,42.0
Ratnagiri,Lanja,Korle,18.78,28.85,41.77,60.22,39.78,13.2,3,Semi-Urban Market Town,"Korle serves as a pivotal commercial hub for surrounding rural agrarian villages, providing essential retail, agricultural supplies, and trade services.","Scope for agro-input supply centers, hardware and cement stores, mobile repair shops, local restaurants, and daily consumer goods distribution.",1,High Opportunity (Affordable / High Upside),26.67,7.89,42.0
Ratnagiri,Rajapur,Rajapur Town,14.82,21.16,32.43,73.88,26.12,10.62,3,Semi-Urban Market Town,"Rajapur Town serves as a pivotal commercial hub for surrounding rural agrarian villages, providing essential retail, agricultural supplies, and trade services.","Scope for agro-input supply centers, hardware and cement stores, mobile repair shops, local restaurants, and daily consumer goods distribution.",0,Developing Market (Mid Tier),21.04,6.22,42.0
Ratnagiri,Rajapur,Sakharpa,11.77,18.42,26.45,58.33,41.67,8.49,3,Semi-Urban Market Town,"Sakharpa serves as a pivotal commercial hub for surrounding rural agrarian villages, providing essential retail, agricultural supplies, and trade services.","Scope for agro-input supply centers, hardware and cement stores, mobile repair shops, local restaurants, and daily consumer goods distribution.",1,High Opportunity (Affordable / High Upside),16.71,4.94,42.0
Ratnagiri,Rajapur,Purnagad,13.87,20.01,30.4,70.3,29.7,9.7,3,Semi-Urban Market Town,"Purnagad serves as a pivotal commercial hub for surrounding rural agrarian villages, providing essential retail, agricultural supplies, and trade services.","Scope for agro-input supply centers, hardware and cement stores, mobile repair shops, local restaurants, and daily consumer goods distribution.",0,Developing Market (Mid Tier),19.7,5.83,42.0
Ratnagiri,Rajapur,Vijaydurg,16.67,25.44,34.64,77.49,22.51,11.43,3,Semi-Urban Market Town,"Vijaydurg serves as a pivotal commercial hub for surrounding rural agrarian villages, providing essential retail, agricultural supplies, and trade services.","Scope for agro-input supply centers, hardware and cement stores, mobile repair shops, local restaurants, and daily consumer goods distribution.",0,Developing Market (Mid Tier),23.67,7.0,42.0
Ratnagiri,Rajapur,Adivare,18.42,27.65,43.77,69.08,30.92,13.1,3,Semi-Urban Market Town,"Adivare serves as a pivotal commercial hub for surrounding rural agrarian villages, providing essential retail, agricultural supplies, and trade services.","Scope for agro-input supply centers, hardware and cement stores, mobile repair shops, local restaurants, and daily consumer goods distribution.",1,High Opportunity (Affordable / High Upside),26.16,7.74,42.0
Ratnagiri,Rajapur,Jaitapur,17.52,26.66,41.59,63.07,36.93,11.94,3,Semi-Urban Market Town,"Jaitapur serves as a pivotal commercial hub for surrounding rural agrarian villages, providing essential retail, agricultural supplies, and trade services.","Scope for agro-input supply centers, hardware and cement stores, mobile repair shops, local restaurants, and daily consumer goods distribution.",1,High Opportunity (Affordable / High Upside),24.88,7.36,42.0
Ratnagiri,Sangameshwar,Sangameshwar Town,22.62,33.37,51.84,70.57,29.43,16.78,3,Semi-Urban Market Town,"Sangameshwar Town serves as a pivotal commercial hub for surrounding rural agrarian villages, providing essential retail, agricultural supplies, and trade services.","Scope for agro-input supply centers, hardware and cement stores, mobile repair shops, local restaurants, and daily consumer goods distribution.",0,Developing Market (Mid Tier),32.12,9.5,42.0
Ratnagiri,Sangameshwar,Devrukh,21.76,32.06,44.93,68.92,31.08,16.21,3,Semi-Urban Market Town,"Devrukh serves as a pivotal commercial hub for surrounding rural agrarian villages, providing essential retail, agricultural supplies, and trade services.","Scope for agro-input supply centers, hardware and cement stores, mobile repair shops, local restaurants, and daily consumer goods distribution.",1,High Opportunity (Affordable / High Upside),30.9,9.14,42.0
Ratnagiri,Sangameshwar,Makhjan,12.8,19.77,28.2,71.91,28.09,9.35,3,Semi-Urban Market Town,"Makhjan serves as a pivotal commercial hub for surrounding rural agrarian villages, providing essential retail, agricultural supplies, and trade services.","Scope for agro-input supply centers, hardware and cement stores, mobile repair shops, local restaurants, and daily consumer goods distribution.",0,Developing Market (Mid Tier),18.18,5.38,42.0
Ratnagiri,Sangameshwar,Dingni,22.98,32.86,53.0,67.15,32.85,16.17,3,Semi-Urban Market Town,"Dingni serves as a pivotal commercial hub for surrounding rural agrarian villages, providing essential retail, agricultural supplies, and trade services.","Scope for agro-input supply centers, hardware and cement stores, mobile repair shops, local restaurants, and daily consumer goods distribution.",1,High Opportunity (Affordable / High Upside),32.63,9.65,42.0
Ratnagiri,Sangameshwar,Kasba,10.7,15.54,22.08,76.67,23.33,7.72,3,Semi-Urban Market Town,"Kasba serves as a pivotal commercial hub for surrounding rural agrarian villages, providing essential retail, agricultural supplies, and trade services.","Scope for agro-input supply centers, hardware and cement stores, mobile repair shops, local restaurants, and daily consumer goods distribution.",0,Developing Market (Mid Tier),15.19,4.49,42.0
Ratnagiri,Mandangad,Mandangad Town,25.83,38.92,55.11,73.07,26.93,17.96,3,Semi-Urban Market Town,"Mandangad Town serves as a pivotal commercial hub for surrounding rural agrarian villages, providing essential retail, agricultural supplies, and trade services.","Scope for agro-input supply centers, hardware and cement stores, mobile repair shops, local restaurants, and daily consumer goods distribution.",0,Developing Market (Mid Tier),36.68,10.85,42.0
Ratnagiri,Mandangad,Bankot,15.71,24.27,36.69,64.64,35.36,10.84,3,Semi-Urban Market Town,"Bankot serves as a pivotal commercial hub for surrounding rural agrarian villages, providing essential retail, agricultural supplies, and trade services.","Scope for agro-input supply centers, hardware and cement stores, mobile repair shops, local restaurants, and daily consumer goods distribution.",1,High Opportunity (Affordable / High Upside),22.31,6.6,42.0
Ratnagiri,Mandangad,Veshvi,15.89,24.83,36.47,75.89,24.11,11.3,3,Semi-Urban Market Town,"Veshvi serves as a pivotal commercial hub for surrounding rural agrarian villages, providing essential retail, agricultural supplies, and trade services.","Scope for agro-input supply centers, hardware and cement stores, mobile repair shops, local restaurants, and daily consumer goods distribution.",0,Developing Market (Mid Tier),22.56,6.67,42.0
Ratnagiri,Mandangad,Palshet,25.58,38.35,56.64,76.49,23.51,18.46,3,Semi-Urban Market Town,"Palshet serves as a pivotal commercial hub for surrounding rural agrarian villages, providing essential retail, agricultural supplies, and trade services.","Scope for agro-input supply centers, hardware and cement stores, mobile repair shops, local restaurants, and daily consumer goods distribution.",0,Developing Market (Mid Tier),36.32,10.74,42.0
Ratnagiri,Mandangad,Mhapral,22.82,35.06,47.38,70.05,29.95,17.02,3,Semi-Urban Market Town,"Mhapral serves as a pivotal commercial hub for surrounding rural agrarian villages, providing essential retail, agricultural supplies, and trade services.","Scope for agro-input supply centers, hardware and cement stores, mobile repair shops, local restaurants, and daily consumer goods distribution.",0,Developing Market (Mid Tier),32.4,9.58,42.0
Sindhudurg,Kudal,Kudal Town,15.64,23.01,32.48,69.22,30.78,11.02,3,Semi-Urban Market Town,"Kudal Town serves as a pivotal commercial hub for surrounding rural agrarian villages, providing essential retail, agricultural supplies, and trade services.","Scope for agro-input supply centers, hardware and cement stores, mobile repair shops, local restaurants, and daily consumer goods distribution.",1,High Opportunity (Affordable / High Upside),22.21,6.57,42.0
Sindhudurg,Kudal,Oros (HQ),16.44,24.47,37.44,63.03,36.97,11.23,3,Semi-Urban Market Town,"Oros (HQ) serves as a pivotal commercial hub for surrounding rural agrarian villages, providing essential retail, agricultural supplies, and trade services.","Scope for agro-input supply centers, hardware and cement stores, mobile repair shops, local restaurants, and daily consumer goods distribution.",1,High Opportunity (Affordable / High Upside),23.34,6.9,42.0
Sindhudurg,Kudal,Pinguli,20.18,29.79,48.02,61.49,38.51,15.3,3,Semi-Urban Market Town,"Pinguli serves as a pivotal commercial hub for surrounding rural agrarian villages, providing essential retail, agricultural supplies, and trade services.","Scope for agro-input supply centers, hardware and cement stores, mobile repair shops, local restaurants, and daily consumer goods distribution.",1,High Opportunity (Affordable / High Upside),28.66,8.48,42.0
Sindhudurg,Kudal,Nerur,21.27,30.46,48.08,63.27,36.73,15.83,3,Semi-Urban Market Town,"Nerur serves as a pivotal commercial hub for surrounding rural agrarian villages, providing essential retail, agricultural supplies, and trade services.","Scope for agro-input supply centers, hardware and cement stores, mobile repair shops, local restaurants, and daily consumer goods distribution.",1,High Opportunity (Affordable / High Upside),30.2,8.93,42.0
Sindhudurg,Kudal,Zarap,17.51,27.53,36.72,68.15,31.85,13.0,3,Semi-Urban Market Town,"Zarap serves as a pivotal commercial hub for surrounding rural agrarian villages, providing essential retail, agricultural supplies, and trade services.","Scope for agro-input supply centers, hardware and cement stores, mobile repair shops, local restaurants, and daily consumer goods distribution.",1,High Opportunity (Affordable / High Upside),24.86,7.35,42.0
Sindhudurg,Kudal,Bambarde,8.49,12.15,19.59,63.33,36.67,6.03,3,Semi-Urban Market Town,"Bambarde serves as a pivotal commercial hub for surrounding rural agrarian villages, providing essential retail, agricultural supplies, and trade services.","Scope for agro-input supply centers, hardware and cement stores, mobile repair shops, local restaurants, and daily consumer goods distribution.",1,High Opportunity (Affordable / High Upside),12.06,3.57,42.0
Sindhudurg,Sawantwadi,Sawantwadi Town,15.94,24.18,36.25,74.98,25.02,11.31,3,Semi-Urban Market Town,"Sawantwadi Town serves as a pivotal commercial hub for surrounding rural agrarian villages, providing essential retail, agricultural supplies, and trade services.","Scope for agro-input supply centers, hardware and cement stores, mobile repair shops, local restaurants, and daily consumer goods distribution.",0,Developing Market (Mid Tier),22.63,6.69,42.0
Sindhudurg,Sawantwadi,Amboli,18.68,28.24,41.56,63.96,36.04,13.67,3,Semi-Urban Market Town,"Amboli serves as a pivotal commercial hub for surrounding rural agrarian villages, providing essential retail, agricultural supplies, and trade services.","Scope for agro-input supply centers, hardware and cement stores, mobile repair shops, local restaurants, and daily consumer goods distribution.",1,High Opportunity (Affordable / High Upside),26.53,7.85,42.0
Sindhudurg,Sawantwadi,Banda,11.49,16.52,26.34,65.98,34.02,8.17,3,Semi-Urban Market Town,"Banda serves as a pivotal commercial hub for surrounding rural agrarian villages, providing essential retail, agricultural supplies, and trade services.","Scope for agro-input supply centers, hardware and cement stores, mobile repair shops, local restaurants, and daily consumer goods distribution.",1,High Opportunity (Affordable / High Upside),16.32,4.83,42.0
Sindhudurg,Sawantwadi,Majgaon,15.86,23.19,33.88,64.93,35.07,12.05,3,Semi-Urban Market Town,"Majgaon serves as a pivotal commercial hub for surrounding rural agrarian villages, providing essential retail, agricultural supplies, and trade services.","Scope for agro-input supply centers, hardware and cement stores, mobile repair shops, local restaurants, and daily consumer goods distribution.",1,High Opportunity (Affordable / High Upside),22.52,6.66,42.0
Sindhudurg,Sawantwadi,Danoli,12.0,18.8,26.55,58.45,41.55,8.98,3,Semi-Urban Market Town,"Danoli serves as a pivotal commercial hub for surrounding rural agrarian villages, providing essential retail, agricultural supplies, and trade services.","Scope for agro-input supply centers, hardware and cement stores, mobile repair shops, local restaurants, and daily consumer goods distribution.",1,High Opportunity (Affordable / High Upside),17.04,5.04,42.0
Sindhudurg,Sawantwadi,Charathe,14.33,22.41,31.48,57.76,42.24,10.53,3,Semi-Urban Market Town,"Charathe serves as a pivotal commercial hub for surrounding rural agrarian villages, providing essential retail, agricultural supplies, and trade services.","Scope for agro-input supply centers, hardware and cement stores, mobile repair shops, local restaurants, and daily consumer goods distribution.",1,High Opportunity (Affordable / High Upside),20.35,6.02,42.0
Sindhudurg,Kankavli,Kankavli Town,19.84,29.19,42.95,57.3,42.7,14.35,3,Semi-Urban Market Town,"Kankavli Town serves as a pivotal commercial hub for surrounding rural agrarian villages, providing essential retail, agricultural supplies, and trade services.","Scope for agro-input supply centers, hardware and cement stores, mobile repair shops, local restaurants, and daily consumer goods distribution.",1,High Opportunity (Affordable / High Upside),28.17,8.33,42.0
Sindhudurg,Kankavli,Janavali,20.48,31.87,46.79,74.55,25.45,14.97,3,Semi-Urban Market Town,"Janavali serves as a pivotal commercial hub for surrounding rural agrarian villages, providing essential retail, agricultural supplies, and trade services.","Scope for agro-input supply centers, hardware and cement stores, mobile repair shops, local restaurants, and daily consumer goods distribution.",0,Developing Market (Mid Tier),29.08,8.6,42.0
Sindhudurg,Kankavli,Phondaghat,19.11,28.69,39.94,60.02,39.98,13.21,3,Semi-Urban Market Town,"Phondaghat serves as a pivotal commercial hub for surrounding rural agrarian villages, providing essential retail, agricultural supplies, and trade services.","Scope for agro-input supply centers, hardware and cement stores, mobile repair shops, local restaurants, and daily consumer goods distribution.",1,High Opportunity (Affordable / High Upside),27.14,8.03,42.0
Sindhudurg,Kankavli,Halval,19.07,27.16,42.58,63.38,36.62,14.19,3,Semi-Urban Market Town,"Halval serves as a pivotal commercial hub for surrounding rural agrarian villages, providing essential retail, agricultural supplies, and trade services.","Scope for agro-input supply centers, hardware and cement stores, mobile repair shops, local restaurants, and daily consumer goods distribution.",1,High Opportunity (Affordable / High Upside),27.08,8.01,42.0
Sindhudurg,Kankavli,Osargaon,15.72,23.86,32.67,62.19,37.81,11.95,3,Semi-Urban Market Town,"Osargaon serves as a pivotal commercial hub for surrounding rural agrarian villages, providing essential retail, agricultural supplies, and trade services.","Scope for agro-input supply centers, hardware and cement stores, mobile repair shops, local restaurants, and daily consumer goods distribution.",1,High Opportunity (Affordable / High Upside),22.32,6.6,42.0
Sindhudurg,Malvan,Malvan Town,18.06,27.16,41.61,72.47,27.53,12.39,3,Coastal Tourism & Fishery Hub,"Malvan Town is a scenic Konkan coastal haven known for untouched sandy beaches, rich marine fisheries, water sports, and thriving seaside eco-resort tourism.","Exceptional scope for beach resorts, water sports operations, seafood cold processing and export, agro-tourism villas, and tourist boat services.",0,Developing Market (Mid Tier),25.65,7.59,42.0
Sindhudurg,Malvan,Tarkarli,21.61,32.91,47.51,69.6,30.4,15.29,3,Coastal Tourism & Fishery Hub,"Tarkarli is a scenic Konkan coastal haven known for untouched sandy beaches, rich marine fisheries, water sports, and thriving seaside eco-resort tourism.","Exceptional scope for beach resorts, water sports operations, seafood cold processing and export, agro-tourism villas, and tourist boat services.",0,Developing Market (Mid Tier),30.69,9.08,42.0
Sindhudurg,Malvan,Dandi,20.29,31.34,45.88,59.64,40.36,15.37,3,Coastal Tourism & Fishery Hub,"Dandi is a scenic Konkan coastal haven known for untouched sandy beaches, rich marine fisheries, water sports, and thriving seaside eco-resort tourism.","Exceptional scope for beach resorts, water sports operations, seafood cold processing and export, agro-tourism villas, and tourist boat services.",1,High Opportunity (Affordable / High Upside),28.81,8.52,42.0
Sindhudurg,Malvan,Achara,14.06,22.01,29.08,58.48,41.52,9.73,3,Coastal Tourism & Fishery Hub,"Achara is a scenic Konkan coastal haven known for untouched sandy beaches, rich marine fisheries, water sports, and thriving seaside eco-resort tourism.","Exceptional scope for beach resorts, water sports operations, seafood cold processing and export, agro-tourism villas, and tourist boat services.",1,High Opportunity (Affordable / High Upside),19.97,5.91,42.0
Sindhudurg,Malvan,Kunkeshwar Nearby,10.31,15.17,23.55,62.92,37.08,7.79,3,Coastal Tourism & Fishery Hub,"Kunkeshwar Nearby is a scenic Konkan coastal haven known for untouched sandy beaches, rich marine fisheries, water sports, and thriving seaside eco-resort tourism.","Exceptional scope for beach resorts, water sports operations, seafood cold processing and export, agro-tourism villas, and tourist boat services.",1,High Opportunity (Affordable / High Upside),14.64,4.33,42.0
Sindhudurg,Malvan,Chivla,20.53,31.93,43.78,68.7,31.3,14.87,3,Coastal Tourism & Fishery Hub,"Chivla is a scenic Konkan coastal haven known for untouched sandy beaches, rich marine fisheries, water sports, and thriving seaside eco-resort tourism.","Exceptional scope for beach resorts, water sports operations, seafood cold processing and export, agro-tourism villas, and tourist boat services.",1,High Opportunity (Affordable / High Upside),29.15,8.62,42.0
Sindhudurg,Vengurla,Vengurla Town,9.75,14.32,21.7,66.05,33.95,6.76,3,Coastal Tourism & Fishery Hub,"Vengurla Town is a scenic Konkan coastal haven known for untouched sandy beaches, rich marine fisheries, water sports, and thriving seaside eco-resort tourism.","Exceptional scope for beach resorts, water sports operations, seafood cold processing and export, agro-tourism villas, and tourist boat services.",1,High Opportunity (Affordable / High Upside),13.84,4.09,41.9
Sindhudurg,Vengurla,Shiroda,21.18,30.6,48.02,70.41,29.59,15.43,3,Coastal Tourism & Fishery Hub,"Shiroda is a scenic Konkan coastal haven known for untouched sandy beaches, rich marine fisheries, water sports, and thriving seaside eco-resort tourism.","Exceptional scope for beach resorts, water sports operations, seafood cold processing and export, agro-tourism villas, and tourist boat services.",0,Developing Market (Mid Tier),30.08,8.9,42.0
Sindhudurg,Vengurla,Redi,19.8,29.9,45.98,56.57,43.43,13.54,3,Coastal Tourism & Fishery Hub,"Redi is a scenic Konkan coastal haven known for untouched sandy beaches, rich marine fisheries, water sports, and thriving seaside eco-resort tourism.","Exceptional scope for beach resorts, water sports operations, seafood cold processing and export, agro-tourism villas, and tourist boat services.",1,High Opportunity (Affordable / High Upside),28.12,8.32,42.0
Sindhudurg,Vengurla,Ubhadanda,16.98,25.68,38.46,71.34,28.66,12.11,3,Coastal Tourism & Fishery Hub,"Ubhadanda is a scenic Konkan coastal haven known for untouched sandy beaches, rich marine fisheries, water sports, and thriving seaside eco-resort tourism.","Exceptional scope for beach resorts, water sports operations, seafood cold processing and export, agro-tourism villas, and tourist boat services.",0,Developing Market (Mid Tier),24.11,7.13,42.0
Sindhudurg,Vengurla,Mochemad,16.95,25.42,38.26,61.79,38.21,12.82,3,Coastal Tourism & Fishery Hub,"Mochemad is a scenic Konkan coastal haven known for untouched sandy beaches, rich marine fisheries, water sports, and thriving seaside eco-resort tourism.","Exceptional scope for beach resorts, water sports operations, seafood cold processing and export, agro-tourism villas, and tourist boat services.",1,High Opportunity (Affordable / High Upside),24.07,7.12,42.0
Sindhudurg,Devgad,Devgad Town,14.76,22.86,33.59,61.95,38.05,10.12,3,Semi-Urban Market Town,"Devgad Town serves as a pivotal commercial hub for surrounding rural agrarian villages, providing essential retail, agricultural supplies, and trade services.","Scope for agro-input supply centers, hardware and cement stores, mobile repair shops, local restaurants, and daily consumer goods distribution.",1,High Opportunity (Affordable / High Upside),20.96,6.2,42.0
Sindhudurg,Devgad,Jamsande,8.84,13.17,19.53,60.08,39.92,6.44,3,Semi-Urban Market Town,"Jamsande serves as a pivotal commercial hub for surrounding rural agrarian villages, providing essential retail, agricultural supplies, and trade services.","Scope for agro-input supply centers, hardware and cement stores, mobile repair shops, local restaurants, and daily consumer goods distribution.",1,High Opportunity (Affordable / High Upside),12.55,3.71,42.0
Sindhudurg,Devgad,Mithbav,12.38,19.0,28.38,73.22,26.78,9.38,3,Semi-Urban Market Town,"Mithbav serves as a pivotal commercial hub for surrounding rural agrarian villages, providing essential retail, agricultural supplies, and trade services.","Scope for agro-input supply centers, hardware and cement stores, mobile repair shops, local restaurants, and daily consumer goods distribution.",0,Developing Market (Mid Tier),17.58,5.2,42.0
Sindhudurg,Devgad,Shirgaon,9.83,14.54,21.97,62.38,37.62,7.05,3,Semi-Urban Market Town,"Shirgaon serves as a pivotal commercial hub for surrounding rural agrarian villages, providing essential retail, agricultural supplies, and trade services.","Scope for agro-input supply centers, hardware and cement stores, mobile repair shops, local restaurants, and daily consumer goods distribution.",1,High Opportunity (Affordable / High Upside),13.96,4.13,42.0
Sindhudurg,Devgad,Tirlot,11.74,17.14,24.44,61.8,38.2,8.34,3,Semi-Urban Market Town,"Tirlot serves as a pivotal commercial hub for surrounding rural agrarian villages, providing essential retail, agricultural supplies, and trade services.","Scope for agro-input supply centers, hardware and cement stores, mobile repair shops, local restaurants, and daily consumer goods distribution.",1,High Opportunity (Affordable / High Upside),16.67,4.93,42.0
Sindhudurg,Vaibhavwadi,Vaibhavwadi Town,16.62,24.26,38.82,59.19,40.81,11.74,3,Semi-Urban Market Town,"Vaibhavwadi Town serves as a pivotal commercial hub for surrounding rural agrarian villages, providing essential retail, agricultural supplies, and trade services.","Scope for agro-input supply centers, hardware and cement stores, mobile repair shops, local restaurants, and daily consumer goods distribution.",1,High Opportunity (Affordable / High Upside),23.6,6.98,42.0
Sindhudurg,Vaibhavwadi,Bhuibavda,16.09,23.65,37.04,65.97,34.03,11.6,3,Semi-Urban Market Town,"Bhuibavda serves as a pivotal commercial hub for surrounding rural agrarian villages, providing essential retail, agricultural supplies, and trade services.","Scope for agro-input supply centers, hardware and cement stores, mobile repair shops, local restaurants, and daily consumer goods distribution.",1,High Opportunity (Affordable / High Upside),22.85,6.76,42.0
Sindhudurg,Vaibhavwadi,Kharepatan,14.98,22.01,30.82,74.9,25.1,10.79,3,Semi-Urban Market Town,"Kharepatan serves as a pivotal commercial hub for surrounding rural agrarian villages, providing essential retail, agricultural supplies, and trade services.","Scope for agro-input supply centers, hardware and cement stores, mobile repair shops, local restaurants, and daily consumer goods distribution.",0,Developing Market (Mid Tier),21.27,6.29,42.0
Sindhudurg,Vaibhavwadi,Tirwade,21.53,31.31,46.64,57.01,42.99,15.49,3,Semi-Urban Market Town,"Tirwade serves as a pivotal commercial hub for surrounding rural agrarian villages, providing essential retail, agricultural supplies, and trade services.","Scope for agro-input supply centers, hardware and cement stores, mobile repair shops, local restaurants, and daily consumer goods distribution.",1,High Opportunity (Affordable / High Upside),30.57,9.04,42.0
Sindhudurg,Dodamarg,Dodamarg Town,20.35,31.03,44.88,66.73,33.27,15.22,3,Semi-Urban Market Town,"Dodamarg Town serves as a pivotal commercial hub for surrounding rural agrarian villages, providing essential retail, agricultural supplies, and trade services.","Scope for agro-input supply centers, hardware and cement stores, mobile repair shops, local restaurants, and daily consumer goods distribution.",1,High Opportunity (Affordable / High Upside),28.9,8.55,42.0
Sindhudurg,Dodamarg,Bhedshi,14.03,21.9,32.13,71.28,28.72,9.95,3,Semi-Urban Market Town,"Bhedshi serves as a pivotal commercial hub for surrounding rural agrarian villages, providing essential retail, agricultural supplies, and trade services.","Scope for agro-input supply centers, hardware and cement stores, mobile repair shops, local restaurants, and daily consumer goods distribution.",0,Developing Market (Mid Tier),19.92,5.89,42.0
Sindhudurg,Dodamarg,Kudase,13.61,20.57,28.77,67.06,32.94,9.33,3,Semi-Urban Market Town,"Kudase serves as a pivotal commercial hub for surrounding rural agrarian villages, providing essential retail, agricultural supplies, and trade services.","Scope for agro-input supply centers, hardware and cement stores, mobile repair shops, local restaurants, and daily consumer goods distribution.",1,High Opportunity (Affordable / High Upside),19.33,5.72,42.0
Sindhudurg,Dodamarg,Sasoli,15.06,23.23,32.26,75.78,24.22,11.06,3,Semi-Urban Market Town,"Sasoli serves as a pivotal commercial hub for surrounding rural agrarian villages, providing essential retail, agricultural supplies, and trade services.","Scope for agro-input supply centers, hardware and cement stores, mobile repair shops, local restaurants, and daily consumer goods distribution.",0,Developing Market (Mid Tier),21.39,6.33,42.0
Sindhudurg,Dodamarg,Kasarla,9.66,15.22,21.06,71.9,28.1,6.83,3,Semi-Urban Market Town,"Kasarla serves as a pivotal commercial hub for surrounding rural agrarian villages, providing essential retail, agricultural supplies, and trade services.","Scope for agro-input supply centers, hardware and cement stores, mobile repair shops, local restaurants, and daily consumer goods distribution.",0,Developing Market (Mid Tier),13.72,4.06,42.0
Pune,Pune City,Kothrud,82.13,126.55,173.76,82.18,17.82,59.13,1,Prime Metropolitan Urban Suburb,"Kothrud is a high-demand metropolitan residential and commercial zone featuring high disposable incomes, dense transit connectivity, and modern lifestyle amenities.","High scope for private clinics, specialized child education academies, organic grocery stores, boutique cafes, and premium salon services.",2,Saturated Market (Premium Metro),116.62,34.49,42.0
Pune,Pune City,Shivajinagar,40.13,57.86,86.68,81.47,18.53,28.76,1,Prime Metropolitan Urban Suburb,"Shivajinagar is a high-demand metropolitan residential and commercial zone featuring high disposable incomes, dense transit connectivity, and modern lifestyle amenities.","High scope for private clinics, specialized child education academies, organic grocery stores, boutique cafes, and premium salon services.",0,Developing Market (Mid Tier),56.98,16.85,42.0
Pune,Pune City,Deccan Gymkhana,66.49,99.9,143.5,84.26,15.74,46.08,1,Prime Metropolitan Urban Suburb,"Deccan Gymkhana is a high-demand metropolitan residential and commercial zone featuring high disposable incomes, dense transit connectivity, and modern lifestyle amenities.","High scope for private clinics, specialized child education academies, organic grocery stores, boutique cafes, and premium salon services.",2,Saturated Market (Premium Metro),94.42,27.93,42.0
Pune,Pune City,Koregaon Park,84.56,130.08,181.7,78.73,21.27,63.1,1,Prime Metropolitan Urban Suburb,"Koregaon Park is a high-demand metropolitan residential and commercial zone featuring high disposable incomes, dense transit connectivity, and modern lifestyle amenities.","High scope for private clinics, specialized child education academies, organic grocery stores, boutique cafes, and premium salon services.",2,Saturated Market (Premium Metro),120.08,35.52,42.0
Pune,Pune City,Swargate,63.02,96.63,135.43,88.31,11.69,44.71,1,Prime Metropolitan Urban Suburb,"Swargate is a high-demand metropolitan residential and commercial zone featuring high disposable incomes, dense transit connectivity, and modern lifestyle amenities.","High scope for private clinics, specialized child education academies, organic grocery stores, boutique cafes, and premium salon services.",2,Saturated Market (Premium Metro),89.49,26.47,42.0
Pune,Pune City,Camp,69.67,109.85,156.24,87.94,12.06,51.42,1,Prime Metropolitan Urban Suburb,"Camp is a high-demand metropolitan residential and commercial zone featuring high disposable incomes, dense transit connectivity, and modern lifestyle amenities.","High scope for private clinics, specialized child education academies, organic grocery stores, boutique cafes, and premium salon services.",2,Saturated Market (Premium Metro),98.93,29.26,42.0
Pune,Pune City,Kalyani Nagar,70.34,100.18,155.21,91.34,8.66,52.24,1,Prime Metropolitan Urban Suburb,"Kalyani Nagar is a high-demand metropolitan residential and commercial zone featuring high disposable incomes, dense transit connectivity, and modern lifestyle amenities.","High scope for private clinics, specialized child education academies, organic grocery stores, boutique cafes, and premium salon services.",2,Saturated Market (Premium Metro),99.88,29.54,42.0
Pune,Pune City,Erandwane,74.48,112.65,170.41,83.67,16.33,51.66,1,Prime Metropolitan Urban Suburb,"Erandwane is a high-demand metropolitan residential and commercial zone featuring high disposable incomes, dense transit connectivity, and modern lifestyle amenities.","High scope for private clinics, specialized child education academies, organic grocery stores, boutique cafes, and premium salon services.",2,Saturated Market (Premium Metro),105.76,31.28,42.0
Pune,Haveli,Hinjawadi,67.56,102.63,157.25,74.96,25.04,49.62,1,Tech & Corporate IT Corridor,"Hinjawadi is a premier technology and corporate employment center hosting multinational software companies, modern business towers, and a high-density professional workforce.","High scope for managed co-living spaces, corporate catering, 24/7 cloud kitchens, executive gyms, and electric vehicle charging infrastructure.",2,Saturated Market (Premium Metro),95.94,28.38,42.0
Pune,Haveli,Wagholi,39.48,62.05,82.37,72.38,27.62,27.84,1,Prime Metropolitan Urban Suburb,"Wagholi is a high-demand metropolitan residential and commercial zone featuring high disposable incomes, dense transit connectivity, and modern lifestyle amenities.","High scope for private clinics, specialized child education academies, organic grocery stores, boutique cafes, and premium salon services.",0,Developing Market (Mid Tier),56.06,16.58,42.0
Pune,Haveli,Hadapsar,45.12,69.06,98.61,87.5,12.5,34.0,1,Prime Metropolitan Urban Suburb,"Hadapsar is a high-demand metropolitan residential and commercial zone featuring high disposable incomes, dense transit connectivity, and modern lifestyle amenities.","High scope for private clinics, specialized child education academies, organic grocery stores, boutique cafes, and premium salon services.",0,Developing Market (Mid Tier),64.07,18.95,42.0
Pune,Haveli,Undri,79.02,121.51,163.62,74.76,25.24,55.04,1,Prime Metropolitan Urban Suburb,"Undri is a high-demand metropolitan residential and commercial zone featuring high disposable incomes, dense transit connectivity, and modern lifestyle amenities.","High scope for private clinics, specialized child education academies, organic grocery stores, boutique cafes, and premium salon services.",2,Saturated Market (Premium Metro),112.21,33.19,42.0
Pune,Haveli,Manjri,53.28,81.3,118.46,78.28,21.72,36.97,1,Prime Metropolitan Urban Suburb,"Manjri is a high-demand metropolitan residential and commercial zone featuring high disposable incomes, dense transit connectivity, and modern lifestyle amenities.","High scope for private clinics, specialized child education academies, organic grocery stores, boutique cafes, and premium salon services.",0,Developing Market (Mid Tier),75.66,22.38,42.0
Pune,Haveli,Khadakwasla,80.87,119.26,175.24,87.44,12.56,59.66,1,Prime Metropolitan Urban Suburb,"Khadakwasla is a high-demand metropolitan residential and commercial zone featuring high disposable incomes, dense transit connectivity, and modern lifestyle amenities.","High scope for private clinics, specialized child education academies, organic grocery stores, boutique cafes, and premium salon services.",2,Saturated Market (Premium Metro),114.84,33.97,42.0
Pune,Haveli,Dhanori,68.24,104.47,153.63,75.85,24.15,47.75,1,Prime Metropolitan Urban Suburb,"Dhanori is a high-demand metropolitan residential and commercial zone featuring high disposable incomes, dense transit connectivity, and modern lifestyle amenities.","High scope for private clinics, specialized child education academies, organic grocery stores, boutique cafes, and premium salon services.",2,Saturated Market (Premium Metro),96.9,28.66,42.0
Pune,Haveli,Fursungi,64.23,93.52,152.29,77.95,22.05,45.16,1,Prime Metropolitan Urban Suburb,"Fursungi is a high-demand metropolitan residential and commercial zone featuring high disposable incomes, dense transit connectivity, and modern lifestyle amenities.","High scope for private clinics, specialized child education academies, organic grocery stores, boutique cafes, and premium salon services.",2,Saturated Market (Premium Metro),91.21,26.98,42.0
Pune,Haveli,Kharadi,47.74,73.18,102.86,78.98,21.02,36.03,1,Tech & Corporate IT Corridor,"Kharadi is a premier technology and corporate employment center hosting multinational software companies, modern business towers, and a high-density professional workforce.","High scope for managed co-living spaces, corporate catering, 24/7 cloud kitchens, executive gyms, and electric vehicle charging infrastructure.",0,Developing Market (Mid Tier),67.79,20.05,42.0
Pune,Pimpri-Chinchwad,Pimpri,75.38,110.34,157.56,85.53,14.47,53.55,1,Prime Metropolitan Urban Suburb,"Pimpri is a high-demand metropolitan residential and commercial zone featuring high disposable incomes, dense transit connectivity, and modern lifestyle amenities.","High scope for private clinics, specialized child education academies, organic grocery stores, boutique cafes, and premium salon services.",2,Saturated Market (Premium Metro),107.04,31.66,42.0
Pune,Pimpri-Chinchwad,Chinchwad,84.07,130.39,198.83,88.09,11.91,59.12,1,Prime Metropolitan Urban Suburb,"Chinchwad is a high-demand metropolitan residential and commercial zone featuring high disposable incomes, dense transit connectivity, and modern lifestyle amenities.","High scope for private clinics, specialized child education academies, organic grocery stores, boutique cafes, and premium salon services.",2,Saturated Market (Premium Metro),119.38,35.31,42.0
Pune,Pimpri-Chinchwad,Akurdi,51.52,79.05,111.5,80.85,19.15,36.09,1,Prime Metropolitan Urban Suburb,"Akurdi is a high-demand metropolitan residential and commercial zone featuring high disposable incomes, dense transit connectivity, and modern lifestyle amenities.","High scope for private clinics, specialized child education academies, organic grocery stores, boutique cafes, and premium salon services.",0,Developing Market (Mid Tier),73.16,21.64,42.0
Pune,Pimpri-Chinchwad,Nigdi,60.52,87.9,134.82,90.66,9.34,44.52,1,Prime Metropolitan Urban Suburb,"Nigdi is a high-demand metropolitan residential and commercial zone featuring high disposable incomes, dense transit connectivity, and modern lifestyle amenities.","High scope for private clinics, specialized child education academies, organic grocery stores, boutique cafes, and premium salon services.",2,Saturated Market (Premium Metro),85.94,25.42,42.0
Pune,Pimpri-Chinchwad,Bhosari MIDC,44.45,67.5,99.73,76.85,23.15,32.61,1,Industrial & Automotive MIDC,"Bhosari MIDC is a planned industrial manufacturing ecosystem supporting heavy engineering, automotive assembly, chemical plants, and precision component fabrication.","Robust scope for industrial hardware supply, scrap recycling, contractual worker transport, industrial safety gear, and CNC tooling services.",0,Developing Market (Mid Tier),63.12,18.67,42.0
Pune,Pimpri-Chinchwad,Wakad,62.96,95.83,130.16,80.27,19.73,46.43,1,Prime Metropolitan Urban Suburb,"Wakad is a high-demand metropolitan residential and commercial zone featuring high disposable incomes, dense transit connectivity, and modern lifestyle amenities.","High scope for private clinics, specialized child education academies, organic grocery stores, boutique cafes, and premium salon services.",2,Saturated Market (Premium Metro),89.4,26.44,42.0
Pune,Pimpri-Chinchwad,Pimple Saudagar,42.73,65.95,87.67,83.01,16.99,32.23,1,Prime Metropolitan Urban Suburb,"Pimple Saudagar is a high-demand metropolitan residential and commercial zone featuring high disposable incomes, dense transit connectivity, and modern lifestyle amenities.","High scope for private clinics, specialized child education academies, organic grocery stores, boutique cafes, and premium salon services.",0,Developing Market (Mid Tier),60.68,17.95,42.0
Pune,Pimpri-Chinchwad,Ravet,57.12,89.66,133.65,81.55,18.45,39.75,1,Prime Metropolitan Urban Suburb,"Ravet is a high-demand metropolitan residential and commercial zone featuring high disposable incomes, dense transit connectivity, and modern lifestyle amenities.","High scope for private clinics, specialized child education academies, organic grocery stores, boutique cafes, and premium salon services.",2,Saturated Market (Premium Metro),81.11,23.99,42.0
Pune,Pimpri-Chinchwad,Moshi,83.3,122.57,188.52,90.16,9.84,57.24,1,Prime Metropolitan Urban Suburb,"Moshi is a high-demand metropolitan residential and commercial zone featuring high disposable incomes, dense transit connectivity, and modern lifestyle amenities.","High scope for private clinics, specialized child education academies, organic grocery stores, boutique cafes, and premium salon services.",2,Saturated Market (Premium Metro),118.29,34.99,42.0
Pune,Pimpri-Chinchwad,Chakan,64.98,97.84,148.72,90.73,9.27,48.93,1,Industrial & Automotive MIDC,"Chakan is a planned industrial manufacturing ecosystem supporting heavy engineering, automotive assembly, chemical plants, and precision component fabrication.","Robust scope for industrial hardware supply, scrap recycling, contractual worker transport, industrial safety gear, and CNC tooling services.",2,Saturated Market (Premium Metro),92.27,27.29,42.0
Pune,Mulshi,Pirangut,46.23,72.17,97.45,90.39,9.61,35.12,1,Prime Metropolitan Urban Suburb,"Pirangut is a high-demand metropolitan residential and commercial zone featuring high disposable incomes, dense transit connectivity, and modern lifestyle amenities.","High scope for private clinics, specialized child education academies, organic grocery stores, boutique cafes, and premium salon services.",2,Saturated Market (Premium Metro),65.65,19.42,42.0
Pune,Mulshi,Paud,56.66,84.95,133.67,91.24,8.76,42.73,1,Prime Metropolitan Urban Suburb,"Paud is a high-demand metropolitan residential and commercial zone featuring high disposable incomes, dense transit connectivity, and modern lifestyle amenities.","High scope for private clinics, specialized child education academies, organic grocery stores, boutique cafes, and premium salon services.",2,Saturated Market (Premium Metro),80.46,23.8,42.0
Pune,Mulshi,Lavale,79.21,112.6,177.23,74.15,25.85,60.09,1,Prime Metropolitan Urban Suburb,"Lavale is a high-demand metropolitan residential and commercial zone featuring high disposable incomes, dense transit connectivity, and modern lifestyle amenities.","High scope for private clinics, specialized child education academies, organic grocery stores, boutique cafes, and premium salon services.",2,Saturated Market (Premium Metro),112.48,33.27,42.0
Pune,Mulshi,Marunji,51.37,81.08,114.52,81.88,18.12,38.79,1,Prime Metropolitan Urban Suburb,"Marunji is a high-demand metropolitan residential and commercial zone featuring high disposable incomes, dense transit connectivity, and modern lifestyle amenities.","High scope for private clinics, specialized child education academies, organic grocery stores, boutique cafes, and premium salon services.",0,Developing Market (Mid Tier),72.95,21.58,42.0
Pune,Mulshi,Hinjawadi Phase 3,78.0,116.6,164.86,74.25,25.75,54.05,1,Tech & Corporate IT Corridor,"Hinjawadi Phase 3 is a premier technology and corporate employment center hosting multinational software companies, modern business towers, and a high-density professional workforce.","High scope for managed co-living spaces, corporate catering, 24/7 cloud kitchens, executive gyms, and electric vehicle charging infrastructure.",2,Saturated Market (Premium Metro),110.76,32.76,42.0
Pune,Mulshi,Bhugaon,59.57,87.04,125.78,86.73,13.27,44.28,1,Prime Metropolitan Urban Suburb,"Bhugaon is a high-demand metropolitan residential and commercial zone featuring high disposable incomes, dense transit connectivity, and modern lifestyle amenities.","High scope for private clinics, specialized child education academies, organic grocery stores, boutique cafes, and premium salon services.",2,Saturated Market (Premium Metro),84.59,25.02,42.0
Pune,Mulshi,Sus,64.69,99.7,136.36,89.12,10.88,48.63,1,Prime Metropolitan Urban Suburb,"Sus is a high-demand metropolitan residential and commercial zone featuring high disposable incomes, dense transit connectivity, and modern lifestyle amenities.","High scope for private clinics, specialized child education academies, organic grocery stores, boutique cafes, and premium salon services.",2,Saturated Market (Premium Metro),91.86,27.17,42.0
Pune,Mulshi,Ghotawade,76.87,115.49,159.78,85.39,14.61,53.41,1,Prime Metropolitan Urban Suburb,"Ghotawade is a high-demand metropolitan residential and commercial zone featuring high disposable incomes, dense transit connectivity, and modern lifestyle amenities.","High scope for private clinics, specialized child education academies, organic grocery stores, boutique cafes, and premium salon services.",2,Saturated Market (Premium Metro),109.16,32.29,42.0
Pune,Baramati,Baramati City,44.61,65.66,95.1,77.22,22.78,31.18,1,Dairy & Cooperative Sugar Belt,"Baramati City is a prosperous cooperative powerhouse known for intensive sugarcane farming, modern milk processing plants, and robust agrarian entrepreneurship.","High scope for dairy value-add processing (cheese, paneer), cattle feed distribution, agricultural machinery repair, and solar pumps.",0,Developing Market (Mid Tier),63.35,18.74,42.0
Pune,Baramati,MIDC Baramati,73.43,115.48,157.85,86.46,13.54,50.0,1,Dairy & Cooperative Sugar Belt,"MIDC Baramati is a prosperous cooperative powerhouse known for intensive sugarcane farming, modern milk processing plants, and robust agrarian entrepreneurship.","High scope for dairy value-add processing (cheese, paneer), cattle feed distribution, agricultural machinery repair, and solar pumps.",2,Saturated Market (Premium Metro),104.27,30.84,42.0
Pune,Baramati,Supa,68.72,105.2,142.28,74.36,25.64,48.42,1,Dairy & Cooperative Sugar Belt,"Supa is a prosperous cooperative powerhouse known for intensive sugarcane farming, modern milk processing plants, and robust agrarian entrepreneurship.","High scope for dairy value-add processing (cheese, paneer), cattle feed distribution, agricultural machinery repair, and solar pumps.",2,Saturated Market (Premium Metro),97.58,28.86,42.0
Pune,Baramati,Malad BK,57.05,85.6,133.8,86.07,13.93,40.21,1,Dairy & Cooperative Sugar Belt,"Malad BK is a prosperous cooperative powerhouse known for intensive sugarcane farming, modern milk processing plants, and robust agrarian entrepreneurship.","High scope for dairy value-add processing (cheese, paneer), cattle feed distribution, agricultural machinery repair, and solar pumps.",2,Saturated Market (Premium Metro),81.01,23.96,42.0
Pune,Baramati,Songaon,43.52,68.18,93.45,84.29,15.71,30.36,1,Dairy & Cooperative Sugar Belt,"Songaon is a prosperous cooperative powerhouse known for intensive sugarcane farming, modern milk processing plants, and robust agrarian entrepreneurship.","High scope for dairy value-add processing (cheese, paneer), cattle feed distribution, agricultural machinery repair, and solar pumps.",0,Developing Market (Mid Tier),61.8,18.28,42.0
Pune,Baramati,Tandulwadi,44.28,63.96,101.7,84.11,15.89,31.58,1,Dairy & Cooperative Sugar Belt,"Tandulwadi is a prosperous cooperative powerhouse known for intensive sugarcane farming, modern milk processing plants, and robust agrarian entrepreneurship.","High scope for dairy value-add processing (cheese, paneer), cattle feed distribution, agricultural machinery repair, and solar pumps.",0,Developing Market (Mid Tier),62.88,18.6,42.0
Pune,Baramati,Jalochi,63.81,95.42,142.13,85.28,14.72,44.51,1,Dairy & Cooperative Sugar Belt,"Jalochi is a prosperous cooperative powerhouse known for intensive sugarcane farming, modern milk processing plants, and robust agrarian entrepreneurship.","High scope for dairy value-add processing (cheese, paneer), cattle feed distribution, agricultural machinery repair, and solar pumps.",2,Saturated Market (Premium Metro),90.61,26.8,42.0
Pune,Baramati,Karanje,49.63,76.47,116.04,73.64,26.36,35.52,1,Dairy & Cooperative Sugar Belt,"Karanje is a prosperous cooperative powerhouse known for intensive sugarcane farming, modern milk processing plants, and robust agrarian entrepreneurship.","High scope for dairy value-add processing (cheese, paneer), cattle feed distribution, agricultural machinery repair, and solar pumps.",0,Developing Market (Mid Tier),70.47,20.84,42.0
Pune,Shirur,Shirur Town,71.08,101.82,158.95,73.24,26.76,51.45,1,Prime Metropolitan Urban Suburb,"Shirur Town is a high-demand metropolitan residential and commercial zone featuring high disposable incomes, dense transit connectivity, and modern lifestyle amenities.","High scope for private clinics, specialized child education academies, organic grocery stores, boutique cafes, and premium salon services.",2,Saturated Market (Premium Metro),100.93,29.85,42.0
Pune,Shirur,Ranjangaon MIDC,61.76,93.36,129.66,78.56,21.44,44.57,1,Industrial & Automotive MIDC,"Ranjangaon MIDC is a planned industrial manufacturing ecosystem supporting heavy engineering, automotive assembly, chemical plants, and precision component fabrication.","Robust scope for industrial hardware supply, scrap recycling, contractual worker transport, industrial safety gear, and CNC tooling services.",2,Saturated Market (Premium Metro),87.7,25.94,42.0
Pune,Shirur,Sanaswadi,43.46,63.14,97.46,73.82,26.18,31.33,1,Prime Metropolitan Urban Suburb,"Sanaswadi is a high-demand metropolitan residential and commercial zone featuring high disposable incomes, dense transit connectivity, and modern lifestyle amenities.","High scope for private clinics, specialized child education academies, organic grocery stores, boutique cafes, and premium salon services.",0,Developing Market (Mid Tier),61.71,18.25,42.0
Pune,Shirur,Shikrapur,76.01,113.45,168.69,81.14,18.86,52.04,1,Prime Metropolitan Urban Suburb,"Shikrapur is a high-demand metropolitan residential and commercial zone featuring high disposable incomes, dense transit connectivity, and modern lifestyle amenities.","High scope for private clinics, specialized child education academies, organic grocery stores, boutique cafes, and premium salon services.",2,Saturated Market (Premium Metro),107.93,31.92,42.0
Pune,Shirur,Talegaon Dhamdhere,59.73,92.53,136.7,79.92,20.08,44.52,1,Prime Metropolitan Urban Suburb,"Talegaon Dhamdhere is a high-demand metropolitan residential and commercial zone featuring high disposable incomes, dense transit connectivity, and modern lifestyle amenities.","High scope for private clinics, specialized child education academies, organic grocery stores, boutique cafes, and premium salon services.",2,Saturated Market (Premium Metro),84.82,25.09,42.0
Pune,Shirur,Koregaon Bhima,73.05,110.49,150.84,78.89,21.11,50.05,1,Prime Metropolitan Urban Suburb,"Koregaon Bhima is a high-demand metropolitan residential and commercial zone featuring high disposable incomes, dense transit connectivity, and modern lifestyle amenities.","High scope for private clinics, specialized child education academies, organic grocery stores, boutique cafes, and premium salon services.",2,Saturated Market (Premium Metro),103.73,30.68,42.0
Pune,Daund,Daund Town,84.72,132.97,175.61,90.68,9.32,57.82,1,Prime Metropolitan Urban Suburb,"Daund Town is a high-demand metropolitan residential and commercial zone featuring high disposable incomes, dense transit connectivity, and modern lifestyle amenities.","High scope for private clinics, specialized child education academies, organic grocery stores, boutique cafes, and premium salon services.",2,Saturated Market (Premium Metro),120.3,35.58,42.0
Pune,Daund,Kurkumbh MIDC,57.22,88.29,131.76,91.57,8.43,41.87,1,Industrial & Automotive MIDC,"Kurkumbh MIDC is a planned industrial manufacturing ecosystem supporting heavy engineering, automotive assembly, chemical plants, and precision component fabrication.","Robust scope for industrial hardware supply, scrap recycling, contractual worker transport, industrial safety gear, and CNC tooling services.",2,Saturated Market (Premium Metro),81.25,24.03,42.0
Pune,Daund,Patas,57.76,91.19,125.7,89.39,10.61,43.47,1,Prime Metropolitan Urban Suburb,"Patas is a high-demand metropolitan residential and commercial zone featuring high disposable incomes, dense transit connectivity, and modern lifestyle amenities.","High scope for private clinics, specialized child education academies, organic grocery stores, boutique cafes, and premium salon services.",2,Saturated Market (Premium Metro),82.02,24.26,42.0
Pune,Daund,Kashti,55.66,85.12,126.26,82.79,17.21,40.76,1,Prime Metropolitan Urban Suburb,"Kashti is a high-demand metropolitan residential and commercial zone featuring high disposable incomes, dense transit connectivity, and modern lifestyle amenities.","High scope for private clinics, specialized child education academies, organic grocery stores, boutique cafes, and premium salon services.",2,Saturated Market (Premium Metro),79.04,23.38,42.0
Pune,Daund,Kedgaon,54.35,78.73,121.05,82.58,17.42,40.12,1,Prime Metropolitan Urban Suburb,"Kedgaon is a high-demand metropolitan residential and commercial zone featuring high disposable incomes, dense transit connectivity, and modern lifestyle amenities.","High scope for private clinics, specialized child education academies, organic grocery stores, boutique cafes, and premium salon services.",2,Saturated Market (Premium Metro),77.18,22.83,42.0
Pune,Daund,Yavat,48.47,68.85,99.73,77.97,22.03,35.57,1,Prime Metropolitan Urban Suburb,"Yavat is a high-demand metropolitan residential and commercial zone featuring high disposable incomes, dense transit connectivity, and modern lifestyle amenities.","High scope for private clinics, specialized child education academies, organic grocery stores, boutique cafes, and premium salon services.",0,Developing Market (Mid Tier),68.83,20.36,42.0
Pune,Maval,Talegaon Dabhade,63.59,95.71,147.64,76.95,23.05,45.0,1,Prime Metropolitan Urban Suburb,"Talegaon Dabhade is a high-demand metropolitan residential and commercial zone featuring high disposable incomes, dense transit connectivity, and modern lifestyle amenities.","High scope for private clinics, specialized child education academies, organic grocery stores, boutique cafes, and premium salon services.",2,Saturated Market (Premium Metro),90.3,26.71,42.0
Pune,Maval,Lonavala,50.96,80.01,116.66,74.26,25.74,37.95,1,Prime Metropolitan Urban Suburb,"Lonavala is a high-demand metropolitan residential and commercial zone featuring high disposable incomes, dense transit connectivity, and modern lifestyle amenities.","High scope for private clinics, specialized child education academies, organic grocery stores, boutique cafes, and premium salon services.",0,Developing Market (Mid Tier),72.36,21.4,42.0
Pune,Maval,Kamshet,57.7,89.01,135.11,72.31,27.69,40.19,1,Prime Metropolitan Urban Suburb,"Kamshet is a high-demand metropolitan residential and commercial zone featuring high disposable incomes, dense transit connectivity, and modern lifestyle amenities.","High scope for private clinics, specialized child education academies, organic grocery stores, boutique cafes, and premium salon services.",0,Developing Market (Mid Tier),81.93,24.23,42.0
Pune,Maval,Vadgaon Maval,42.74,60.92,96.05,86.07,13.93,29.23,1,Prime Metropolitan Urban Suburb,"Vadgaon Maval is a high-demand metropolitan residential and commercial zone featuring high disposable incomes, dense transit connectivity, and modern lifestyle amenities.","High scope for private clinics, specialized child education academies, organic grocery stores, boutique cafes, and premium salon services.",0,Developing Market (Mid Tier),60.69,17.95,42.0
Pune,Maval,Dehu Road,72.81,108.08,154.89,76.35,23.65,54.54,1,Prime Metropolitan Urban Suburb,"Dehu Road is a high-demand metropolitan residential and commercial zone featuring high disposable incomes, dense transit connectivity, and modern lifestyle amenities.","High scope for private clinics, specialized child education academies, organic grocery stores, boutique cafes, and premium salon services.",2,Saturated Market (Premium Metro),103.39,30.58,42.0
Pune,Maval,Somatane,40.65,61.0,87.21,88.32,11.68,30.02,1,Prime Metropolitan Urban Suburb,"Somatane is a high-demand metropolitan residential and commercial zone featuring high disposable incomes, dense transit connectivity, and modern lifestyle amenities.","High scope for private clinics, specialized child education academies, organic grocery stores, boutique cafes, and premium salon services.",0,Developing Market (Mid Tier),57.72,17.07,42.0
Pune,Bhor,Bhor Town,52.99,80.32,120.39,78.41,21.59,37.31,1,Prime Metropolitan Urban Suburb,"Bhor Town is a high-demand metropolitan residential and commercial zone featuring high disposable incomes, dense transit connectivity, and modern lifestyle amenities.","High scope for private clinics, specialized child education academies, organic grocery stores, boutique cafes, and premium salon services.",0,Developing Market (Mid Tier),75.25,22.26,42.0
Pune,Bhor,Nasrapur,44.73,68.24,94.96,78.01,21.99,30.63,1,Prime Metropolitan Urban Suburb,"Nasrapur is a high-demand metropolitan residential and commercial zone featuring high disposable incomes, dense transit connectivity, and modern lifestyle amenities.","High scope for private clinics, specialized child education academies, organic grocery stores, boutique cafes, and premium salon services.",0,Developing Market (Mid Tier),63.52,18.79,42.0
Pune,Bhor,Kikvi,82.58,128.89,194.13,84.52,15.48,58.98,1,Prime Metropolitan Urban Suburb,"Kikvi is a high-demand metropolitan residential and commercial zone featuring high disposable incomes, dense transit connectivity, and modern lifestyle amenities.","High scope for private clinics, specialized child education academies, organic grocery stores, boutique cafes, and premium salon services.",2,Saturated Market (Premium Metro),117.26,34.68,42.0
Pune,Bhor,Rajgad,61.29,96.57,144.69,85.43,14.57,45.53,1,Prime Metropolitan Urban Suburb,"Rajgad is a high-demand metropolitan residential and commercial zone featuring high disposable incomes, dense transit connectivity, and modern lifestyle amenities.","High scope for private clinics, specialized child education academies, organic grocery stores, boutique cafes, and premium salon services.",2,Saturated Market (Premium Metro),87.03,25.74,42.0
Pune,Bhor,Ambavade,52.98,78.76,111.22,79.53,20.47,39.22,1,Prime Metropolitan Urban Suburb,"Ambavade is a high-demand metropolitan residential and commercial zone featuring high disposable incomes, dense transit connectivity, and modern lifestyle amenities.","High scope for private clinics, specialized child education academies, organic grocery stores, boutique cafes, and premium salon services.",0,Developing Market (Mid Tier),75.23,22.25,42.0
Pune,Bhor,Kapurhol,60.26,93.76,129.51,86.15,13.85,44.86,1,Prime Metropolitan Urban Suburb,"Kapurhol is a high-demand metropolitan residential and commercial zone featuring high disposable incomes, dense transit connectivity, and modern lifestyle amenities.","High scope for private clinics, specialized child education academies, organic grocery stores, boutique cafes, and premium salon services.",2,Saturated Market (Premium Metro),85.57,25.31,42.0
Pune,Junnar,Junnar Town,80.99,122.29,191.9,83.15,16.85,55.94,1,Prime Metropolitan Urban Suburb,"Junnar Town is a high-demand metropolitan residential and commercial zone featuring high disposable incomes, dense transit connectivity, and modern lifestyle amenities.","High scope for private clinics, specialized child education academies, organic grocery stores, boutique cafes, and premium salon services.",2,Saturated Market (Premium Metro),115.01,34.02,42.0
Pune,Junnar,Narayangaon,49.41,71.77,111.84,90.44,9.56,36.95,1,Prime Metropolitan Urban Suburb,"Narayangaon is a high-demand metropolitan residential and commercial zone featuring high disposable incomes, dense transit connectivity, and modern lifestyle amenities.","High scope for private clinics, specialized child education academies, organic grocery stores, boutique cafes, and premium salon services.",2,Saturated Market (Premium Metro),70.16,20.75,42.0
Pune,Junnar,Otur,42.35,65.05,89.48,77.37,22.63,31.08,1,Prime Metropolitan Urban Suburb,"Otur is a high-demand metropolitan residential and commercial zone featuring high disposable incomes, dense transit connectivity, and modern lifestyle amenities.","High scope for private clinics, specialized child education academies, organic grocery stores, boutique cafes, and premium salon services.",0,Developing Market (Mid Tier),60.14,17.79,42.0
Pune,Junnar,Alephata,66.34,103.48,140.12,87.23,12.77,48.96,1,Prime Metropolitan Urban Suburb,"Alephata is a high-demand metropolitan residential and commercial zone featuring high disposable incomes, dense transit connectivity, and modern lifestyle amenities.","High scope for private clinics, specialized child education academies, organic grocery stores, boutique cafes, and premium salon services.",2,Saturated Market (Premium Metro),94.2,27.86,42.0
Pune,Junnar,Ozar,64.27,96.19,150.19,78.66,21.34,48.62,1,Prime Metropolitan Urban Suburb,"Ozar is a high-demand metropolitan residential and commercial zone featuring high disposable incomes, dense transit connectivity, and modern lifestyle amenities.","High scope for private clinics, specialized child education academies, organic grocery stores, boutique cafes, and premium salon services.",2,Saturated Market (Premium Metro),91.26,26.99,42.0
Pune,Junnar,Lenyadri,38.72,60.79,91.67,74.35,25.65,29.43,1,Prime Metropolitan Urban Suburb,"Lenyadri is a high-demand metropolitan residential and commercial zone featuring high disposable incomes, dense transit connectivity, and modern lifestyle amenities.","High scope for private clinics, specialized child education academies, organic grocery stores, boutique cafes, and premium salon services.",0,Developing Market (Mid Tier),54.98,16.26,42.0
Pune,Ambegaon,Manchar,60.51,88.27,136.11,76.09,23.91,45.58,1,Prime Metropolitan Urban Suburb,"Manchar is a high-demand metropolitan residential and commercial zone featuring high disposable incomes, dense transit connectivity, and modern lifestyle amenities.","High scope for private clinics, specialized child education academies, organic grocery stores, boutique cafes, and premium salon services.",2,Saturated Market (Premium Metro),85.92,25.41,42.0
Pune,Ambegaon,Ghodegaon,63.95,98.74,139.13,82.67,17.33,45.32,1,Prime Metropolitan Urban Suburb,"Ghodegaon is a high-demand metropolitan residential and commercial zone featuring high disposable incomes, dense transit connectivity, and modern lifestyle amenities.","High scope for private clinics, specialized child education academies, organic grocery stores, boutique cafes, and premium salon services.",2,Saturated Market (Premium Metro),90.81,26.86,42.0
Pune,Ambegaon,Kalamb,50.29,75.54,111.35,73.97,26.03,38.15,1,Prime Metropolitan Urban Suburb,"Kalamb is a high-demand metropolitan residential and commercial zone featuring high disposable incomes, dense transit connectivity, and modern lifestyle amenities.","High scope for private clinics, specialized child education academies, organic grocery stores, boutique cafes, and premium salon services.",0,Developing Market (Mid Tier),71.41,21.12,42.0
Pune,Ambegaon,Avsari,60.07,93.37,141.27,79.41,20.59,42.84,1,Prime Metropolitan Urban Suburb,"Avsari is a high-demand metropolitan residential and commercial zone featuring high disposable incomes, dense transit connectivity, and modern lifestyle amenities.","High scope for private clinics, specialized child education academies, organic grocery stores, boutique cafes, and premium salon services.",2,Saturated Market (Premium Metro),85.3,25.23,42.0
Pune,Ambegaon,Shinoli,64.44,93.79,135.21,77.22,22.78,48.64,1,Prime Metropolitan Urban Suburb,"Shinoli is a high-demand metropolitan residential and commercial zone featuring high disposable incomes, dense transit connectivity, and modern lifestyle amenities.","High scope for private clinics, specialized child education academies, organic grocery stores, boutique cafes, and premium salon services.",2,Saturated Market (Premium Metro),91.5,27.06,42.0
Pune,Khed (Rajgurunagar),Rajgurunagar,65.22,96.97,136.98,78.6,21.4,46.33,1,Prime Metropolitan Urban Suburb,"Rajgurunagar is a high-demand metropolitan residential and commercial zone featuring high disposable incomes, dense transit connectivity, and modern lifestyle amenities.","High scope for private clinics, specialized child education academies, organic grocery stores, boutique cafes, and premium salon services.",2,Saturated Market (Premium Metro),92.61,27.39,42.0
Pune,Khed (Rajgurunagar),Chakan MIDC,77.17,115.75,174.87,85.7,14.3,54.06,1,Industrial & Automotive MIDC,"Chakan MIDC is a planned industrial manufacturing ecosystem supporting heavy engineering, automotive assembly, chemical plants, and precision component fabrication.","Robust scope for industrial hardware supply, scrap recycling, contractual worker transport, industrial safety gear, and CNC tooling services.",2,Saturated Market (Premium Metro),109.58,32.41,42.0
Pune,Khed (Rajgurunagar),Alandi,76.61,120.63,173.27,81.81,18.19,53.13,1,Prime Metropolitan Urban Suburb,"Alandi is a high-demand metropolitan residential and commercial zone featuring high disposable incomes, dense transit connectivity, and modern lifestyle amenities.","High scope for private clinics, specialized child education academies, organic grocery stores, boutique cafes, and premium salon services.",2,Saturated Market (Premium Metro),108.79,32.18,42.0
Pune,Khed (Rajgurunagar),Mahalunge,75.36,109.05,172.4,81.77,18.23,56.77,1,Prime Metropolitan Urban Suburb,"Mahalunge is a high-demand metropolitan residential and commercial zone featuring high disposable incomes, dense transit connectivity, and modern lifestyle amenities.","High scope for private clinics, specialized child education academies, organic grocery stores, boutique cafes, and premium salon services.",2,Saturated Market (Premium Metro),107.01,31.65,42.0
Pune,Khed (Rajgurunagar),Khed Town,63.48,96.66,131.36,72.68,27.32,47.47,1,Prime Metropolitan Urban Suburb,"Khed Town is a high-demand metropolitan residential and commercial zone featuring high disposable incomes, dense transit connectivity, and modern lifestyle amenities.","High scope for private clinics, specialized child education academies, organic grocery stores, boutique cafes, and premium salon services.",2,Saturated Market (Premium Metro),90.14,26.66,42.0
Pune,Purandar,Saswad,82.42,125.85,189.75,80.25,19.75,61.6,1,Prime Metropolitan Urban Suburb,"Saswad is a high-demand metropolitan residential and commercial zone featuring high disposable incomes, dense transit connectivity, and modern lifestyle amenities.","High scope for private clinics, specialized child education academies, organic grocery stores, boutique cafes, and premium salon services.",2,Saturated Market (Premium Metro),117.04,34.62,42.0
Pune,Purandar,Jejuri,48.88,74.94,100.35,82.11,17.89,34.7,1,Prime Metropolitan Urban Suburb,"Jejuri is a high-demand metropolitan residential and commercial zone featuring high disposable incomes, dense transit connectivity, and modern lifestyle amenities.","High scope for private clinics, specialized child education academies, organic grocery stores, boutique cafes, and premium salon services.",0,Developing Market (Mid Tier),69.41,20.53,42.0
Pune,Purandar,Belsar,67.04,102.35,151.07,81.66,18.34,48.2,1,Prime Metropolitan Urban Suburb,"Belsar is a high-demand metropolitan residential and commercial zone featuring high disposable incomes, dense transit connectivity, and modern lifestyle amenities.","High scope for private clinics, specialized child education academies, organic grocery stores, boutique cafes, and premium salon services.",2,Saturated Market (Premium Metro),95.2,28.16,42.0
Pune,Purandar,Walhe,38.31,57.78,78.69,82.59,17.41,26.89,1,Prime Metropolitan Urban Suburb,"Walhe is a high-demand metropolitan residential and commercial zone featuring high disposable incomes, dense transit connectivity, and modern lifestyle amenities.","High scope for private clinics, specialized child education academies, organic grocery stores, boutique cafes, and premium salon services.",0,Developing Market (Mid Tier),54.4,16.09,42.0
Pune,Purandar,Diwale,83.94,119.43,194.6,85.48,14.52,62.49,1,Prime Metropolitan Urban Suburb,"Diwale is a high-demand metropolitan residential and commercial zone featuring high disposable incomes, dense transit connectivity, and modern lifestyle amenities.","High scope for private clinics, specialized child education academies, organic grocery stores, boutique cafes, and premium salon services.",2,Saturated Market (Premium Metro),119.19,35.25,42.0
Pune,Velhe,Velhe Town,80.76,116.06,168.12,74.98,25.02,56.16,1,Prime Metropolitan Urban Suburb,"Velhe Town is a high-demand metropolitan residential and commercial zone featuring high disposable incomes, dense transit connectivity, and modern lifestyle amenities.","High scope for private clinics, specialized child education academies, organic grocery stores, boutique cafes, and premium salon services.",2,Saturated Market (Premium Metro),114.68,33.92,42.0
Pune,Velhe,Torna Base,62.74,97.27,134.15,79.94,20.06,44.54,1,Prime Metropolitan Urban Suburb,"Torna Base is a high-demand metropolitan residential and commercial zone featuring high disposable incomes, dense transit connectivity, and modern lifestyle amenities.","High scope for private clinics, specialized child education academies, organic grocery stores, boutique cafes, and premium salon services.",2,Saturated Market (Premium Metro),89.09,26.35,42.0
Pune,Velhe,Pasali,57.08,86.21,135.67,76.52,23.48,41.94,1,Prime Metropolitan Urban Suburb,"Pasali is a high-demand metropolitan residential and commercial zone featuring high disposable incomes, dense transit connectivity, and modern lifestyle amenities.","High scope for private clinics, specialized child education academies, organic grocery stores, boutique cafes, and premium salon services.",0,Developing Market (Mid Tier),81.05,23.97,42.0
Pune,Velhe,Kelwad,77.85,118.69,181.64,87.19,12.81,53.52,1,Prime Metropolitan Urban Suburb,"Kelwad is a high-demand metropolitan residential and commercial zone featuring high disposable incomes, dense transit connectivity, and modern lifestyle amenities.","High scope for private clinics, specialized child education academies, organic grocery stores, boutique cafes, and premium salon services.",2,Saturated Market (Premium Metro),110.55,32.7,42.0
Pune,Velhe,Bajarwadi,55.83,84.22,115.49,72.19,27.81,38.73,1,Prime Metropolitan Urban Suburb,"Bajarwadi is a high-demand metropolitan residential and commercial zone featuring high disposable incomes, dense transit connectivity, and modern lifestyle amenities.","High scope for private clinics, specialized child education academies, organic grocery stores, boutique cafes, and premium salon services.",0,Developing Market (Mid Tier),79.28,23.45,42.0
Satara,Satara,Satara City,20.0,29.79,46.18,73.32,26.68,14.97,3,Semi-Urban Market Town,"Satara City serves as a pivotal commercial hub for surrounding rural agrarian villages, providing essential retail, agricultural supplies, and trade services.","Scope for agro-input supply centers, hardware and cement stores, mobile repair shops, local restaurants, and daily consumer goods distribution.",0,Developing Market (Mid Tier),28.4,8.4,42.0
Satara,Satara,Godoli,13.53,20.36,27.93,66.23,33.77,10.14,3,Semi-Urban Market Town,"Godoli serves as a pivotal commercial hub for surrounding rural agrarian villages, providing essential retail, agricultural supplies, and trade services.","Scope for agro-input supply centers, hardware and cement stores, mobile repair shops, local restaurants, and daily consumer goods distribution.",1,High Opportunity (Affordable / High Upside),19.21,5.68,42.0
Satara,Satara,Sadar Bazaar,26.2,39.2,54.11,63.49,36.51,19.76,3,Semi-Urban Market Town,"Sadar Bazaar serves as a pivotal commercial hub for surrounding rural agrarian villages, providing essential retail, agricultural supplies, and trade services.","Scope for agro-input supply centers, hardware and cement stores, mobile repair shops, local restaurants, and daily consumer goods distribution.",1,High Opportunity (Affordable / High Upside),37.2,11.0,42.0
Satara,Satara,Koregaon Road,26.39,39.85,54.39,80.58,19.42,18.61,3,Semi-Urban Market Town,"Koregaon Road serves as a pivotal commercial hub for surrounding rural agrarian villages, providing essential retail, agricultural supplies, and trade services.","Scope for agro-input supply centers, hardware and cement stores, mobile repair shops, local restaurants, and daily consumer goods distribution.",0,Developing Market (Mid Tier),37.47,11.08,42.0
Satara,Satara,MIDC Satara,27.38,41.45,62.93,76.25,23.75,19.49,3,Industrial & Automotive MIDC,"MIDC Satara is a planned industrial manufacturing ecosystem supporting heavy engineering, automotive assembly, chemical plants, and precision component fabrication.","Robust scope for industrial hardware supply, scrap recycling, contractual worker transport, industrial safety gear, and CNC tooling services.",0,Developing Market (Mid Tier),38.88,11.5,42.0
Satara,Satara,Shendre,13.23,19.13,28.17,78.69,21.31,9.41,3,Semi-Urban Market Town,"Shendre serves as a pivotal commercial hub for surrounding rural agrarian villages, providing essential retail, agricultural supplies, and trade services.","Scope for agro-input supply centers, hardware and cement stores, mobile repair shops, local restaurants, and daily consumer goods distribution.",0,Developing Market (Mid Tier),18.79,5.56,42.0
Satara,Satara,Degaon,26.34,38.8,60.56,64.8,35.2,19.99,3,Semi-Urban Market Town,"Degaon serves as a pivotal commercial hub for surrounding rural agrarian villages, providing essential retail, agricultural supplies, and trade services.","Scope for agro-input supply centers, hardware and cement stores, mobile repair shops, local restaurants, and daily consumer goods distribution.",1,High Opportunity (Affordable / High Upside),37.4,11.06,42.0
Satara,Karad,Karad Town,23.59,35.39,55.94,63.07,36.93,16.87,3,Semi-Urban Market Town,"Karad Town serves as a pivotal commercial hub for surrounding rural agrarian villages, providing essential retail, agricultural supplies, and trade services.","Scope for agro-input supply centers, hardware and cement stores, mobile repair shops, local restaurants, and daily consumer goods distribution.",1,High Opportunity (Affordable / High Upside),33.5,9.91,42.0
Satara,Karad,Vidyanagar,25.42,37.48,58.56,81.1,18.9,18.09,3,Education & Knowledge Hub,"Vidyanagar is a prominent regional education destination with colleges, competitive exam coaching institutes, and a large annual influx of students.","High scope for student hostels, PG rentals, reading libraries/study spaces, stationery publishing, and quick-service student food stalls.",0,Developing Market (Mid Tier),36.1,10.68,42.0
Satara,Karad,Ogalewadi,24.38,34.74,52.18,81.85,18.15,17.54,3,Semi-Urban Market Town,"Ogalewadi serves as a pivotal commercial hub for surrounding rural agrarian villages, providing essential retail, agricultural supplies, and trade services.","Scope for agro-input supply centers, hardware and cement stores, mobile repair shops, local restaurants, and daily consumer goods distribution.",0,Developing Market (Mid Tier),34.62,10.24,42.0
Satara,Karad,Umbraj,17.69,27.78,38.79,75.59,24.41,12.96,3,Semi-Urban Market Town,"Umbraj serves as a pivotal commercial hub for surrounding rural agrarian villages, providing essential retail, agricultural supplies, and trade services.","Scope for agro-input supply centers, hardware and cement stores, mobile repair shops, local restaurants, and daily consumer goods distribution.",0,Developing Market (Mid Tier),25.12,7.43,42.0
Satara,Karad,Masur,13.37,20.31,30.93,76.26,23.74,9.18,3,Semi-Urban Market Town,"Masur serves as a pivotal commercial hub for surrounding rural agrarian villages, providing essential retail, agricultural supplies, and trade services.","Scope for agro-input supply centers, hardware and cement stores, mobile repair shops, local restaurants, and daily consumer goods distribution.",0,Developing Market (Mid Tier),18.99,5.62,42.0
Satara,Karad,Saidapur,14.47,22.2,32.69,76.79,23.21,10.21,3,Semi-Urban Market Town,"Saidapur serves as a pivotal commercial hub for surrounding rural agrarian villages, providing essential retail, agricultural supplies, and trade services.","Scope for agro-input supply centers, hardware and cement stores, mobile repair shops, local restaurants, and daily consumer goods distribution.",0,Developing Market (Mid Tier),20.55,6.08,42.0
Satara,Karad,Malkapur Karad,13.7,19.47,29.48,69.2,30.8,9.61,3,Semi-Urban Market Town,"Malkapur Karad serves as a pivotal commercial hub for surrounding rural agrarian villages, providing essential retail, agricultural supplies, and trade services.","Scope for agro-input supply centers, hardware and cement stores, mobile repair shops, local restaurants, and daily consumer goods distribution.",1,High Opportunity (Affordable / High Upside),19.45,5.75,42.0
Satara,Wai,Wai Town,14.12,20.47,31.04,73.09,26.91,10.06,3,Semi-Urban Market Town,"Wai Town serves as a pivotal commercial hub for surrounding rural agrarian villages, providing essential retail, agricultural supplies, and trade services.","Scope for agro-input supply centers, hardware and cement stores, mobile repair shops, local restaurants, and daily consumer goods distribution.",0,Developing Market (Mid Tier),20.05,5.93,42.0
Satara,Wai,Bhuinj,12.42,18.34,25.84,73.96,26.04,8.77,3,Semi-Urban Market Town,"Bhuinj serves as a pivotal commercial hub for surrounding rural agrarian villages, providing essential retail, agricultural supplies, and trade services.","Scope for agro-input supply centers, hardware and cement stores, mobile repair shops, local restaurants, and daily consumer goods distribution.",0,Developing Market (Mid Tier),17.64,5.22,42.0
Satara,Wai,Pachwad,18.16,26.64,39.55,63.69,36.31,13.66,3,Semi-Urban Market Town,"Pachwad serves as a pivotal commercial hub for surrounding rural agrarian villages, providing essential retail, agricultural supplies, and trade services.","Scope for agro-input supply centers, hardware and cement stores, mobile repair shops, local restaurants, and daily consumer goods distribution.",1,High Opportunity (Affordable / High Upside),25.79,7.63,42.0
Satara,Wai,Pasarni,26.48,41.75,59.28,65.39,34.61,18.81,3,Semi-Urban Market Town,"Pasarni serves as a pivotal commercial hub for surrounding rural agrarian villages, providing essential retail, agricultural supplies, and trade services.","Scope for agro-input supply centers, hardware and cement stores, mobile repair shops, local restaurants, and daily consumer goods distribution.",1,High Opportunity (Affordable / High Upside),37.6,11.12,42.0
Satara,Wai,Dhom,14.22,20.88,31.47,63.27,36.73,10.16,3,Semi-Urban Market Town,"Dhom serves as a pivotal commercial hub for surrounding rural agrarian villages, providing essential retail, agricultural supplies, and trade services.","Scope for agro-input supply centers, hardware and cement stores, mobile repair shops, local restaurants, and daily consumer goods distribution.",1,High Opportunity (Affordable / High Upside),20.19,5.97,42.0
Satara,Wai,Songir,18.74,28.06,38.89,67.03,32.97,13.11,3,Semi-Urban Market Town,"Songir serves as a pivotal commercial hub for surrounding rural agrarian villages, providing essential retail, agricultural supplies, and trade services.","Scope for agro-input supply centers, hardware and cement stores, mobile repair shops, local restaurants, and daily consumer goods distribution.",1,High Opportunity (Affordable / High Upside),26.61,7.87,42.0
Satara,Mahabaleshwar,Mahabaleshwar Town,22.0,33.33,46.52,64.14,35.86,15.5,3,Semi-Urban Market Town,"Mahabaleshwar Town serves as a pivotal commercial hub for surrounding rural agrarian villages, providing essential retail, agricultural supplies, and trade services.","Scope for agro-input supply centers, hardware and cement stores, mobile repair shops, local restaurants, and daily consumer goods distribution.",1,High Opportunity (Affordable / High Upside),31.24,9.24,42.0
Satara,Mahabaleshwar,Panchgani,27.18,40.04,61.28,78.08,21.92,19.2,3,Semi-Urban Market Town,"Panchgani serves as a pivotal commercial hub for surrounding rural agrarian villages, providing essential retail, agricultural supplies, and trade services.","Scope for agro-input supply centers, hardware and cement stores, mobile repair shops, local restaurants, and daily consumer goods distribution.",0,Developing Market (Mid Tier),38.6,11.42,42.0
Satara,Mahabaleshwar,Pratapgad,17.36,26.92,40.51,81.48,18.52,11.99,3,Semi-Urban Market Town,"Pratapgad serves as a pivotal commercial hub for surrounding rural agrarian villages, providing essential retail, agricultural supplies, and trade services.","Scope for agro-input supply centers, hardware and cement stores, mobile repair shops, local restaurants, and daily consumer goods distribution.",0,Developing Market (Mid Tier),24.65,7.29,42.0
Satara,Mahabaleshwar,Kshetra Mahabaleshwar,17.13,26.92,36.25,68.28,31.72,12.97,3,Semi-Urban Market Town,"Kshetra Mahabaleshwar serves as a pivotal commercial hub for surrounding rural agrarian villages, providing essential retail, agricultural supplies, and trade services.","Scope for agro-input supply centers, hardware and cement stores, mobile repair shops, local restaurants, and daily consumer goods distribution.",1,High Opportunity (Affordable / High Upside),24.32,7.19,42.0
Satara,Mahabaleshwar,Metgutad,27.5,40.33,62.68,71.82,28.18,19.97,3,Semi-Urban Market Town,"Metgutad serves as a pivotal commercial hub for surrounding rural agrarian villages, providing essential retail, agricultural supplies, and trade services.","Scope for agro-input supply centers, hardware and cement stores, mobile repair shops, local restaurants, and daily consumer goods distribution.",0,Developing Market (Mid Tier),39.05,11.55,42.0
Satara,Phaltan,Phaltan Town,15.88,23.51,36.83,69.86,30.14,10.94,3,Semi-Urban Market Town,"Phaltan Town serves as a pivotal commercial hub for surrounding rural agrarian villages, providing essential retail, agricultural supplies, and trade services.","Scope for agro-input supply centers, hardware and cement stores, mobile repair shops, local restaurants, and daily consumer goods distribution.",1,High Opportunity (Affordable / High Upside),22.55,6.67,42.0
Satara,Phaltan,MIDC Phaltan,21.02,31.84,46.88,75.63,24.37,15.22,3,Industrial & Automotive MIDC,"MIDC Phaltan is a planned industrial manufacturing ecosystem supporting heavy engineering, automotive assembly, chemical plants, and precision component fabrication.","Robust scope for industrial hardware supply, scrap recycling, contractual worker transport, industrial safety gear, and CNC tooling services.",0,Developing Market (Mid Tier),29.85,8.83,42.0
Satara,Phaltan,Taradgaon,27.25,40.71,62.23,70.77,29.23,19.17,3,Semi-Urban Market Town,"Taradgaon serves as a pivotal commercial hub for surrounding rural agrarian villages, providing essential retail, agricultural supplies, and trade services.","Scope for agro-input supply centers, hardware and cement stores, mobile repair shops, local restaurants, and daily consumer goods distribution.",0,Developing Market (Mid Tier),38.7,11.45,42.0
Satara,Phaltan,Barad,23.09,35.81,53.4,70.18,29.82,16.62,3,Semi-Urban Market Town,"Barad serves as a pivotal commercial hub for surrounding rural agrarian villages, providing essential retail, agricultural supplies, and trade services.","Scope for agro-input supply centers, hardware and cement stores, mobile repair shops, local restaurants, and daily consumer goods distribution.",0,Developing Market (Mid Tier),32.79,9.7,42.0
Satara,Phaltan,Lonand,22.13,32.28,50.18,76.3,23.7,16.45,3,Semi-Urban Market Town,"Lonand serves as a pivotal commercial hub for surrounding rural agrarian villages, providing essential retail, agricultural supplies, and trade services.","Scope for agro-input supply centers, hardware and cement stores, mobile repair shops, local restaurants, and daily consumer goods distribution.",0,Developing Market (Mid Tier),31.42,9.29,42.0
Satara,Phaltan,Sakharwadi,13.18,20.8,29.1,70.02,29.98,9.5,3,Semi-Urban Market Town,"Sakharwadi serves as a pivotal commercial hub for surrounding rural agrarian villages, providing essential retail, agricultural supplies, and trade services.","Scope for agro-input supply centers, hardware and cement stores, mobile repair shops, local restaurants, and daily consumer goods distribution.",1,High Opportunity (Affordable / High Upside),18.72,5.54,42.0
Satara,Koregaon,Koregaon Town,26.73,40.91,59.59,77.81,22.19,18.95,3,Semi-Urban Market Town,"Koregaon Town serves as a pivotal commercial hub for surrounding rural agrarian villages, providing essential retail, agricultural supplies, and trade services.","Scope for agro-input supply centers, hardware and cement stores, mobile repair shops, local restaurants, and daily consumer goods distribution.",0,Developing Market (Mid Tier),37.96,11.23,42.0
Satara,Koregaon,Rahimatpur,26.33,39.65,59.52,63.7,36.3,19.52,3,Semi-Urban Market Town,"Rahimatpur serves as a pivotal commercial hub for surrounding rural agrarian villages, providing essential retail, agricultural supplies, and trade services.","Scope for agro-input supply centers, hardware and cement stores, mobile repair shops, local restaurants, and daily consumer goods distribution.",1,High Opportunity (Affordable / High Upside),37.39,11.06,42.0
Satara,Koregaon,Kumthe,22.52,33.26,50.97,62.89,37.11,17.09,3,Semi-Urban Market Town,"Kumthe serves as a pivotal commercial hub for surrounding rural agrarian villages, providing essential retail, agricultural supplies, and trade services.","Scope for agro-input supply centers, hardware and cement stores, mobile repair shops, local restaurants, and daily consumer goods distribution.",1,High Opportunity (Affordable / High Upside),31.98,9.46,42.0
Satara,Koregaon,Wagholi Satara,22.84,33.89,52.5,81.31,18.69,16.32,3,Semi-Urban Market Town,"Wagholi Satara serves as a pivotal commercial hub for surrounding rural agrarian villages, providing essential retail, agricultural supplies, and trade services.","Scope for agro-input supply centers, hardware and cement stores, mobile repair shops, local restaurants, and daily consumer goods distribution.",0,Developing Market (Mid Tier),32.43,9.59,42.0
Satara,Koregaon,Kinhai,12.17,17.79,27.0,72.38,27.62,8.84,3,Semi-Urban Market Town,"Kinhai serves as a pivotal commercial hub for surrounding rural agrarian villages, providing essential retail, agricultural supplies, and trade services.","Scope for agro-input supply centers, hardware and cement stores, mobile repair shops, local restaurants, and daily consumer goods distribution.",0,Developing Market (Mid Tier),17.28,5.11,42.0
Satara,Patan,Patan Town,21.2,31.62,46.2,77.45,22.55,15.41,3,Semi-Urban Market Town,"Patan Town serves as a pivotal commercial hub for surrounding rural agrarian villages, providing essential retail, agricultural supplies, and trade services.","Scope for agro-input supply centers, hardware and cement stores, mobile repair shops, local restaurants, and daily consumer goods distribution.",0,Developing Market (Mid Tier),30.1,8.9,42.0
Satara,Patan,Koynanagar,20.01,29.52,41.18,64.09,35.91,14.27,3,Semi-Urban Market Town,"Koynanagar serves as a pivotal commercial hub for surrounding rural agrarian villages, providing essential retail, agricultural supplies, and trade services.","Scope for agro-input supply centers, hardware and cement stores, mobile repair shops, local restaurants, and daily consumer goods distribution.",1,High Opportunity (Affordable / High Upside),28.41,8.4,42.0
Satara,Patan,Dhebewadi,27.39,39.4,64.65,64.83,35.17,19.31,3,Semi-Urban Market Town,"Dhebewadi serves as a pivotal commercial hub for surrounding rural agrarian villages, providing essential retail, agricultural supplies, and trade services.","Scope for agro-input supply centers, hardware and cement stores, mobile repair shops, local restaurants, and daily consumer goods distribution.",1,High Opportunity (Affordable / High Upside),38.89,11.5,42.0
Satara,Patan,Malharpeth,19.29,28.03,42.62,71.52,28.48,13.79,3,Semi-Urban Market Town,"Malharpeth serves as a pivotal commercial hub for surrounding rural agrarian villages, providing essential retail, agricultural supplies, and trade services.","Scope for agro-input supply centers, hardware and cement stores, mobile repair shops, local restaurants, and daily consumer goods distribution.",0,Developing Market (Mid Tier),27.39,8.1,42.0
Satara,Patan,Tarale,23.15,34.05,49.75,78.2,21.8,15.96,3,Semi-Urban Market Town,"Tarale serves as a pivotal commercial hub for surrounding rural agrarian villages, providing essential retail, agricultural supplies, and trade services.","Scope for agro-input supply centers, hardware and cement stores, mobile repair shops, local restaurants, and daily consumer goods distribution.",0,Developing Market (Mid Tier),32.87,9.72,42.0
Satara,Khatav,Vaduj,25.59,38.99,58.18,65.29,34.71,19.42,3,Semi-Urban Market Town,"Vaduj serves as a pivotal commercial hub for surrounding rural agrarian villages, providing essential retail, agricultural supplies, and trade services.","Scope for agro-input supply centers, hardware and cement stores, mobile repair shops, local restaurants, and daily consumer goods distribution.",1,High Opportunity (Affordable / High Upside),36.34,10.75,42.0
Satara,Khatav,Aundh,15.9,23.02,33.44,73.2,26.8,12.03,3,Semi-Urban Market Town,"Aundh serves as a pivotal commercial hub for surrounding rural agrarian villages, providing essential retail, agricultural supplies, and trade services.","Scope for agro-input supply centers, hardware and cement stores, mobile repair shops, local restaurants, and daily consumer goods distribution.",0,Developing Market (Mid Tier),22.58,6.68,42.0
Satara,Khatav,Mayani,15.71,23.33,33.16,74.81,25.19,11.23,3,Semi-Urban Market Town,"Mayani serves as a pivotal commercial hub for surrounding rural agrarian villages, providing essential retail, agricultural supplies, and trade services.","Scope for agro-input supply centers, hardware and cement stores, mobile repair shops, local restaurants, and daily consumer goods distribution.",0,Developing Market (Mid Tier),22.31,6.6,42.0
Satara,Khatav,Pusegaon,12.47,18.93,26.38,73.84,26.16,8.87,3,Semi-Urban Market Town,"Pusegaon serves as a pivotal commercial hub for surrounding rural agrarian villages, providing essential retail, agricultural supplies, and trade services.","Scope for agro-input supply centers, hardware and cement stores, mobile repair shops, local restaurants, and daily consumer goods distribution.",0,Developing Market (Mid Tier),17.71,5.24,42.0
Satara,Khatav,Khatav Town,23.28,33.82,53.5,78.17,21.83,15.95,3,Semi-Urban Market Town,"Khatav Town serves as a pivotal commercial hub for surrounding rural agrarian villages, providing essential retail, agricultural supplies, and trade services.","Scope for agro-input supply centers, hardware and cement stores, mobile repair shops, local restaurants, and daily consumer goods distribution.",0,Developing Market (Mid Tier),33.06,9.78,42.0
Satara,Man,Dahiwadi,13.63,21.26,28.78,68.52,31.48,9.77,3,Semi-Urban Market Town,"Dahiwadi serves as a pivotal commercial hub for surrounding rural agrarian villages, providing essential retail, agricultural supplies, and trade services.","Scope for agro-input supply centers, hardware and cement stores, mobile repair shops, local restaurants, and daily consumer goods distribution.",1,High Opportunity (Affordable / High Upside),19.35,5.72,42.0
Satara,Man,Mhaswad,16.2,25.24,36.03,74.78,25.22,11.79,3,Semi-Urban Market Town,"Mhaswad serves as a pivotal commercial hub for surrounding rural agrarian villages, providing essential retail, agricultural supplies, and trade services.","Scope for agro-input supply centers, hardware and cement stores, mobile repair shops, local restaurants, and daily consumer goods distribution.",0,Developing Market (Mid Tier),23.0,6.8,42.0
Satara,Man,Pangri,21.78,32.97,47.15,78.91,21.09,15.89,3,Semi-Urban Market Town,"Pangri serves as a pivotal commercial hub for surrounding rural agrarian villages, providing essential retail, agricultural supplies, and trade services.","Scope for agro-input supply centers, hardware and cement stores, mobile repair shops, local restaurants, and daily consumer goods distribution.",0,Developing Market (Mid Tier),30.93,9.15,42.0
Satara,Man,Shingnapur,25.02,38.35,53.75,74.29,25.71,17.18,3,Semi-Urban Market Town,"Shingnapur serves as a pivotal commercial hub for surrounding rural agrarian villages, providing essential retail, agricultural supplies, and trade services.","Scope for agro-input supply centers, hardware and cement stores, mobile repair shops, local restaurants, and daily consumer goods distribution.",0,Developing Market (Mid Tier),35.53,10.51,42.0
Satara,Man,Kukudwad,14.14,20.35,30.41,65.66,34.34,10.4,3,Semi-Urban Market Town,"Kukudwad serves as a pivotal commercial hub for surrounding rural agrarian villages, providing essential retail, agricultural supplies, and trade services.","Scope for agro-input supply centers, hardware and cement stores, mobile repair shops, local restaurants, and daily consumer goods distribution.",1,High Opportunity (Affordable / High Upside),20.08,5.94,42.0
Satara,Jaoli,Medha,20.17,29.99,42.27,69.67,30.33,14.02,3,Semi-Urban Market Town,"Medha serves as a pivotal commercial hub for surrounding rural agrarian villages, providing essential retail, agricultural supplies, and trade services.","Scope for agro-input supply centers, hardware and cement stores, mobile repair shops, local restaurants, and daily consumer goods distribution.",0,Developing Market (Mid Tier),28.64,8.47,42.0
Satara,Jaoli,Kudal Satara,22.17,33.94,50.17,82.0,18.0,16.06,3,Semi-Urban Market Town,"Kudal Satara serves as a pivotal commercial hub for surrounding rural agrarian villages, providing essential retail, agricultural supplies, and trade services.","Scope for agro-input supply centers, hardware and cement stores, mobile repair shops, local restaurants, and daily consumer goods distribution.",0,Developing Market (Mid Tier),31.48,9.31,42.0
Satara,Jaoli,Bamnoli,19.83,28.6,42.71,71.02,28.98,13.57,3,Semi-Urban Market Town,"Bamnoli serves as a pivotal commercial hub for surrounding rural agrarian villages, providing essential retail, agricultural supplies, and trade services.","Scope for agro-input supply centers, hardware and cement stores, mobile repair shops, local restaurants, and daily consumer goods distribution.",0,Developing Market (Mid Tier),28.16,8.33,42.0
Satara,Jaoli,Kelghar,17.74,25.22,37.17,78.3,21.7,13.43,3,Semi-Urban Market Town,"Kelghar serves as a pivotal commercial hub for surrounding rural agrarian villages, providing essential retail, agricultural supplies, and trade services.","Scope for agro-input supply centers, hardware and cement stores, mobile repair shops, local restaurants, and daily consumer goods distribution.",0,Developing Market (Mid Tier),25.19,7.45,42.0
Satara,Khandala,Khandala Town,20.09,30.12,45.72,70.31,29.69,15.01,3,Semi-Urban Market Town,"Khandala Town serves as a pivotal commercial hub for surrounding rural agrarian villages, providing essential retail, agricultural supplies, and trade services.","Scope for agro-input supply centers, hardware and cement stores, mobile repair shops, local restaurants, and daily consumer goods distribution.",0,Developing Market (Mid Tier),28.53,8.44,42.0
Satara,Khandala,Shirwal MIDC,19.82,28.41,40.83,77.22,22.78,13.94,3,Industrial & Automotive MIDC,"Shirwal MIDC is a planned industrial manufacturing ecosystem supporting heavy engineering, automotive assembly, chemical plants, and precision component fabrication.","Robust scope for industrial hardware supply, scrap recycling, contractual worker transport, industrial safety gear, and CNC tooling services.",0,Developing Market (Mid Tier),28.14,8.32,42.0
Satara,Khandala,Lonand Road,16.4,24.7,34.53,71.15,28.85,12.13,3,Semi-Urban Market Town,"Lonand Road serves as a pivotal commercial hub for surrounding rural agrarian villages, providing essential retail, agricultural supplies, and trade services.","Scope for agro-input supply centers, hardware and cement stores, mobile repair shops, local restaurants, and daily consumer goods distribution.",0,Developing Market (Mid Tier),23.29,6.89,42.0
Satara,Khandala,Palashi,24.25,36.57,50.62,64.28,35.72,17.99,3,Semi-Urban Market Town,"Palashi serves as a pivotal commercial hub for surrounding rural agrarian villages, providing essential retail, agricultural supplies, and trade services.","Scope for agro-input supply centers, hardware and cement stores, mobile repair shops, local restaurants, and daily consumer goods distribution.",1,High Opportunity (Affordable / High Upside),34.44,10.19,42.0
Kolhapur,Karvir,Rajarampuri,32.82,48.53,76.19,66.83,33.17,24.21,2,Growing Tier-2 Urban Center,"Rajarampuri is an emerging urban locality experiencing rapid residential construction, infrastructure modernization, and an influx of middle-income families.","Prime scope for supermarket franchises, two-wheeler dealerships, family apparel retail, coaching classes, and diagnostic medical labs.",1,High Opportunity (Affordable / High Upside),46.6,13.78,42.0
Kolhapur,Karvir,Shahupuri,27.83,43.93,57.99,82.6,17.4,20.6,2,Growing Tier-2 Urban Center,"Shahupuri is an emerging urban locality experiencing rapid residential construction, infrastructure modernization, and an influx of middle-income families.","Prime scope for supermarket franchises, two-wheeler dealerships, family apparel retail, coaching classes, and diagnostic medical labs.",0,Developing Market (Mid Tier),39.52,11.69,42.0
Kolhapur,Karvir,Tarabai Park,23.36,36.91,51.35,72.97,27.03,17.41,2,Growing Tier-2 Urban Center,"Tarabai Park is an emerging urban locality experiencing rapid residential construction, infrastructure modernization, and an influx of middle-income families.","Prime scope for supermarket franchises, two-wheeler dealerships, family apparel retail, coaching classes, and diagnostic medical labs.",0,Developing Market (Mid Tier),33.17,9.81,42.0
Kolhapur,Karvir,Nagala Park,25.9,40.9,59.72,70.74,29.26,19.29,2,Growing Tier-2 Urban Center,"Nagala Park is an emerging urban locality experiencing rapid residential construction, infrastructure modernization, and an influx of middle-income families.","Prime scope for supermarket franchises, two-wheeler dealerships, family apparel retail, coaching classes, and diagnostic medical labs.",0,Developing Market (Mid Tier),36.78,10.88,42.0
Kolhapur,Karvir,Ujalaiwadi,28.58,42.19,65.29,78.66,21.34,19.81,2,Growing Tier-2 Urban Center,"Ujalaiwadi is an emerging urban locality experiencing rapid residential construction, infrastructure modernization, and an influx of middle-income families.","Prime scope for supermarket franchises, two-wheeler dealerships, family apparel retail, coaching classes, and diagnostic medical labs.",0,Developing Market (Mid Tier),40.58,12.0,42.0
Kolhapur,Karvir,Kalamba,20.51,29.8,43.45,67.19,32.81,14.52,2,Growing Tier-2 Urban Center,"Kalamba is an emerging urban locality experiencing rapid residential construction, infrastructure modernization, and an influx of middle-income families.","Prime scope for supermarket franchises, two-wheeler dealerships, family apparel retail, coaching classes, and diagnostic medical labs.",1,High Opportunity (Affordable / High Upside),29.12,8.61,42.0
Kolhapur,Karvir,Morewadi,23.06,34.73,49.74,80.08,19.92,16.21,2,Growing Tier-2 Urban Center,"Morewadi is an emerging urban locality experiencing rapid residential construction, infrastructure modernization, and an influx of middle-income families.","Prime scope for supermarket franchises, two-wheeler dealerships, family apparel retail, coaching classes, and diagnostic medical labs.",0,Developing Market (Mid Tier),32.75,9.69,42.0
Kolhapur,Karvir,Gandhinagar,22.81,35.52,54.18,79.59,20.41,15.68,2,Growing Tier-2 Urban Center,"Gandhinagar is an emerging urban locality experiencing rapid residential construction, infrastructure modernization, and an influx of middle-income families.","Prime scope for supermarket franchises, two-wheeler dealerships, family apparel retail, coaching classes, and diagnostic medical labs.",0,Developing Market (Mid Tier),32.39,9.58,42.0
Kolhapur,Hatkanangale,Ichalkaranji Textile City,35.33,54.61,83.14,85.85,14.15,26.48,2,Textile & Powerloom Cluster,"Ichalkaranji Textile City is a famous textile manufacturing center with a rich legacy of powerloom weaving, yarn trading, sizing mills, and traditional artisanal fabric craft.","Excellent scope for loom automation spares, textile dyes and chemicals trading, garment finishing and packaging, and solar rooftop power.",0,Developing Market (Mid Tier),50.17,14.84,42.0
Kolhapur,Hatkanangale,Hatkanangale Town,20.28,31.61,43.24,80.23,19.77,15.13,2,Growing Tier-2 Urban Center,"Hatkanangale Town is an emerging urban locality experiencing rapid residential construction, infrastructure modernization, and an influx of middle-income families.","Prime scope for supermarket franchises, two-wheeler dealerships, family apparel retail, coaching classes, and diagnostic medical labs.",0,Developing Market (Mid Tier),28.8,8.52,42.0
Kolhapur,Hatkanangale,Shiroli MIDC,31.71,48.46,70.13,77.55,22.45,22.24,2,Industrial & Automotive MIDC,"Shiroli MIDC is a planned industrial manufacturing ecosystem supporting heavy engineering, automotive assembly, chemical plants, and precision component fabrication.","Robust scope for industrial hardware supply, scrap recycling, contractual worker transport, industrial safety gear, and CNC tooling services.",0,Developing Market (Mid Tier),45.03,13.32,42.0
Kolhapur,Hatkanangale,Hupari Silver Hub,25.46,37.99,57.52,83.6,16.4,17.5,2,Growing Tier-2 Urban Center,"Hupari Silver Hub is an emerging urban locality experiencing rapid residential construction, infrastructure modernization, and an influx of middle-income families.","Prime scope for supermarket franchises, two-wheeler dealerships, family apparel retail, coaching classes, and diagnostic medical labs.",0,Developing Market (Mid Tier),36.15,10.69,42.0
Kolhapur,Hatkanangale,Pattankodoli,27.28,39.95,64.35,73.38,26.62,20.62,2,Growing Tier-2 Urban Center,"Pattankodoli is an emerging urban locality experiencing rapid residential construction, infrastructure modernization, and an influx of middle-income families.","Prime scope for supermarket franchises, two-wheeler dealerships, family apparel retail, coaching classes, and diagnostic medical labs.",0,Developing Market (Mid Tier),38.74,11.46,42.0
Kolhapur,Hatkanangale,Rukadi,23.89,33.93,55.08,80.65,19.35,17.64,2,Growing Tier-2 Urban Center,"Rukadi is an emerging urban locality experiencing rapid residential construction, infrastructure modernization, and an influx of middle-income families.","Prime scope for supermarket franchises, two-wheeler dealerships, family apparel retail, coaching classes, and diagnostic medical labs.",0,Developing Market (Mid Tier),33.92,10.03,42.0
Kolhapur,Shirol,Jaysingpur,26.25,40.06,56.92,67.27,32.73,18.97,2,Growing Tier-2 Urban Center,"Jaysingpur is an emerging urban locality experiencing rapid residential construction, infrastructure modernization, and an influx of middle-income families.","Prime scope for supermarket franchises, two-wheeler dealerships, family apparel retail, coaching classes, and diagnostic medical labs.",1,High Opportunity (Affordable / High Upside),37.28,11.03,42.0
Kolhapur,Shirol,Shirol Town,21.92,32.63,46.47,71.37,28.63,16.36,2,Growing Tier-2 Urban Center,"Shirol Town is an emerging urban locality experiencing rapid residential construction, infrastructure modernization, and an influx of middle-income families.","Prime scope for supermarket franchises, two-wheeler dealerships, family apparel retail, coaching classes, and diagnostic medical labs.",0,Developing Market (Mid Tier),31.13,9.21,42.0
Kolhapur,Shirol,Kurundwad,24.08,36.42,53.86,75.71,24.29,17.04,2,Growing Tier-2 Urban Center,"Kurundwad is an emerging urban locality experiencing rapid residential construction, infrastructure modernization, and an influx of middle-income families.","Prime scope for supermarket franchises, two-wheeler dealerships, family apparel retail, coaching classes, and diagnostic medical labs.",0,Developing Market (Mid Tier),34.19,10.11,42.0
Kolhapur,Shirol,Nandani,30.29,43.25,63.09,81.68,18.32,21.71,2,Growing Tier-2 Urban Center,"Nandani is an emerging urban locality experiencing rapid residential construction, infrastructure modernization, and an influx of middle-income families.","Prime scope for supermarket franchises, two-wheeler dealerships, family apparel retail, coaching classes, and diagnostic medical labs.",0,Developing Market (Mid Tier),43.01,12.72,42.0
Kolhapur,Shirol,Alas,20.24,31.52,44.44,66.01,33.99,15.31,2,Growing Tier-2 Urban Center,"Alas is an emerging urban locality experiencing rapid residential construction, infrastructure modernization, and an influx of middle-income families.","Prime scope for supermarket franchises, two-wheeler dealerships, family apparel retail, coaching classes, and diagnostic medical labs.",1,High Opportunity (Affordable / High Upside),28.74,8.5,42.0
Kolhapur,Shirol,Ghosarwad,21.64,33.11,45.3,79.0,21.0,14.99,2,Growing Tier-2 Urban Center,"Ghosarwad is an emerging urban locality experiencing rapid residential construction, infrastructure modernization, and an influx of middle-income families.","Prime scope for supermarket franchises, two-wheeler dealerships, family apparel retail, coaching classes, and diagnostic medical labs.",0,Developing Market (Mid Tier),30.73,9.09,42.0
Kolhapur,Kagal,Kagal Town,34.79,50.93,78.83,71.01,28.99,24.69,2,Growing Tier-2 Urban Center,"Kagal Town is an emerging urban locality experiencing rapid residential construction, infrastructure modernization, and an influx of middle-income families.","Prime scope for supermarket franchises, two-wheeler dealerships, family apparel retail, coaching classes, and diagnostic medical labs.",0,Developing Market (Mid Tier),49.4,14.61,42.0
Kolhapur,Kagal,Five Star MIDC Kagal,34.27,49.57,74.74,72.11,27.89,25.22,2,Industrial & Automotive MIDC,"Five Star MIDC Kagal is a planned industrial manufacturing ecosystem supporting heavy engineering, automotive assembly, chemical plants, and precision component fabrication.","Robust scope for industrial hardware supply, scrap recycling, contractual worker transport, industrial safety gear, and CNC tooling services.",0,Developing Market (Mid Tier),48.66,14.39,42.0
Kolhapur,Kagal,Sangaon,22.21,33.87,50.69,66.02,33.98,15.95,2,Growing Tier-2 Urban Center,"Sangaon is an emerging urban locality experiencing rapid residential construction, infrastructure modernization, and an influx of middle-income families.","Prime scope for supermarket franchises, two-wheeler dealerships, family apparel retail, coaching classes, and diagnostic medical labs.",1,High Opportunity (Affordable / High Upside),31.54,9.33,42.0
Kolhapur,Kagal,Murgud,20.39,29.69,46.37,66.19,33.81,15.0,2,Growing Tier-2 Urban Center,"Murgud is an emerging urban locality experiencing rapid residential construction, infrastructure modernization, and an influx of middle-income families.","Prime scope for supermarket franchises, two-wheeler dealerships, family apparel retail, coaching classes, and diagnostic medical labs.",1,High Opportunity (Affordable / High Upside),28.95,8.56,42.0
Kolhapur,Kagal,Kapashi,32.71,51.62,71.61,68.64,31.36,22.43,2,Growing Tier-2 Urban Center,"Kapashi is an emerging urban locality experiencing rapid residential construction, infrastructure modernization, and an influx of middle-income families.","Prime scope for supermarket franchises, two-wheeler dealerships, family apparel retail, coaching classes, and diagnostic medical labs.",0,Developing Market (Mid Tier),46.45,13.74,42.0
Kolhapur,Kagal,Vhalgad,24.9,38.27,51.89,72.27,27.73,18.69,2,Growing Tier-2 Urban Center,"Vhalgad is an emerging urban locality experiencing rapid residential construction, infrastructure modernization, and an influx of middle-income families.","Prime scope for supermarket franchises, two-wheeler dealerships, family apparel retail, coaching classes, and diagnostic medical labs.",0,Developing Market (Mid Tier),35.36,10.46,42.0
Kolhapur,Gadhinglaj,Gadhinglaj City,20.47,31.6,47.05,68.66,31.34,15.55,2,Growing Tier-2 Urban Center,"Gadhinglaj City is an emerging urban locality experiencing rapid residential construction, infrastructure modernization, and an influx of middle-income families.","Prime scope for supermarket franchises, two-wheeler dealerships, family apparel retail, coaching classes, and diagnostic medical labs.",1,High Opportunity (Affordable / High Upside),29.07,8.6,42.0
Kolhapur,Gadhinglaj,Halditavade,20.57,30.96,42.23,79.0,21.0,14.71,2,Growing Tier-2 Urban Center,"Halditavade is an emerging urban locality experiencing rapid residential construction, infrastructure modernization, and an influx of middle-income families.","Prime scope for supermarket franchises, two-wheeler dealerships, family apparel retail, coaching classes, and diagnostic medical labs.",0,Developing Market (Mid Tier),29.21,8.64,42.0
Kolhapur,Gadhinglaj,Nesari,31.0,47.14,65.1,74.23,25.77,22.78,2,Growing Tier-2 Urban Center,"Nesari is an emerging urban locality experiencing rapid residential construction, infrastructure modernization, and an influx of middle-income families.","Prime scope for supermarket franchises, two-wheeler dealerships, family apparel retail, coaching classes, and diagnostic medical labs.",0,Developing Market (Mid Tier),44.02,13.02,42.0
Kolhapur,Gadhinglaj,Bhadgaon,33.48,48.01,69.74,81.05,18.95,24.35,2,Growing Tier-2 Urban Center,"Bhadgaon is an emerging urban locality experiencing rapid residential construction, infrastructure modernization, and an influx of middle-income families.","Prime scope for supermarket franchises, two-wheeler dealerships, family apparel retail, coaching classes, and diagnostic medical labs.",0,Developing Market (Mid Tier),47.54,14.06,42.0
Kolhapur,Gadhinglaj,Mahagaon,24.91,39.21,53.65,68.8,31.2,17.49,2,Growing Tier-2 Urban Center,"Mahagaon is an emerging urban locality experiencing rapid residential construction, infrastructure modernization, and an influx of middle-income families.","Prime scope for supermarket franchises, two-wheeler dealerships, family apparel retail, coaching classes, and diagnostic medical labs.",1,High Opportunity (Affordable / High Upside),35.37,10.46,42.0
Kolhapur,Panhala,Panhala Fort Area,19.52,29.45,43.88,78.15,21.85,14.49,2,Pilgrimage & Heritage Tourism,"Panhala Fort Area is a sacred pilgrimage and historical landmark attracting millions of spiritual seekers, cultural travelers, and weekend tourists throughout the year.","High scope for modern budget hotels, devotional souvenir retail, pure-veg multi-cuisine restaurants, passenger cab services, and travel booking desks.",0,Developing Market (Mid Tier),27.72,8.2,42.0
Kolhapur,Panhala,Kodoli,30.43,47.34,68.99,72.03,27.97,21.95,2,Growing Tier-2 Urban Center,"Kodoli is an emerging urban locality experiencing rapid residential construction, infrastructure modernization, and an influx of middle-income families.","Prime scope for supermarket franchises, two-wheeler dealerships, family apparel retail, coaching classes, and diagnostic medical labs.",0,Developing Market (Mid Tier),43.21,12.78,42.0
Kolhapur,Panhala,Warnanagar,27.17,41.83,58.35,67.09,32.91,20.43,2,Growing Tier-2 Urban Center,"Warnanagar is an emerging urban locality experiencing rapid residential construction, infrastructure modernization, and an influx of middle-income families.","Prime scope for supermarket franchises, two-wheeler dealerships, family apparel retail, coaching classes, and diagnostic medical labs.",1,High Opportunity (Affordable / High Upside),38.58,11.41,42.0
Kolhapur,Panhala,Kotoli,35.18,52.74,73.43,75.99,24.01,25.59,2,Growing Tier-2 Urban Center,"Kotoli is an emerging urban locality experiencing rapid residential construction, infrastructure modernization, and an influx of middle-income families.","Prime scope for supermarket franchises, two-wheeler dealerships, family apparel retail, coaching classes, and diagnostic medical labs.",0,Developing Market (Mid Tier),49.96,14.78,42.0
Kolhapur,Panhala,Kakhe,27.51,43.37,65.35,84.68,15.32,19.0,2,Growing Tier-2 Urban Center,"Kakhe is an emerging urban locality experiencing rapid residential construction, infrastructure modernization, and an influx of middle-income families.","Prime scope for supermarket franchises, two-wheeler dealerships, family apparel retail, coaching classes, and diagnostic medical labs.",0,Developing Market (Mid Tier),39.06,11.55,42.0
Kolhapur,Radhanagari,Radhanagari Town,33.49,50.6,72.69,79.66,20.34,24.82,2,Growing Tier-2 Urban Center,"Radhanagari Town is an emerging urban locality experiencing rapid residential construction, infrastructure modernization, and an influx of middle-income families.","Prime scope for supermarket franchises, two-wheeler dealerships, family apparel retail, coaching classes, and diagnostic medical labs.",0,Developing Market (Mid Tier),47.56,14.07,42.0
Kolhapur,Radhanagari,Tarale,35.18,54.29,72.31,67.35,32.65,24.66,2,Growing Tier-2 Urban Center,"Tarale is an emerging urban locality experiencing rapid residential construction, infrastructure modernization, and an influx of middle-income families.","Prime scope for supermarket franchises, two-wheeler dealerships, family apparel retail, coaching classes, and diagnostic medical labs.",1,High Opportunity (Affordable / High Upside),49.96,14.78,42.0
Kolhapur,Radhanagari,Kasarwadi,18.72,26.76,43.25,76.13,23.87,13.67,2,Growing Tier-2 Urban Center,"Kasarwadi is an emerging urban locality experiencing rapid residential construction, infrastructure modernization, and an influx of middle-income families.","Prime scope for supermarket franchises, two-wheeler dealerships, family apparel retail, coaching classes, and diagnostic medical labs.",0,Developing Market (Mid Tier),26.58,7.86,42.0
Kolhapur,Radhanagari,Rashivade,27.02,40.16,61.65,67.65,32.35,19.53,2,Growing Tier-2 Urban Center,"Rashivade is an emerging urban locality experiencing rapid residential construction, infrastructure modernization, and an influx of middle-income families.","Prime scope for supermarket franchises, two-wheeler dealerships, family apparel retail, coaching classes, and diagnostic medical labs.",1,High Opportunity (Affordable / High Upside),38.37,11.35,42.0
Kolhapur,Radhanagari,Rautwadi,29.09,42.6,62.61,76.23,23.77,20.25,2,Growing Tier-2 Urban Center,"Rautwadi is an emerging urban locality experiencing rapid residential construction, infrastructure modernization, and an influx of middle-income families.","Prime scope for supermarket franchises, two-wheeler dealerships, family apparel retail, coaching classes, and diagnostic medical labs.",0,Developing Market (Mid Tier),41.31,12.22,42.0
Kolhapur,Shahuwadi,Malkapur Kolhapur,32.55,49.01,70.92,78.69,21.31,24.31,2,Growing Tier-2 Urban Center,"Malkapur Kolhapur is an emerging urban locality experiencing rapid residential construction, infrastructure modernization, and an influx of middle-income families.","Prime scope for supermarket franchises, two-wheeler dealerships, family apparel retail, coaching classes, and diagnostic medical labs.",0,Developing Market (Mid Tier),46.22,13.67,42.0
Kolhapur,Shahuwadi,Bambavade,30.26,43.29,69.01,80.6,19.4,22.63,2,Growing Tier-2 Urban Center,"Bambavade is an emerging urban locality experiencing rapid residential construction, infrastructure modernization, and an influx of middle-income families.","Prime scope for supermarket franchises, two-wheeler dealerships, family apparel retail, coaching classes, and diagnostic medical labs.",0,Developing Market (Mid Tier),42.97,12.71,42.0
Kolhapur,Shahuwadi,Amba Ghat,19.04,27.3,41.76,75.07,24.93,13.87,2,Growing Tier-2 Urban Center,"Amba Ghat is an emerging urban locality experiencing rapid residential construction, infrastructure modernization, and an influx of middle-income families.","Prime scope for supermarket franchises, two-wheeler dealerships, family apparel retail, coaching classes, and diagnostic medical labs.",0,Developing Market (Mid Tier),27.04,8.0,42.0
Kolhapur,Shahuwadi,Yelane,23.57,36.27,54.08,68.39,31.61,17.36,2,Growing Tier-2 Urban Center,"Yelane is an emerging urban locality experiencing rapid residential construction, infrastructure modernization, and an influx of middle-income families.","Prime scope for supermarket franchises, two-wheeler dealerships, family apparel retail, coaching classes, and diagnostic medical labs.",1,High Opportunity (Affordable / High Upside),33.47,9.9,42.0
Kolhapur,Bhudargad,Gargoti,30.63,44.3,72.42,76.46,23.54,22.75,2,Growing Tier-2 Urban Center,"Gargoti is an emerging urban locality experiencing rapid residential construction, infrastructure modernization, and an influx of middle-income families.","Prime scope for supermarket franchises, two-wheeler dealerships, family apparel retail, coaching classes, and diagnostic medical labs.",0,Developing Market (Mid Tier),43.49,12.86,42.0
Kolhapur,Bhudargad,Kadgaon,30.97,44.8,64.79,81.62,18.38,21.73,2,Growing Tier-2 Urban Center,"Kadgaon is an emerging urban locality experiencing rapid residential construction, infrastructure modernization, and an influx of middle-income families.","Prime scope for supermarket franchises, two-wheeler dealerships, family apparel retail, coaching classes, and diagnostic medical labs.",0,Developing Market (Mid Tier),43.98,13.01,42.0
Kolhapur,Bhudargad,Madilage,33.96,52.41,69.95,82.14,17.86,23.83,2,Growing Tier-2 Urban Center,"Madilage is an emerging urban locality experiencing rapid residential construction, infrastructure modernization, and an influx of middle-income families.","Prime scope for supermarket franchises, two-wheeler dealerships, family apparel retail, coaching classes, and diagnostic medical labs.",0,Developing Market (Mid Tier),48.22,14.26,42.0
Kolhapur,Bhudargad,Mhasrang,19.15,29.38,42.9,67.54,32.46,13.72,2,Growing Tier-2 Urban Center,"Mhasrang is an emerging urban locality experiencing rapid residential construction, infrastructure modernization, and an influx of middle-income families.","Prime scope for supermarket franchises, two-wheeler dealerships, family apparel retail, coaching classes, and diagnostic medical labs.",1,High Opportunity (Affordable / High Upside),27.19,8.04,42.0
Kolhapur,Ajara,Ajara Town,24.48,36.72,54.76,73.35,26.65,17.15,2,Growing Tier-2 Urban Center,"Ajara Town is an emerging urban locality experiencing rapid residential construction, infrastructure modernization, and an influx of middle-income families.","Prime scope for supermarket franchises, two-wheeler dealerships, family apparel retail, coaching classes, and diagnostic medical labs.",0,Developing Market (Mid Tier),34.76,10.28,42.0
Kolhapur,Ajara,Uttur,19.85,30.01,45.43,70.57,29.43,14.31,2,Growing Tier-2 Urban Center,"Uttur is an emerging urban locality experiencing rapid residential construction, infrastructure modernization, and an influx of middle-income families.","Prime scope for supermarket franchises, two-wheeler dealerships, family apparel retail, coaching classes, and diagnostic medical labs.",0,Developing Market (Mid Tier),28.19,8.34,42.0
Kolhapur,Ajara,Polgaon,18.79,29.28,40.04,75.44,24.56,13.35,2,Growing Tier-2 Urban Center,"Polgaon is an emerging urban locality experiencing rapid residential construction, infrastructure modernization, and an influx of middle-income families.","Prime scope for supermarket franchises, two-wheeler dealerships, family apparel retail, coaching classes, and diagnostic medical labs.",0,Developing Market (Mid Tier),26.68,7.89,42.0
Kolhapur,Ajara,Harpwade,20.7,32.48,48.29,77.06,22.94,15.59,2,Growing Tier-2 Urban Center,"Harpwade is an emerging urban locality experiencing rapid residential construction, infrastructure modernization, and an influx of middle-income families.","Prime scope for supermarket franchises, two-wheeler dealerships, family apparel retail, coaching classes, and diagnostic medical labs.",0,Developing Market (Mid Tier),29.39,8.69,42.0
Kolhapur,Chandgad,Chandgad Town,31.33,46.59,67.55,74.33,25.67,23.11,2,Growing Tier-2 Urban Center,"Chandgad Town is an emerging urban locality experiencing rapid residential construction, infrastructure modernization, and an influx of middle-income families.","Prime scope for supermarket franchises, two-wheeler dealerships, family apparel retail, coaching classes, and diagnostic medical labs.",0,Developing Market (Mid Tier),44.49,13.16,42.0
Kolhapur,Chandgad,Shinoli Chandgad,22.88,32.77,49.72,76.04,23.96,17.21,2,Growing Tier-2 Urban Center,"Shinoli Chandgad is an emerging urban locality experiencing rapid residential construction, infrastructure modernization, and an influx of middle-income families.","Prime scope for supermarket franchises, two-wheeler dealerships, family apparel retail, coaching classes, and diagnostic medical labs.",0,Developing Market (Mid Tier),32.49,9.61,42.0
Kolhapur,Chandgad,Kowad,21.23,32.88,50.4,85.08,14.92,14.55,2,Growing Tier-2 Urban Center,"Kowad is an emerging urban locality experiencing rapid residential construction, infrastructure modernization, and an influx of middle-income families.","Prime scope for supermarket franchises, two-wheeler dealerships, family apparel retail, coaching classes, and diagnostic medical labs.",0,Developing Market (Mid Tier),30.15,8.92,42.0
Kolhapur,Chandgad,Adkur,26.37,38.64,61.41,72.55,27.45,19.1,2,Growing Tier-2 Urban Center,"Adkur is an emerging urban locality experiencing rapid residential construction, infrastructure modernization, and an influx of middle-income families.","Prime scope for supermarket franchises, two-wheeler dealerships, family apparel retail, coaching classes, and diagnostic medical labs.",0,Developing Market (Mid Tier),37.45,11.08,42.0
Kolhapur,Gaganbawda,Bawda Town,18.14,26.34,40.56,72.08,27.92,13.24,2,Growing Tier-2 Urban Center,"Bawda Town is an emerging urban locality experiencing rapid residential construction, infrastructure modernization, and an influx of middle-income families.","Prime scope for supermarket franchises, two-wheeler dealerships, family apparel retail, coaching classes, and diagnostic medical labs.",0,Developing Market (Mid Tier),25.76,7.62,42.0
Kolhapur,Gaganbawda,Asalaj,26.35,39.91,58.31,81.45,18.55,18.33,2,Growing Tier-2 Urban Center,"Asalaj is an emerging urban locality experiencing rapid residential construction, infrastructure modernization, and an influx of middle-income families.","Prime scope for supermarket franchises, two-wheeler dealerships, family apparel retail, coaching classes, and diagnostic medical labs.",0,Developing Market (Mid Tier),37.42,11.07,42.0
Kolhapur,Gaganbawda,Kodiwale,34.21,52.74,72.9,66.13,33.87,24.38,2,Growing Tier-2 Urban Center,"Kodiwale is an emerging urban locality experiencing rapid residential construction, infrastructure modernization, and an influx of middle-income families.","Prime scope for supermarket franchises, two-wheeler dealerships, family apparel retail, coaching classes, and diagnostic medical labs.",1,High Opportunity (Affordable / High Upside),48.58,14.37,42.0
Kolhapur,Gaganbawda,Salvan,22.19,32.74,51.64,83.54,16.46,16.78,2,Growing Tier-2 Urban Center,"Salvan is an emerging urban locality experiencing rapid residential construction, infrastructure modernization, and an influx of middle-income families.","Prime scope for supermarket franchises, two-wheeler dealerships, family apparel retail, coaching classes, and diagnostic medical labs.",0,Developing Market (Mid Tier),31.51,9.32,42.0
Sangli,Miraj,Sangli City,12.02,18.33,28.01,77.54,22.46,8.27,3,Semi-Urban Market Town,"Sangli City serves as a pivotal commercial hub for surrounding rural agrarian villages, providing essential retail, agricultural supplies, and trade services.","Scope for agro-input supply centers, hardware and cement stores, mobile repair shops, local restaurants, and daily consumer goods distribution.",0,Developing Market (Mid Tier),17.07,5.05,42.0
Sangli,Miraj,Miraj Medical Hub,19.95,29.09,44.14,64.2,35.8,15.16,3,Semi-Urban Market Town,"Miraj Medical Hub serves as a pivotal commercial hub for surrounding rural agrarian villages, providing essential retail, agricultural supplies, and trade services.","Scope for agro-input supply centers, hardware and cement stores, mobile repair shops, local restaurants, and daily consumer goods distribution.",1,High Opportunity (Affordable / High Upside),28.33,8.38,42.0
Sangli,Miraj,Kupwad MIDC,22.67,32.53,53.37,80.95,19.05,16.36,3,Industrial & Automotive MIDC,"Kupwad MIDC is a planned industrial manufacturing ecosystem supporting heavy engineering, automotive assembly, chemical plants, and precision component fabrication.","Robust scope for industrial hardware supply, scrap recycling, contractual worker transport, industrial safety gear, and CNC tooling services.",0,Developing Market (Mid Tier),32.19,9.52,42.0
Sangli,Miraj,Vishrambag,22.51,33.31,53.38,64.7,35.3,15.48,3,Semi-Urban Market Town,"Vishrambag serves as a pivotal commercial hub for surrounding rural agrarian villages, providing essential retail, agricultural supplies, and trade services.","Scope for agro-input supply centers, hardware and cement stores, mobile repair shops, local restaurants, and daily consumer goods distribution.",1,High Opportunity (Affordable / High Upside),31.96,9.45,42.0
Sangli,Miraj,Wanlesswadi,14.0,21.72,29.05,74.36,25.64,10.01,3,Semi-Urban Market Town,"Wanlesswadi serves as a pivotal commercial hub for surrounding rural agrarian villages, providing essential retail, agricultural supplies, and trade services.","Scope for agro-input supply centers, hardware and cement stores, mobile repair shops, local restaurants, and daily consumer goods distribution.",0,Developing Market (Mid Tier),19.88,5.88,42.0
Sangli,Miraj,Bramhanpuri,26.46,38.58,56.52,69.3,30.7,19.69,3,Semi-Urban Market Town,"Bramhanpuri serves as a pivotal commercial hub for surrounding rural agrarian villages, providing essential retail, agricultural supplies, and trade services.","Scope for agro-input supply centers, hardware and cement stores, mobile repair shops, local restaurants, and daily consumer goods distribution.",0,Developing Market (Mid Tier),37.57,11.11,42.0
Sangli,Walwa,Islampur Town,22.51,34.61,48.51,68.44,31.56,15.44,3,Dairy & Cooperative Sugar Belt,"Islampur Town is a prosperous cooperative powerhouse known for intensive sugarcane farming, modern milk processing plants, and robust agrarian entrepreneurship.","High scope for dairy value-add processing (cheese, paneer), cattle feed distribution, agricultural machinery repair, and solar pumps.",1,High Opportunity (Affordable / High Upside),31.96,9.45,42.0
Sangli,Walwa,Urun Islampur,15.04,23.23,33.73,66.11,33.89,10.42,3,Dairy & Cooperative Sugar Belt,"Urun Islampur is a prosperous cooperative powerhouse known for intensive sugarcane farming, modern milk processing plants, and robust agrarian entrepreneurship.","High scope for dairy value-add processing (cheese, paneer), cattle feed distribution, agricultural machinery repair, and solar pumps.",1,High Opportunity (Affordable / High Upside),21.36,6.32,42.0
Sangli,Walwa,Ashta,18.99,28.2,42.29,82.29,17.71,13.23,3,Dairy & Cooperative Sugar Belt,"Ashta is a prosperous cooperative powerhouse known for intensive sugarcane farming, modern milk processing plants, and robust agrarian entrepreneurship.","High scope for dairy value-add processing (cheese, paneer), cattle feed distribution, agricultural machinery repair, and solar pumps.",0,Developing Market (Mid Tier),26.97,7.98,42.0
Sangli,Walwa,Peth Vadgaon Nearby,16.62,24.31,34.73,66.15,33.85,12.21,3,Dairy & Cooperative Sugar Belt,"Peth Vadgaon Nearby is a prosperous cooperative powerhouse known for intensive sugarcane farming, modern milk processing plants, and robust agrarian entrepreneurship.","High scope for dairy value-add processing (cheese, paneer), cattle feed distribution, agricultural machinery repair, and solar pumps.",1,High Opportunity (Affordable / High Upside),23.6,6.98,42.0
Sangli,Walwa,Boran,24.4,37.37,50.34,79.72,20.28,17.23,3,Dairy & Cooperative Sugar Belt,"Boran is a prosperous cooperative powerhouse known for intensive sugarcane farming, modern milk processing plants, and robust agrarian entrepreneurship.","High scope for dairy value-add processing (cheese, paneer), cattle feed distribution, agricultural machinery repair, and solar pumps.",0,Developing Market (Mid Tier),34.65,10.25,42.0
Sangli,Walwa,Kasegaon,13.37,19.52,28.98,73.27,26.73,9.82,3,Dairy & Cooperative Sugar Belt,"Kasegaon is a prosperous cooperative powerhouse known for intensive sugarcane farming, modern milk processing plants, and robust agrarian entrepreneurship.","High scope for dairy value-add processing (cheese, paneer), cattle feed distribution, agricultural machinery repair, and solar pumps.",0,Developing Market (Mid Tier),18.99,5.62,42.0
Sangli,Tasgaon,Tasgaon Grape City,15.9,25.1,32.76,71.09,28.91,11.39,3,Horticulture & Cash Crop Hub,"Tasgaon Grape City is an internationally recognized horticulture hub famous for high-yield produce (grapes, onions, citrus), wholesale APMC markets, and agro-processing facilities.","Prime scope for agro-dehydration units, post-harvest sorting and grading sheds, wine tasting tourism, and direct export brokerage.",0,Developing Market (Mid Tier),22.58,6.68,42.0
Sangli,Tasgaon,Savalaj,23.22,33.9,51.14,79.08,20.92,16.05,3,Semi-Urban Market Town,"Savalaj serves as a pivotal commercial hub for surrounding rural agrarian villages, providing essential retail, agricultural supplies, and trade services.","Scope for agro-input supply centers, hardware and cement stores, mobile repair shops, local restaurants, and daily consumer goods distribution.",0,Developing Market (Mid Tier),32.97,9.75,42.0
Sangli,Tasgaon,Manerajuri,12.18,18.91,28.92,65.61,34.39,9.08,3,Semi-Urban Market Town,"Manerajuri serves as a pivotal commercial hub for surrounding rural agrarian villages, providing essential retail, agricultural supplies, and trade services.","Scope for agro-input supply centers, hardware and cement stores, mobile repair shops, local restaurants, and daily consumer goods distribution.",1,High Opportunity (Affordable / High Upside),17.3,5.12,42.0
Sangli,Tasgaon,Visapur,17.58,26.74,39.78,74.65,25.35,12.32,3,Semi-Urban Market Town,"Visapur serves as a pivotal commercial hub for surrounding rural agrarian villages, providing essential retail, agricultural supplies, and trade services.","Scope for agro-input supply centers, hardware and cement stores, mobile repair shops, local restaurants, and daily consumer goods distribution.",0,Developing Market (Mid Tier),24.96,7.38,42.0
Sangli,Tasgaon,Yelavi,24.19,34.43,50.1,81.05,18.95,17.31,3,Semi-Urban Market Town,"Yelavi serves as a pivotal commercial hub for surrounding rural agrarian villages, providing essential retail, agricultural supplies, and trade services.","Scope for agro-input supply centers, hardware and cement stores, mobile repair shops, local restaurants, and daily consumer goods distribution.",0,Developing Market (Mid Tier),34.35,10.16,42.0
Sangli,Khanapur,Vita Town,13.93,21.8,32.37,69.63,30.37,9.52,3,Semi-Urban Market Town,"Vita Town serves as a pivotal commercial hub for surrounding rural agrarian villages, providing essential retail, agricultural supplies, and trade services.","Scope for agro-input supply centers, hardware and cement stores, mobile repair shops, local restaurants, and daily consumer goods distribution.",1,High Opportunity (Affordable / High Upside),19.78,5.85,42.0
Sangli,Khanapur,Lengre,18.91,27.36,42.35,79.43,20.57,13.46,3,Semi-Urban Market Town,"Lengre serves as a pivotal commercial hub for surrounding rural agrarian villages, providing essential retail, agricultural supplies, and trade services.","Scope for agro-input supply centers, hardware and cement stores, mobile repair shops, local restaurants, and daily consumer goods distribution.",0,Developing Market (Mid Tier),26.85,7.94,42.0
Sangli,Khanapur,Bhalwani,12.44,19.02,26.21,67.29,32.71,8.65,3,Semi-Urban Market Town,"Bhalwani serves as a pivotal commercial hub for surrounding rural agrarian villages, providing essential retail, agricultural supplies, and trade services.","Scope for agro-input supply centers, hardware and cement stores, mobile repair shops, local restaurants, and daily consumer goods distribution.",1,High Opportunity (Affordable / High Upside),17.66,5.22,42.0
Sangli,Khanapur,Gharand,16.2,25.29,33.4,75.38,24.62,11.33,3,Semi-Urban Market Town,"Gharand serves as a pivotal commercial hub for surrounding rural agrarian villages, providing essential retail, agricultural supplies, and trade services.","Scope for agro-input supply centers, hardware and cement stores, mobile repair shops, local restaurants, and daily consumer goods distribution.",0,Developing Market (Mid Tier),23.0,6.8,42.0
Sangli,Khanapur,Pare,16.43,24.41,36.67,64.22,35.78,11.54,3,Semi-Urban Market Town,"Pare serves as a pivotal commercial hub for surrounding rural agrarian villages, providing essential retail, agricultural supplies, and trade services.","Scope for agro-input supply centers, hardware and cement stores, mobile repair shops, local restaurants, and daily consumer goods distribution.",1,High Opportunity (Affordable / High Upside),23.33,6.9,42.0
Sangli,Shirala,Shirala Town,14.06,20.41,32.93,73.52,26.48,10.27,3,Semi-Urban Market Town,"Shirala Town serves as a pivotal commercial hub for surrounding rural agrarian villages, providing essential retail, agricultural supplies, and trade services.","Scope for agro-input supply centers, hardware and cement stores, mobile repair shops, local restaurants, and daily consumer goods distribution.",0,Developing Market (Mid Tier),19.97,5.91,42.0
Sangli,Shirala,Kokrud,24.03,37.18,57.11,78.64,21.36,17.03,3,Semi-Urban Market Town,"Kokrud serves as a pivotal commercial hub for surrounding rural agrarian villages, providing essential retail, agricultural supplies, and trade services.","Scope for agro-input supply centers, hardware and cement stores, mobile repair shops, local restaurants, and daily consumer goods distribution.",0,Developing Market (Mid Tier),34.12,10.09,42.0
Sangli,Shirala,Mangle,20.17,30.21,47.42,73.05,26.95,14.34,3,Semi-Urban Market Town,"Mangle serves as a pivotal commercial hub for surrounding rural agrarian villages, providing essential retail, agricultural supplies, and trade services.","Scope for agro-input supply centers, hardware and cement stores, mobile repair shops, local restaurants, and daily consumer goods distribution.",0,Developing Market (Mid Tier),28.64,8.47,42.0
Sangli,Shirala,Wakurde,14.7,21.62,31.2,80.92,19.08,10.91,3,Semi-Urban Market Town,"Wakurde serves as a pivotal commercial hub for surrounding rural agrarian villages, providing essential retail, agricultural supplies, and trade services.","Scope for agro-input supply centers, hardware and cement stores, mobile repair shops, local restaurants, and daily consumer goods distribution.",0,Developing Market (Mid Tier),20.87,6.17,42.0
Sangli,Shirala,Chande,12.88,20.33,28.65,78.34,21.66,9.79,3,Semi-Urban Market Town,"Chande serves as a pivotal commercial hub for surrounding rural agrarian villages, providing essential retail, agricultural supplies, and trade services.","Scope for agro-input supply centers, hardware and cement stores, mobile repair shops, local restaurants, and daily consumer goods distribution.",0,Developing Market (Mid Tier),18.29,5.41,42.0
Sangli,Kavathe Mahankal,Kavathe Mahankal Town,26.61,38.21,60.32,68.33,31.67,19.83,3,Semi-Urban Market Town,"Kavathe Mahankal Town serves as a pivotal commercial hub for surrounding rural agrarian villages, providing essential retail, agricultural supplies, and trade services.","Scope for agro-input supply centers, hardware and cement stores, mobile repair shops, local restaurants, and daily consumer goods distribution.",1,High Opportunity (Affordable / High Upside),37.79,11.18,42.0
Sangli,Kavathe Mahankal,Dhalgaon,25.76,36.81,61.28,67.39,32.61,19.26,3,Semi-Urban Market Town,"Dhalgaon serves as a pivotal commercial hub for surrounding rural agrarian villages, providing essential retail, agricultural supplies, and trade services.","Scope for agro-input supply centers, hardware and cement stores, mobile repair shops, local restaurants, and daily consumer goods distribution.",1,High Opportunity (Affordable / High Upside),36.58,10.82,42.0
Sangli,Kavathe Mahankal,Aagard,23.96,35.38,55.75,79.9,20.1,16.63,3,Semi-Urban Market Town,"Aagard serves as a pivotal commercial hub for surrounding rural agrarian villages, providing essential retail, agricultural supplies, and trade services.","Scope for agro-input supply centers, hardware and cement stores, mobile repair shops, local restaurants, and daily consumer goods distribution.",0,Developing Market (Mid Tier),34.02,10.06,42.0
Sangli,Kavathe Mahankal,Karkamb,20.89,32.36,47.63,81.28,18.72,14.25,3,Semi-Urban Market Town,"Karkamb serves as a pivotal commercial hub for surrounding rural agrarian villages, providing essential retail, agricultural supplies, and trade services.","Scope for agro-input supply centers, hardware and cement stores, mobile repair shops, local restaurants, and daily consumer goods distribution.",0,Developing Market (Mid Tier),29.66,8.77,42.0
Sangli,Kavathe Mahankal,Kuchi,22.51,35.38,50.33,74.26,25.74,15.65,3,Semi-Urban Market Town,"Kuchi serves as a pivotal commercial hub for surrounding rural agrarian villages, providing essential retail, agricultural supplies, and trade services.","Scope for agro-input supply centers, hardware and cement stores, mobile repair shops, local restaurants, and daily consumer goods distribution.",0,Developing Market (Mid Tier),31.96,9.45,42.0
Sangli,Jath,Jath Town,26.82,41.87,59.34,69.18,30.82,19.29,3,Semi-Urban Market Town,"Jath Town serves as a pivotal commercial hub for surrounding rural agrarian villages, providing essential retail, agricultural supplies, and trade services.","Scope for agro-input supply centers, hardware and cement stores, mobile repair shops, local restaurants, and daily consumer goods distribution.",0,Developing Market (Mid Tier),38.08,11.26,42.0
Sangli,Jath,Sankh,13.35,19.45,28.33,73.53,26.47,9.08,3,Semi-Urban Market Town,"Sankh serves as a pivotal commercial hub for surrounding rural agrarian villages, providing essential retail, agricultural supplies, and trade services.","Scope for agro-input supply centers, hardware and cement stores, mobile repair shops, local restaurants, and daily consumer goods distribution.",0,Developing Market (Mid Tier),18.96,5.61,42.0
Sangli,Jath,Umarani,25.77,37.42,53.94,77.34,22.66,19.42,3,Semi-Urban Market Town,"Umarani serves as a pivotal commercial hub for surrounding rural agrarian villages, providing essential retail, agricultural supplies, and trade services.","Scope for agro-input supply centers, hardware and cement stores, mobile repair shops, local restaurants, and daily consumer goods distribution.",0,Developing Market (Mid Tier),36.59,10.82,42.0
Sangli,Jath,Daribadachi,24.66,36.29,50.73,74.73,25.27,18.58,3,Semi-Urban Market Town,"Daribadachi serves as a pivotal commercial hub for surrounding rural agrarian villages, providing essential retail, agricultural supplies, and trade services.","Scope for agro-input supply centers, hardware and cement stores, mobile repair shops, local restaurants, and daily consumer goods distribution.",0,Developing Market (Mid Tier),35.02,10.36,42.0
Sangli,Jath,Shegaon Jath,23.62,36.74,55.13,82.21,17.79,16.77,3,Pilgrimage & Heritage Tourism,"Shegaon Jath is a sacred pilgrimage and historical landmark attracting millions of spiritual seekers, cultural travelers, and weekend tourists throughout the year.","High scope for modern budget hotels, devotional souvenir retail, pure-veg multi-cuisine restaurants, passenger cab services, and travel booking desks.",0,Developing Market (Mid Tier),33.54,9.92,42.0
Sangli,Atpadi,Atpadi Town,26.13,38.76,54.44,69.04,30.96,18.05,3,Semi-Urban Market Town,"Atpadi Town serves as a pivotal commercial hub for surrounding rural agrarian villages, providing essential retail, agricultural supplies, and trade services.","Scope for agro-input supply centers, hardware and cement stores, mobile repair shops, local restaurants, and daily consumer goods distribution.",1,High Opportunity (Affordable / High Upside),37.1,10.97,42.0
Sangli,Atpadi,Dighanchi,14.36,22.57,33.19,82.21,17.79,10.51,3,Semi-Urban Market Town,"Dighanchi serves as a pivotal commercial hub for surrounding rural agrarian villages, providing essential retail, agricultural supplies, and trade services.","Scope for agro-input supply centers, hardware and cement stores, mobile repair shops, local restaurants, and daily consumer goods distribution.",0,Developing Market (Mid Tier),20.39,6.03,42.0
Sangli,Atpadi,Madgule,14.61,23.01,33.29,81.58,18.42,10.85,3,Semi-Urban Market Town,"Madgule serves as a pivotal commercial hub for surrounding rural agrarian villages, providing essential retail, agricultural supplies, and trade services.","Scope for agro-input supply centers, hardware and cement stores, mobile repair shops, local restaurants, and daily consumer goods distribution.",0,Developing Market (Mid Tier),20.75,6.14,42.0
Sangli,Atpadi,Karkhel,15.35,23.24,32.36,69.14,30.86,11.28,3,Semi-Urban Market Town,"Karkhel serves as a pivotal commercial hub for surrounding rural agrarian villages, providing essential retail, agricultural supplies, and trade services.","Scope for agro-input supply centers, hardware and cement stores, mobile repair shops, local restaurants, and daily consumer goods distribution.",1,High Opportunity (Affordable / High Upside),21.8,6.45,42.0
Sangli,Palus,Palus Town,13.91,21.37,32.87,81.97,18.03,9.89,3,Semi-Urban Market Town,"Palus Town serves as a pivotal commercial hub for surrounding rural agrarian villages, providing essential retail, agricultural supplies, and trade services.","Scope for agro-input supply centers, hardware and cement stores, mobile repair shops, local restaurants, and daily consumer goods distribution.",0,Developing Market (Mid Tier),19.75,5.84,42.0
Sangli,Palus,Bhilawadi Milk Hub,26.91,42.37,55.45,75.05,24.95,20.28,3,Dairy & Cooperative Sugar Belt,"Bhilawadi Milk Hub is a prosperous cooperative powerhouse known for intensive sugarcane farming, modern milk processing plants, and robust agrarian entrepreneurship.","High scope for dairy value-add processing (cheese, paneer), cattle feed distribution, agricultural machinery repair, and solar pumps.",0,Developing Market (Mid Tier),38.21,11.3,42.0
Sangli,Palus,Kundal,26.51,38.58,59.29,81.73,18.27,18.33,3,Semi-Urban Market Town,"Kundal serves as a pivotal commercial hub for surrounding rural agrarian villages, providing essential retail, agricultural supplies, and trade services.","Scope for agro-input supply centers, hardware and cement stores, mobile repair shops, local restaurants, and daily consumer goods distribution.",0,Developing Market (Mid Tier),37.64,11.13,42.0
Sangli,Palus,Sawantpur,23.18,33.8,55.03,66.36,33.64,17.4,3,Semi-Urban Market Town,"Sawantpur serves as a pivotal commercial hub for surrounding rural agrarian villages, providing essential retail, agricultural supplies, and trade services.","Scope for agro-input supply centers, hardware and cement stores, mobile repair shops, local restaurants, and daily consumer goods distribution.",1,High Opportunity (Affordable / High Upside),32.92,9.74,42.0
Sangli,Palus,Dudhondi,13.33,20.44,30.14,80.73,19.27,9.54,3,Semi-Urban Market Town,"Dudhondi serves as a pivotal commercial hub for surrounding rural agrarian villages, providing essential retail, agricultural supplies, and trade services.","Scope for agro-input supply centers, hardware and cement stores, mobile repair shops, local restaurants, and daily consumer goods distribution.",0,Developing Market (Mid Tier),18.93,5.6,42.0
Sangli,Kadegaon,Kadegaon Town,15.98,23.33,33.12,68.13,31.87,11.0,3,Semi-Urban Market Town,"Kadegaon Town serves as a pivotal commercial hub for surrounding rural agrarian villages, providing essential retail, agricultural supplies, and trade services.","Scope for agro-input supply centers, hardware and cement stores, mobile repair shops, local restaurants, and daily consumer goods distribution.",1,High Opportunity (Affordable / High Upside),22.69,6.71,42.0
Sangli,Kadegaon,Chinchani,12.02,17.81,27.55,82.38,17.62,9.02,3,Semi-Urban Market Town,"Chinchani serves as a pivotal commercial hub for surrounding rural agrarian villages, providing essential retail, agricultural supplies, and trade services.","Scope for agro-input supply centers, hardware and cement stores, mobile repair shops, local restaurants, and daily consumer goods distribution.",0,Developing Market (Mid Tier),17.07,5.05,42.0
Sangli,Kadegaon,Sonsal,19.4,28.72,43.27,65.03,34.97,13.94,3,Semi-Urban Market Town,"Sonsal serves as a pivotal commercial hub for surrounding rural agrarian villages, providing essential retail, agricultural supplies, and trade services.","Scope for agro-input supply centers, hardware and cement stores, mobile repair shops, local restaurants, and daily consumer goods distribution.",1,High Opportunity (Affordable / High Upside),27.55,8.15,42.0
Sangli,Kadegaon,Kotij,24.96,38.04,56.83,66.25,33.75,17.12,3,Semi-Urban Market Town,"Kotij serves as a pivotal commercial hub for surrounding rural agrarian villages, providing essential retail, agricultural supplies, and trade services.","Scope for agro-input supply centers, hardware and cement stores, mobile repair shops, local restaurants, and daily consumer goods distribution.",1,High Opportunity (Affordable / High Upside),35.44,10.48,42.0
Sangli,Kadegaon,Amrapur,24.69,36.22,53.21,82.03,17.97,16.94,3,Semi-Urban Market Town,"Amrapur serves as a pivotal commercial hub for surrounding rural agrarian villages, providing essential retail, agricultural supplies, and trade services.","Scope for agro-input supply centers, hardware and cement stores, mobile repair shops, local restaurants, and daily consumer goods distribution.",0,Developing Market (Mid Tier),35.06,10.37,42.0
Solapur,Solapur North,Solapur Textile City,14.72,21.79,33.73,72.94,27.06,11.07,3,Textile & Powerloom Cluster,"Solapur Textile City is a famous textile manufacturing center with a rich legacy of powerloom weaving, yarn trading, sizing mills, and traditional artisanal fabric craft.","Excellent scope for loom automation spares, textile dyes and chemicals trading, garment finishing and packaging, and solar rooftop power.",0,Developing Market (Mid Tier),20.9,6.18,42.0
Solapur,Solapur North,Jule Solapur,13.49,20.44,30.39,71.65,28.35,9.21,3,Semi-Urban Market Town,"Jule Solapur serves as a pivotal commercial hub for surrounding rural agrarian villages, providing essential retail, agricultural supplies, and trade services.","Scope for agro-input supply centers, hardware and cement stores, mobile repair shops, local restaurants, and daily consumer goods distribution.",0,Developing Market (Mid Tier),19.16,5.67,42.0
Solapur,Solapur North,Bhavani Peth,27.08,39.17,63.47,65.14,34.86,18.63,3,Semi-Urban Market Town,"Bhavani Peth serves as a pivotal commercial hub for surrounding rural agrarian villages, providing essential retail, agricultural supplies, and trade services.","Scope for agro-input supply centers, hardware and cement stores, mobile repair shops, local restaurants, and daily consumer goods distribution.",1,High Opportunity (Affordable / High Upside),38.45,11.37,42.0
Solapur,Solapur North,Ashok Nagar,15.29,22.18,34.86,76.44,23.56,11.29,3,Semi-Urban Market Town,"Ashok Nagar serves as a pivotal commercial hub for surrounding rural agrarian villages, providing essential retail, agricultural supplies, and trade services.","Scope for agro-input supply centers, hardware and cement stores, mobile repair shops, local restaurants, and daily consumer goods distribution.",0,Developing Market (Mid Tier),21.71,6.42,42.0
Solapur,Solapur North,Kegaon,16.24,23.79,34.57,62.99,37.01,11.79,3,Semi-Urban Market Town,"Kegaon serves as a pivotal commercial hub for surrounding rural agrarian villages, providing essential retail, agricultural supplies, and trade services.","Scope for agro-input supply centers, hardware and cement stores, mobile repair shops, local restaurants, and daily consumer goods distribution.",1,High Opportunity (Affordable / High Upside),23.06,6.82,42.0
Solapur,Solapur North,MIDC Chincholi,25.44,36.75,55.18,70.55,29.45,17.9,3,Industrial & Automotive MIDC,"MIDC Chincholi is a planned industrial manufacturing ecosystem supporting heavy engineering, automotive assembly, chemical plants, and precision component fabrication.","Robust scope for industrial hardware supply, scrap recycling, contractual worker transport, industrial safety gear, and CNC tooling services.",0,Developing Market (Mid Tier),36.12,10.68,42.0
Solapur,Solapur South,Hotgi Road,22.59,34.25,47.8,62.51,37.49,15.67,3,Semi-Urban Market Town,"Hotgi Road serves as a pivotal commercial hub for surrounding rural agrarian villages, providing essential retail, agricultural supplies, and trade services.","Scope for agro-input supply centers, hardware and cement stores, mobile repair shops, local restaurants, and daily consumer goods distribution.",1,High Opportunity (Affordable / High Upside),32.08,9.49,42.0
Solapur,Solapur South,Kumbhari,16.67,23.89,38.82,68.17,31.83,11.87,3,Semi-Urban Market Town,"Kumbhari serves as a pivotal commercial hub for surrounding rural agrarian villages, providing essential retail, agricultural supplies, and trade services.","Scope for agro-input supply centers, hardware and cement stores, mobile repair shops, local restaurants, and daily consumer goods distribution.",1,High Opportunity (Affordable / High Upside),23.67,7.0,42.0
Solapur,Solapur South,Valsang,19.83,30.26,41.25,72.88,27.12,13.78,3,Semi-Urban Market Town,"Valsang serves as a pivotal commercial hub for surrounding rural agrarian villages, providing essential retail, agricultural supplies, and trade services.","Scope for agro-input supply centers, hardware and cement stores, mobile repair shops, local restaurants, and daily consumer goods distribution.",0,Developing Market (Mid Tier),28.16,8.33,42.0
Solapur,Solapur South,Mandrup,26.17,38.71,57.5,67.27,32.73,18.77,3,Semi-Urban Market Town,"Mandrup serves as a pivotal commercial hub for surrounding rural agrarian villages, providing essential retail, agricultural supplies, and trade services.","Scope for agro-input supply centers, hardware and cement stores, mobile repair shops, local restaurants, and daily consumer goods distribution.",1,High Opportunity (Affordable / High Upside),37.16,10.99,42.0
Solapur,Solapur South,Boramani,15.62,22.85,32.34,77.04,22.96,11.46,3,Semi-Urban Market Town,"Boramani serves as a pivotal commercial hub for surrounding rural agrarian villages, providing essential retail, agricultural supplies, and trade services.","Scope for agro-input supply centers, hardware and cement stores, mobile repair shops, local restaurants, and daily consumer goods distribution.",0,Developing Market (Mid Tier),22.18,6.56,42.0
Solapur,Pandharpur,Pandharpur Holy City,13.37,19.72,29.8,81.41,18.59,9.72,3,Pilgrimage & Heritage Tourism,"Pandharpur Holy City is a sacred pilgrimage and historical landmark attracting millions of spiritual seekers, cultural travelers, and weekend tourists throughout the year.","High scope for modern budget hotels, devotional souvenir retail, pure-veg multi-cuisine restaurants, passenger cab services, and travel booking desks.",0,Developing Market (Mid Tier),18.99,5.62,42.0
Solapur,Pandharpur,Korti,20.86,32.43,48.4,70.37,29.63,15.08,3,Pilgrimage & Heritage Tourism,"Korti is a sacred pilgrimage and historical landmark attracting millions of spiritual seekers, cultural travelers, and weekend tourists throughout the year.","High scope for modern budget hotels, devotional souvenir retail, pure-veg multi-cuisine restaurants, passenger cab services, and travel booking desks.",0,Developing Market (Mid Tier),29.62,8.76,42.0
Solapur,Pandharpur,Tungat,25.87,38.7,60.56,71.53,28.47,17.76,3,Pilgrimage & Heritage Tourism,"Tungat is a sacred pilgrimage and historical landmark attracting millions of spiritual seekers, cultural travelers, and weekend tourists throughout the year.","High scope for modern budget hotels, devotional souvenir retail, pure-veg multi-cuisine restaurants, passenger cab services, and travel booking desks.",0,Developing Market (Mid Tier),36.74,10.87,42.0
Solapur,Pandharpur,Bhalwani,26.44,40.57,58.58,80.01,19.99,19.67,3,Pilgrimage & Heritage Tourism,"Bhalwani is a sacred pilgrimage and historical landmark attracting millions of spiritual seekers, cultural travelers, and weekend tourists throughout the year.","High scope for modern budget hotels, devotional souvenir retail, pure-veg multi-cuisine restaurants, passenger cab services, and travel booking desks.",0,Developing Market (Mid Tier),37.54,11.1,42.0
Solapur,Pandharpur,Kasegaon Solapur,22.84,34.7,47.73,77.14,22.86,15.85,3,Pilgrimage & Heritage Tourism,"Kasegaon Solapur is a sacred pilgrimage and historical landmark attracting millions of spiritual seekers, cultural travelers, and weekend tourists throughout the year.","High scope for modern budget hotels, devotional souvenir retail, pure-veg multi-cuisine restaurants, passenger cab services, and travel booking desks.",0,Developing Market (Mid Tier),32.43,9.59,42.0
Solapur,Pandharpur,Gopalpur,27.75,43.72,64.29,64.52,35.48,19.81,3,Pilgrimage & Heritage Tourism,"Gopalpur is a sacred pilgrimage and historical landmark attracting millions of spiritual seekers, cultural travelers, and weekend tourists throughout the year.","High scope for modern budget hotels, devotional souvenir retail, pure-veg multi-cuisine restaurants, passenger cab services, and travel booking desks.",1,High Opportunity (Affordable / High Upside),39.41,11.66,42.0
Solapur,Barshi,Barshi Town,27.81,41.43,66.16,74.54,25.46,20.77,3,Semi-Urban Market Town,"Barshi Town serves as a pivotal commercial hub for surrounding rural agrarian villages, providing essential retail, agricultural supplies, and trade services.","Scope for agro-input supply centers, hardware and cement stores, mobile repair shops, local restaurants, and daily consumer goods distribution.",0,Developing Market (Mid Tier),39.49,11.68,42.0
Solapur,Barshi,Vairag,16.13,25.26,37.93,63.34,36.66,11.47,3,Semi-Urban Market Town,"Vairag serves as a pivotal commercial hub for surrounding rural agrarian villages, providing essential retail, agricultural supplies, and trade services.","Scope for agro-input supply centers, hardware and cement stores, mobile repair shops, local restaurants, and daily consumer goods distribution.",1,High Opportunity (Affordable / High Upside),22.9,6.77,42.0
Solapur,Barshi,Gaudgaon,18.36,27.03,39.31,71.16,28.84,13.77,3,Semi-Urban Market Town,"Gaudgaon serves as a pivotal commercial hub for surrounding rural agrarian villages, providing essential retail, agricultural supplies, and trade services.","Scope for agro-input supply centers, hardware and cement stores, mobile repair shops, local restaurants, and daily consumer goods distribution.",0,Developing Market (Mid Tier),26.07,7.71,42.0
Solapur,Barshi,Pangri,24.58,37.35,54.63,70.39,29.61,17.53,3,Semi-Urban Market Town,"Pangri serves as a pivotal commercial hub for surrounding rural agrarian villages, providing essential retail, agricultural supplies, and trade services.","Scope for agro-input supply centers, hardware and cement stores, mobile repair shops, local restaurants, and daily consumer goods distribution.",0,Developing Market (Mid Tier),34.9,10.32,42.0
Solapur,Barshi,Bhatambare,14.37,21.76,33.05,80.79,19.21,10.83,3,Semi-Urban Market Town,"Bhatambare serves as a pivotal commercial hub for surrounding rural agrarian villages, providing essential retail, agricultural supplies, and trade services.","Scope for agro-input supply centers, hardware and cement stores, mobile repair shops, local restaurants, and daily consumer goods distribution.",0,Developing Market (Mid Tier),20.41,6.04,42.0
Solapur,Barshi,Dahitane,21.0,30.16,45.03,72.71,27.29,14.86,3,Semi-Urban Market Town,"Dahitane serves as a pivotal commercial hub for surrounding rural agrarian villages, providing essential retail, agricultural supplies, and trade services.","Scope for agro-input supply centers, hardware and cement stores, mobile repair shops, local restaurants, and daily consumer goods distribution.",0,Developing Market (Mid Tier),29.82,8.82,42.0
Solapur,Mohol,Mohol Town,18.57,27.51,41.04,74.18,25.82,12.68,3,Semi-Urban Market Town,"Mohol Town serves as a pivotal commercial hub for surrounding rural agrarian villages, providing essential retail, agricultural supplies, and trade services.","Scope for agro-input supply centers, hardware and cement stores, mobile repair shops, local restaurants, and daily consumer goods distribution.",0,Developing Market (Mid Tier),26.37,7.8,42.0
Solapur,Mohol,Kurul,16.41,23.68,36.94,75.87,24.13,11.21,3,Semi-Urban Market Town,"Kurul serves as a pivotal commercial hub for surrounding rural agrarian villages, providing essential retail, agricultural supplies, and trade services.","Scope for agro-input supply centers, hardware and cement stores, mobile repair shops, local restaurants, and daily consumer goods distribution.",0,Developing Market (Mid Tier),23.3,6.89,42.0
Solapur,Mohol,Kamati,26.23,38.64,55.83,76.91,23.09,19.77,3,Semi-Urban Market Town,"Kamati serves as a pivotal commercial hub for surrounding rural agrarian villages, providing essential retail, agricultural supplies, and trade services.","Scope for agro-input supply centers, hardware and cement stores, mobile repair shops, local restaurants, and daily consumer goods distribution.",0,Developing Market (Mid Tier),37.25,11.02,42.0
Solapur,Mohol,Angar,26.35,37.5,61.13,68.06,31.94,18.51,3,Semi-Urban Market Town,"Angar serves as a pivotal commercial hub for surrounding rural agrarian villages, providing essential retail, agricultural supplies, and trade services.","Scope for agro-input supply centers, hardware and cement stores, mobile repair shops, local restaurants, and daily consumer goods distribution.",1,High Opportunity (Affordable / High Upside),37.42,11.07,42.0
Solapur,Mohol,Penur,19.87,30.43,41.38,79.38,20.62,13.73,3,Semi-Urban Market Town,"Penur serves as a pivotal commercial hub for surrounding rural agrarian villages, providing essential retail, agricultural supplies, and trade services.","Scope for agro-input supply centers, hardware and cement stores, mobile repair shops, local restaurants, and daily consumer goods distribution.",0,Developing Market (Mid Tier),28.22,8.35,42.0
Solapur,Akkalkot,Akkalkot Town,27.59,41.13,64.08,67.39,32.61,19.68,3,Semi-Urban Market Town,"Akkalkot Town serves as a pivotal commercial hub for surrounding rural agrarian villages, providing essential retail, agricultural supplies, and trade services.","Scope for agro-input supply centers, hardware and cement stores, mobile repair shops, local restaurants, and daily consumer goods distribution.",1,High Opportunity (Affordable / High Upside),39.18,11.59,42.0
Solapur,Akkalkot,Maindargi,22.33,32.38,47.33,78.48,21.52,16.51,3,Semi-Urban Market Town,"Maindargi serves as a pivotal commercial hub for surrounding rural agrarian villages, providing essential retail, agricultural supplies, and trade services.","Scope for agro-input supply centers, hardware and cement stores, mobile repair shops, local restaurants, and daily consumer goods distribution.",0,Developing Market (Mid Tier),31.71,9.38,42.0
Solapur,Akkalkot,Dudhani,24.15,37.64,56.05,72.31,27.69,16.73,3,Semi-Urban Market Town,"Dudhani serves as a pivotal commercial hub for surrounding rural agrarian villages, providing essential retail, agricultural supplies, and trade services.","Scope for agro-input supply centers, hardware and cement stores, mobile repair shops, local restaurants, and daily consumer goods distribution.",0,Developing Market (Mid Tier),34.29,10.14,42.0
Solapur,Akkalkot,Wagdari,16.98,25.49,35.57,79.03,20.97,12.74,3,Semi-Urban Market Town,"Wagdari serves as a pivotal commercial hub for surrounding rural agrarian villages, providing essential retail, agricultural supplies, and trade services.","Scope for agro-input supply centers, hardware and cement stores, mobile repair shops, local restaurants, and daily consumer goods distribution.",0,Developing Market (Mid Tier),24.11,7.13,42.0
Solapur,Akkalkot,Chapalgaon,12.46,18.08,28.97,78.74,21.26,8.72,3,Semi-Urban Market Town,"Chapalgaon serves as a pivotal commercial hub for surrounding rural agrarian villages, providing essential retail, agricultural supplies, and trade services.","Scope for agro-input supply centers, hardware and cement stores, mobile repair shops, local restaurants, and daily consumer goods distribution.",0,Developing Market (Mid Tier),17.69,5.23,42.0
Solapur,Karmala,Karmala Town,19.3,30.24,44.05,67.48,32.52,14.4,3,Semi-Urban Market Town,"Karmala Town serves as a pivotal commercial hub for surrounding rural agrarian villages, providing essential retail, agricultural supplies, and trade services.","Scope for agro-input supply centers, hardware and cement stores, mobile repair shops, local restaurants, and daily consumer goods distribution.",1,High Opportunity (Affordable / High Upside),27.41,8.11,42.0
Solapur,Karmala,Jeur,20.08,30.56,41.98,62.61,37.39,14.25,3,Semi-Urban Market Town,"Jeur serves as a pivotal commercial hub for surrounding rural agrarian villages, providing essential retail, agricultural supplies, and trade services.","Scope for agro-input supply centers, hardware and cement stores, mobile repair shops, local restaurants, and daily consumer goods distribution.",1,High Opportunity (Affordable / High Upside),28.51,8.43,42.0
Solapur,Karmala,Kem,21.5,31.14,50.25,73.74,26.26,15.22,3,Semi-Urban Market Town,"Kem serves as a pivotal commercial hub for surrounding rural agrarian villages, providing essential retail, agricultural supplies, and trade services.","Scope for agro-input supply centers, hardware and cement stores, mobile repair shops, local restaurants, and daily consumer goods distribution.",0,Developing Market (Mid Tier),30.53,9.03,42.0
Solapur,Karmala,Sade,14.62,22.85,33.58,75.78,24.22,10.28,3,Semi-Urban Market Town,"Sade serves as a pivotal commercial hub for surrounding rural agrarian villages, providing essential retail, agricultural supplies, and trade services.","Scope for agro-input supply centers, hardware and cement stores, mobile repair shops, local restaurants, and daily consumer goods distribution.",0,Developing Market (Mid Tier),20.76,6.14,42.0
Solapur,Karmala,Korti Karmala,18.19,26.3,40.72,81.3,18.7,13.62,3,Semi-Urban Market Town,"Korti Karmala serves as a pivotal commercial hub for surrounding rural agrarian villages, providing essential retail, agricultural supplies, and trade services.","Scope for agro-input supply centers, hardware and cement stores, mobile repair shops, local restaurants, and daily consumer goods distribution.",0,Developing Market (Mid Tier),25.83,7.64,42.0
Solapur,Madha,Madha Town,22.36,34.18,47.82,70.19,29.81,15.24,3,Semi-Urban Market Town,"Madha Town serves as a pivotal commercial hub for surrounding rural agrarian villages, providing essential retail, agricultural supplies, and trade services.","Scope for agro-input supply centers, hardware and cement stores, mobile repair shops, local restaurants, and daily consumer goods distribution.",0,Developing Market (Mid Tier),31.75,9.39,42.0
Solapur,Madha,Kurduvadi Railway Hub,24.48,37.77,50.26,80.23,19.77,17.91,3,Semi-Urban Market Town,"Kurduvadi Railway Hub serves as a pivotal commercial hub for surrounding rural agrarian villages, providing essential retail, agricultural supplies, and trade services.","Scope for agro-input supply centers, hardware and cement stores, mobile repair shops, local restaurants, and daily consumer goods distribution.",0,Developing Market (Mid Tier),34.76,10.28,42.0
Solapur,Madha,Modnimb,21.62,30.73,46.12,78.1,21.9,15.23,3,Semi-Urban Market Town,"Modnimb serves as a pivotal commercial hub for surrounding rural agrarian villages, providing essential retail, agricultural supplies, and trade services.","Scope for agro-input supply centers, hardware and cement stores, mobile repair shops, local restaurants, and daily consumer goods distribution.",0,Developing Market (Mid Tier),30.7,9.08,42.0
Solapur,Madha,Ranjani,27.47,41.83,60.16,69.53,30.47,19.45,3,Semi-Urban Market Town,"Ranjani serves as a pivotal commercial hub for surrounding rural agrarian villages, providing essential retail, agricultural supplies, and trade services.","Scope for agro-input supply centers, hardware and cement stores, mobile repair shops, local restaurants, and daily consumer goods distribution.",0,Developing Market (Mid Tier),39.01,11.54,42.0
Solapur,Madha,Bendsheel,16.03,23.96,36.44,78.49,21.51,11.41,3,Semi-Urban Market Town,"Bendsheel serves as a pivotal commercial hub for surrounding rural agrarian villages, providing essential retail, agricultural supplies, and trade services.","Scope for agro-input supply centers, hardware and cement stores, mobile repair shops, local restaurants, and daily consumer goods distribution.",0,Developing Market (Mid Tier),22.76,6.73,42.0
Solapur,Malshiras,Akluj Sugar Town,13.64,20.49,30.94,78.87,21.13,9.68,3,Dairy & Cooperative Sugar Belt,"Akluj Sugar Town is a prosperous cooperative powerhouse known for intensive sugarcane farming, modern milk processing plants, and robust agrarian entrepreneurship.","High scope for dairy value-add processing (cheese, paneer), cattle feed distribution, agricultural machinery repair, and solar pumps.",0,Developing Market (Mid Tier),19.37,5.73,42.0
Solapur,Malshiras,Natepute,22.36,33.93,48.04,64.16,35.84,15.32,3,Semi-Urban Market Town,"Natepute serves as a pivotal commercial hub for surrounding rural agrarian villages, providing essential retail, agricultural supplies, and trade services.","Scope for agro-input supply centers, hardware and cement stores, mobile repair shops, local restaurants, and daily consumer goods distribution.",1,High Opportunity (Affordable / High Upside),31.75,9.39,42.0
Solapur,Malshiras,Malshiras Town,27.81,42.34,64.92,67.22,32.78,20.49,3,Semi-Urban Market Town,"Malshiras Town serves as a pivotal commercial hub for surrounding rural agrarian villages, providing essential retail, agricultural supplies, and trade services.","Scope for agro-input supply centers, hardware and cement stores, mobile repair shops, local restaurants, and daily consumer goods distribution.",1,High Opportunity (Affordable / High Upside),39.49,11.68,42.0
Solapur,Malshiras,Piliv,26.28,38.57,55.17,77.31,22.69,19.76,3,Semi-Urban Market Town,"Piliv serves as a pivotal commercial hub for surrounding rural agrarian villages, providing essential retail, agricultural supplies, and trade services.","Scope for agro-input supply centers, hardware and cement stores, mobile repair shops, local restaurants, and daily consumer goods distribution.",0,Developing Market (Mid Tier),37.32,11.04,42.0
Solapur,Malshiras,Velapur,24.89,38.54,55.95,75.21,24.79,18.28,3,Semi-Urban Market Town,"Velapur serves as a pivotal commercial hub for surrounding rural agrarian villages, providing essential retail, agricultural supplies, and trade services.","Scope for agro-input supply centers, hardware and cement stores, mobile repair shops, local restaurants, and daily consumer goods distribution.",0,Developing Market (Mid Tier),35.34,10.45,42.0
Solapur,Sangola,Sangola Town,23.54,35.9,56.01,67.19,32.81,16.8,3,Semi-Urban Market Town,"Sangola Town serves as a pivotal commercial hub for surrounding rural agrarian villages, providing essential retail, agricultural supplies, and trade services.","Scope for agro-input supply centers, hardware and cement stores, mobile repair shops, local restaurants, and daily consumer goods distribution.",1,High Opportunity (Affordable / High Upside),33.43,9.89,42.0
Solapur,Sangola,Mahud,18.21,25.96,41.59,73.44,26.56,12.66,3,Semi-Urban Market Town,"Mahud serves as a pivotal commercial hub for surrounding rural agrarian villages, providing essential retail, agricultural supplies, and trade services.","Scope for agro-input supply centers, hardware and cement stores, mobile repair shops, local restaurants, and daily consumer goods distribution.",0,Developing Market (Mid Tier),25.86,7.65,42.0
Solapur,Sangola,Javla,23.62,34.38,52.59,77.7,22.3,17.77,3,Semi-Urban Market Town,"Javla serves as a pivotal commercial hub for surrounding rural agrarian villages, providing essential retail, agricultural supplies, and trade services.","Scope for agro-input supply centers, hardware and cement stores, mobile repair shops, local restaurants, and daily consumer goods distribution.",0,Developing Market (Mid Tier),33.54,9.92,42.0
Solapur,Sangola,Nazare,22.75,34.15,52.98,78.81,21.19,17.07,3,Semi-Urban Market Town,"Nazare serves as a pivotal commercial hub for surrounding rural agrarian villages, providing essential retail, agricultural supplies, and trade services.","Scope for agro-input supply centers, hardware and cement stores, mobile repair shops, local restaurants, and daily consumer goods distribution.",0,Developing Market (Mid Tier),32.3,9.55,42.0
Solapur,Sangola,Waki,14.9,21.39,31.17,67.17,32.83,11.1,3,Semi-Urban Market Town,"Waki serves as a pivotal commercial hub for surrounding rural agrarian villages, providing essential retail, agricultural supplies, and trade services.","Scope for agro-input supply centers, hardware and cement stores, mobile repair shops, local restaurants, and daily consumer goods distribution.",1,High Opportunity (Affordable / High Upside),21.16,6.26,42.0
Solapur,Mangalvedhe,Mangalvedhe Town,24.21,35.09,55.06,68.71,31.29,16.64,3,Semi-Urban Market Town,"Mangalvedhe Town serves as a pivotal commercial hub for surrounding rural agrarian villages, providing essential retail, agricultural supplies, and trade services.","Scope for agro-input supply centers, hardware and cement stores, mobile repair shops, local restaurants, and daily consumer goods distribution.",1,High Opportunity (Affordable / High Upside),34.38,10.17,42.0
Solapur,Mangalvedhe,Marwade,17.68,27.21,38.04,77.76,22.24,12.49,3,Semi-Urban Market Town,"Marwade serves as a pivotal commercial hub for surrounding rural agrarian villages, providing essential retail, agricultural supplies, and trade services.","Scope for agro-input supply centers, hardware and cement stores, mobile repair shops, local restaurants, and daily consumer goods distribution.",0,Developing Market (Mid Tier),25.11,7.43,42.0
Solapur,Mangalvedhe,Borale,16.17,23.72,37.69,71.41,28.59,12.12,3,Semi-Urban Market Town,"Borale serves as a pivotal commercial hub for surrounding rural agrarian villages, providing essential retail, agricultural supplies, and trade services.","Scope for agro-input supply centers, hardware and cement stores, mobile repair shops, local restaurants, and daily consumer goods distribution.",0,Developing Market (Mid Tier),22.96,6.79,42.0
Solapur,Mangalvedhe,Kacharewadi,21.34,33.53,44.25,79.79,20.21,15.37,3,Semi-Urban Market Town,"Kacharewadi serves as a pivotal commercial hub for surrounding rural agrarian villages, providing essential retail, agricultural supplies, and trade services.","Scope for agro-input supply centers, hardware and cement stores, mobile repair shops, local restaurants, and daily consumer goods distribution.",0,Developing Market (Mid Tier),30.3,8.96,42.0
Solapur,Mangalvedhe,Huljanti,25.88,38.33,55.6,63.08,36.92,19.37,3,Semi-Urban Market Town,"Huljanti serves as a pivotal commercial hub for surrounding rural agrarian villages, providing essential retail, agricultural supplies, and trade services.","Scope for agro-input supply centers, hardware and cement stores, mobile repair shops, local restaurants, and daily consumer goods distribution.",1,High Opportunity (Affordable / High Upside),36.75,10.87,42.0
Nashik,Nashik City,Panchavati,21.3,30.93,46.54,77.39,22.61,16.03,2,Growing Tier-2 Urban Center,"Panchavati is an emerging urban locality experiencing rapid residential construction, infrastructure modernization, and an influx of middle-income families.","Prime scope for supermarket franchises, two-wheeler dealerships, family apparel retail, coaching classes, and diagnostic medical labs.",0,Developing Market (Mid Tier),30.25,8.95,42.0
Nashik,Nashik City,Satpur MIDC,28.98,42.62,66.25,81.58,18.42,20.84,2,Industrial & Automotive MIDC,"Satpur MIDC is a planned industrial manufacturing ecosystem supporting heavy engineering, automotive assembly, chemical plants, and precision component fabrication.","Robust scope for industrial hardware supply, scrap recycling, contractual worker transport, industrial safety gear, and CNC tooling services.",0,Developing Market (Mid Tier),41.15,12.17,42.0
Nashik,Nashik City,Ambad MIDC,33.14,48.0,74.88,66.09,33.91,23.26,2,Industrial & Automotive MIDC,"Ambad MIDC is a planned industrial manufacturing ecosystem supporting heavy engineering, automotive assembly, chemical plants, and precision component fabrication.","Robust scope for industrial hardware supply, scrap recycling, contractual worker transport, industrial safety gear, and CNC tooling services.",1,High Opportunity (Affordable / High Upside),47.06,13.92,42.0
Nashik,Nashik City,Indira Nagar,36.27,52.48,83.5,75.79,24.21,26.88,2,Growing Tier-2 Urban Center,"Indira Nagar is an emerging urban locality experiencing rapid residential construction, infrastructure modernization, and an influx of middle-income families.","Prime scope for supermarket franchises, two-wheeler dealerships, family apparel retail, coaching classes, and diagnostic medical labs.",0,Developing Market (Mid Tier),51.5,15.23,42.0
Nashik,Nashik City,CIDCO Nashik,20.11,30.53,45.43,74.07,25.93,15.23,2,Growing Tier-2 Urban Center,"CIDCO Nashik is an emerging urban locality experiencing rapid residential construction, infrastructure modernization, and an influx of middle-income families.","Prime scope for supermarket franchises, two-wheeler dealerships, family apparel retail, coaching classes, and diagnostic medical labs.",0,Developing Market (Mid Tier),28.56,8.45,42.0
Nashik,Nashik City,Gangapur Road,27.2,38.79,57.55,73.46,26.54,18.53,2,Growing Tier-2 Urban Center,"Gangapur Road is an emerging urban locality experiencing rapid residential construction, infrastructure modernization, and an influx of middle-income families.","Prime scope for supermarket franchises, two-wheeler dealerships, family apparel retail, coaching classes, and diagnostic medical labs.",0,Developing Market (Mid Tier),38.62,11.42,42.0
Nashik,Nashik City,College Road,25.73,39.97,54.36,79.53,20.47,18.79,2,Growing Tier-2 Urban Center,"College Road is an emerging urban locality experiencing rapid residential construction, infrastructure modernization, and an influx of middle-income families.","Prime scope for supermarket franchises, two-wheeler dealerships, family apparel retail, coaching classes, and diagnostic medical labs.",0,Developing Market (Mid Tier),36.54,10.81,42.0
Nashik,Nashik City,Pathardi Phata,23.97,36.7,51.86,68.58,31.42,17.04,2,Growing Tier-2 Urban Center,"Pathardi Phata is an emerging urban locality experiencing rapid residential construction, infrastructure modernization, and an influx of middle-income families.","Prime scope for supermarket franchises, two-wheeler dealerships, family apparel retail, coaching classes, and diagnostic medical labs.",1,High Opportunity (Affordable / High Upside),34.04,10.07,42.0
Nashik,Nashik City,Govind Nagar,32.13,46.48,74.6,71.96,28.04,22.6,2,Growing Tier-2 Urban Center,"Govind Nagar is an emerging urban locality experiencing rapid residential construction, infrastructure modernization, and an influx of middle-income families.","Prime scope for supermarket franchises, two-wheeler dealerships, family apparel retail, coaching classes, and diagnostic medical labs.",0,Developing Market (Mid Tier),45.62,13.49,42.0
Nashik,Deolali,Deolali Camp,35.47,53.75,76.67,83.76,16.24,26.94,2,Growing Tier-2 Urban Center,"Deolali Camp is an emerging urban locality experiencing rapid residential construction, infrastructure modernization, and an influx of middle-income families.","Prime scope for supermarket franchises, two-wheeler dealerships, family apparel retail, coaching classes, and diagnostic medical labs.",0,Developing Market (Mid Tier),50.37,14.9,42.0
Nashik,Deolali,Bhagur,26.23,41.03,56.88,69.77,30.23,19.83,2,Growing Tier-2 Urban Center,"Bhagur is an emerging urban locality experiencing rapid residential construction, infrastructure modernization, and an influx of middle-income families.","Prime scope for supermarket franchises, two-wheeler dealerships, family apparel retail, coaching classes, and diagnostic medical labs.",0,Developing Market (Mid Tier),37.25,11.02,42.0
Nashik,Deolali,Lam Road,40.04,59.44,85.1,80.54,19.46,27.65,2,Growing Tier-2 Urban Center,"Lam Road is an emerging urban locality experiencing rapid residential construction, infrastructure modernization, and an influx of middle-income families.","Prime scope for supermarket franchises, two-wheeler dealerships, family apparel retail, coaching classes, and diagnostic medical labs.",0,Developing Market (Mid Tier),56.86,16.82,42.0
Nashik,Deolali,Rest Camp,35.62,53.94,75.01,73.33,26.67,26.08,2,Growing Tier-2 Urban Center,"Rest Camp is an emerging urban locality experiencing rapid residential construction, infrastructure modernization, and an influx of middle-income families.","Prime scope for supermarket franchises, two-wheeler dealerships, family apparel retail, coaching classes, and diagnostic medical labs.",0,Developing Market (Mid Tier),50.58,14.96,42.0
Nashik,Deolali,Sanjivani,18.9,29.49,40.34,76.69,23.31,12.93,2,Growing Tier-2 Urban Center,"Sanjivani is an emerging urban locality experiencing rapid residential construction, infrastructure modernization, and an influx of middle-income families.","Prime scope for supermarket franchises, two-wheeler dealerships, family apparel retail, coaching classes, and diagnostic medical labs.",0,Developing Market (Mid Tier),26.84,7.94,42.0
Nashik,Malegaon,Malegaon Textile City,41.87,63.89,94.86,66.39,33.61,30.78,2,Textile & Powerloom Cluster,"Malegaon Textile City is a famous textile manufacturing center with a rich legacy of powerloom weaving, yarn trading, sizing mills, and traditional artisanal fabric craft.","Excellent scope for loom automation spares, textile dyes and chemicals trading, garment finishing and packaging, and solar rooftop power.",1,High Opportunity (Affordable / High Upside),59.46,17.59,42.0
Nashik,Malegaon,Soygaon,28.0,41.46,62.46,75.49,24.51,19.38,2,Textile & Powerloom Cluster,"Soygaon is a famous textile manufacturing center with a rich legacy of powerloom weaving, yarn trading, sizing mills, and traditional artisanal fabric craft.","Excellent scope for loom automation spares, textile dyes and chemicals trading, garment finishing and packaging, and solar rooftop power.",0,Developing Market (Mid Tier),39.76,11.76,42.0
Nashik,Malegaon,Dyane,34.68,52.74,74.54,79.23,20.77,25.42,2,Textile & Powerloom Cluster,"Dyane is a famous textile manufacturing center with a rich legacy of powerloom weaving, yarn trading, sizing mills, and traditional artisanal fabric craft.","Excellent scope for loom automation spares, textile dyes and chemicals trading, garment finishing and packaging, and solar rooftop power.",0,Developing Market (Mid Tier),49.25,14.57,42.0
Nashik,Malegaon,Ravalgaon,24.48,37.13,51.29,82.61,17.39,16.85,2,Textile & Powerloom Cluster,"Ravalgaon is a famous textile manufacturing center with a rich legacy of powerloom weaving, yarn trading, sizing mills, and traditional artisanal fabric craft.","Excellent scope for loom automation spares, textile dyes and chemicals trading, garment finishing and packaging, and solar rooftop power.",0,Developing Market (Mid Tier),34.76,10.28,42.0
Nashik,Malegaon,Zodge,35.25,50.72,73.59,68.13,31.87,24.53,2,Textile & Powerloom Cluster,"Zodge is a famous textile manufacturing center with a rich legacy of powerloom weaving, yarn trading, sizing mills, and traditional artisanal fabric craft.","Excellent scope for loom automation spares, textile dyes and chemicals trading, garment finishing and packaging, and solar rooftop power.",1,High Opportunity (Affordable / High Upside),50.06,14.81,42.0
Nashik,Malegaon,Camp Malegaon,22.79,33.32,50.65,70.03,29.97,16.78,2,Textile & Powerloom Cluster,"Camp Malegaon is a famous textile manufacturing center with a rich legacy of powerloom weaving, yarn trading, sizing mills, and traditional artisanal fabric craft.","Excellent scope for loom automation spares, textile dyes and chemicals trading, garment finishing and packaging, and solar rooftop power.",0,Developing Market (Mid Tier),32.36,9.57,42.0
Nashik,Malegaon,Manmad Road,25.09,35.79,55.54,70.15,29.85,18.93,2,Textile & Powerloom Cluster,"Manmad Road is a famous textile manufacturing center with a rich legacy of powerloom weaving, yarn trading, sizing mills, and traditional artisanal fabric craft.","Excellent scope for loom automation spares, textile dyes and chemicals trading, garment finishing and packaging, and solar rooftop power.",0,Developing Market (Mid Tier),35.63,10.54,42.0
Nashik,Sinnar,Sinnar Town,25.93,36.83,58.9,84.14,15.86,19.37,2,Growing Tier-2 Urban Center,"Sinnar Town is an emerging urban locality experiencing rapid residential construction, infrastructure modernization, and an influx of middle-income families.","Prime scope for supermarket franchises, two-wheeler dealerships, family apparel retail, coaching classes, and diagnostic medical labs.",0,Developing Market (Mid Tier),36.82,10.89,42.0
Nashik,Sinnar,Musgaon MIDC,34.06,49.18,70.84,76.23,23.77,25.13,2,Industrial & Automotive MIDC,"Musgaon MIDC is a planned industrial manufacturing ecosystem supporting heavy engineering, automotive assembly, chemical plants, and precision component fabrication.","Robust scope for industrial hardware supply, scrap recycling, contractual worker transport, industrial safety gear, and CNC tooling services.",0,Developing Market (Mid Tier),48.37,14.31,42.0
Nashik,Sinnar,Malegaon Sinnar,20.43,29.85,43.44,85.77,14.23,14.38,2,Textile & Powerloom Cluster,"Malegaon Sinnar is a famous textile manufacturing center with a rich legacy of powerloom weaving, yarn trading, sizing mills, and traditional artisanal fabric craft.","Excellent scope for loom automation spares, textile dyes and chemicals trading, garment finishing and packaging, and solar rooftop power.",0,Developing Market (Mid Tier),29.01,8.58,42.0
Nashik,Sinnar,Dugaon,29.14,41.84,61.42,66.79,33.21,20.49,2,Growing Tier-2 Urban Center,"Dugaon is an emerging urban locality experiencing rapid residential construction, infrastructure modernization, and an influx of middle-income families.","Prime scope for supermarket franchises, two-wheeler dealerships, family apparel retail, coaching classes, and diagnostic medical labs.",1,High Opportunity (Affordable / High Upside),41.38,12.24,42.0
Nashik,Sinnar,Vavi,37.24,54.74,85.42,67.9,32.1,27.58,2,Growing Tier-2 Urban Center,"Vavi is an emerging urban locality experiencing rapid residential construction, infrastructure modernization, and an influx of middle-income families.","Prime scope for supermarket franchises, two-wheeler dealerships, family apparel retail, coaching classes, and diagnostic medical labs.",1,High Opportunity (Affordable / High Upside),52.88,15.64,42.0
Nashik,Sinnar,Pangri Sinnar,19.1,29.73,43.34,69.41,30.59,13.53,2,Growing Tier-2 Urban Center,"Pangri Sinnar is an emerging urban locality experiencing rapid residential construction, infrastructure modernization, and an influx of middle-income families.","Prime scope for supermarket franchises, two-wheeler dealerships, family apparel retail, coaching classes, and diagnostic medical labs.",1,High Opportunity (Affordable / High Upside),27.12,8.02,42.0
Nashik,Igatpuri,Igatpuri Hill Station,28.51,43.32,66.71,67.86,32.14,21.25,2,Growing Tier-2 Urban Center,"Igatpuri Hill Station is an emerging urban locality experiencing rapid residential construction, infrastructure modernization, and an influx of middle-income families.","Prime scope for supermarket franchises, two-wheeler dealerships, family apparel retail, coaching classes, and diagnostic medical labs.",1,High Opportunity (Affordable / High Upside),40.48,11.97,42.0
Nashik,Igatpuri,Ghoti,22.39,33.23,53.01,71.44,28.56,15.92,2,Growing Tier-2 Urban Center,"Ghoti is an emerging urban locality experiencing rapid residential construction, infrastructure modernization, and an influx of middle-income families.","Prime scope for supermarket franchises, two-wheeler dealerships, family apparel retail, coaching classes, and diagnostic medical labs.",0,Developing Market (Mid Tier),31.79,9.4,42.0
Nashik,Igatpuri,Talegaon Igatpuri,38.42,59.47,86.99,81.94,18.06,26.47,2,Growing Tier-2 Urban Center,"Talegaon Igatpuri is an emerging urban locality experiencing rapid residential construction, infrastructure modernization, and an influx of middle-income families.","Prime scope for supermarket franchises, two-wheeler dealerships, family apparel retail, coaching classes, and diagnostic medical labs.",0,Developing Market (Mid Tier),54.56,16.14,42.0
Nashik,Igatpuri,Kasara Ghat Area,34.71,49.61,81.95,69.19,30.81,24.76,2,Growing Tier-2 Urban Center,"Kasara Ghat Area is an emerging urban locality experiencing rapid residential construction, infrastructure modernization, and an influx of middle-income families.","Prime scope for supermarket franchises, two-wheeler dealerships, family apparel retail, coaching classes, and diagnostic medical labs.",0,Developing Market (Mid Tier),49.29,14.58,42.0
Nashik,Igatpuri,Bhavali,32.18,49.83,73.17,69.63,30.37,22.86,2,Growing Tier-2 Urban Center,"Bhavali is an emerging urban locality experiencing rapid residential construction, infrastructure modernization, and an influx of middle-income families.","Prime scope for supermarket franchises, two-wheeler dealerships, family apparel retail, coaching classes, and diagnostic medical labs.",0,Developing Market (Mid Tier),45.7,13.52,42.0
Nashik,Igatpuri,Vaitarna,26.61,37.91,60.56,82.77,17.23,20.17,2,Growing Tier-2 Urban Center,"Vaitarna is an emerging urban locality experiencing rapid residential construction, infrastructure modernization, and an influx of middle-income families.","Prime scope for supermarket franchises, two-wheeler dealerships, family apparel retail, coaching classes, and diagnostic medical labs.",0,Developing Market (Mid Tier),37.79,11.18,42.0
Nashik,Niphad,Pimpalgaon Baswant Onion Hub,21.14,33.13,44.12,74.23,25.77,14.45,2,Horticulture & Cash Crop Hub,"Pimpalgaon Baswant Onion Hub is an internationally recognized horticulture hub famous for high-yield produce (grapes, onions, citrus), wholesale APMC markets, and agro-processing facilities.","Prime scope for agro-dehydration units, post-harvest sorting and grading sheds, wine tasting tourism, and direct export brokerage.",0,Developing Market (Mid Tier),30.02,8.88,42.0
Nashik,Niphad,Niphad Town,24.28,35.7,55.42,79.56,20.44,18.0,2,Growing Tier-2 Urban Center,"Niphad Town is an emerging urban locality experiencing rapid residential construction, infrastructure modernization, and an influx of middle-income families.","Prime scope for supermarket franchises, two-wheeler dealerships, family apparel retail, coaching classes, and diagnostic medical labs.",0,Developing Market (Mid Tier),34.48,10.2,42.0
Nashik,Niphad,Lasalgaon Asia's Largest Onion Market,31.84,48.09,75.55,79.4,20.6,22.51,2,Horticulture & Cash Crop Hub,"Lasalgaon Asia's Largest Onion Market is an internationally recognized horticulture hub famous for high-yield produce (grapes, onions, citrus), wholesale APMC markets, and agro-processing facilities.","Prime scope for agro-dehydration units, post-harvest sorting and grading sheds, wine tasting tourism, and direct export brokerage.",0,Developing Market (Mid Tier),45.21,13.37,42.0
Nashik,Niphad,Ozar HAL Aircraft Hub,30.55,46.81,63.59,79.23,20.77,21.38,2,Growing Tier-2 Urban Center,"Ozar HAL Aircraft Hub is an emerging urban locality experiencing rapid residential construction, infrastructure modernization, and an influx of middle-income families.","Prime scope for supermarket franchises, two-wheeler dealerships, family apparel retail, coaching classes, and diagnostic medical labs.",0,Developing Market (Mid Tier),43.38,12.83,42.0
Nashik,Niphad,Ranwad,26.3,40.19,57.26,82.78,17.22,19.06,2,Growing Tier-2 Urban Center,"Ranwad is an emerging urban locality experiencing rapid residential construction, infrastructure modernization, and an influx of middle-income families.","Prime scope for supermarket franchises, two-wheeler dealerships, family apparel retail, coaching classes, and diagnostic medical labs.",0,Developing Market (Mid Tier),37.35,11.05,42.0
Nashik,Niphad,Kundewadi,41.71,59.59,94.36,69.14,30.86,31.2,2,Growing Tier-2 Urban Center,"Kundewadi is an emerging urban locality experiencing rapid residential construction, infrastructure modernization, and an influx of middle-income families.","Prime scope for supermarket franchises, two-wheeler dealerships, family apparel retail, coaching classes, and diagnostic medical labs.",0,Developing Market (Mid Tier),59.23,17.52,42.0
Nashik,Yeola,Yeola Paithani Saree Hub,38.44,59.93,79.75,75.83,24.17,26.88,2,Textile & Powerloom Cluster,"Yeola Paithani Saree Hub is a famous textile manufacturing center with a rich legacy of powerloom weaving, yarn trading, sizing mills, and traditional artisanal fabric craft.","Excellent scope for loom automation spares, textile dyes and chemicals trading, garment finishing and packaging, and solar rooftop power.",0,Developing Market (Mid Tier),54.58,16.14,42.0
Nashik,Yeola,Andarsul,41.28,58.95,87.66,78.87,21.13,29.4,2,Textile & Powerloom Cluster,"Andarsul is a famous textile manufacturing center with a rich legacy of powerloom weaving, yarn trading, sizing mills, and traditional artisanal fabric craft.","Excellent scope for loom automation spares, textile dyes and chemicals trading, garment finishing and packaging, and solar rooftop power.",0,Developing Market (Mid Tier),58.62,17.34,42.0
Nashik,Yeola,Nagarsul,23.64,35.31,54.71,74.96,25.04,17.7,2,Textile & Powerloom Cluster,"Nagarsul is a famous textile manufacturing center with a rich legacy of powerloom weaving, yarn trading, sizing mills, and traditional artisanal fabric craft.","Excellent scope for loom automation spares, textile dyes and chemicals trading, garment finishing and packaging, and solar rooftop power.",0,Developing Market (Mid Tier),33.57,9.93,42.0
Nashik,Yeola,Mukhed Yeola,28.73,41.34,63.61,79.07,20.93,19.77,2,Textile & Powerloom Cluster,"Mukhed Yeola is a famous textile manufacturing center with a rich legacy of powerloom weaving, yarn trading, sizing mills, and traditional artisanal fabric craft.","Excellent scope for loom automation spares, textile dyes and chemicals trading, garment finishing and packaging, and solar rooftop power.",0,Developing Market (Mid Tier),40.8,12.07,42.0
Nashik,Yeola,Patar,27.9,42.11,57.2,67.82,32.18,20.32,2,Textile & Powerloom Cluster,"Patar is a famous textile manufacturing center with a rich legacy of powerloom weaving, yarn trading, sizing mills, and traditional artisanal fabric craft.","Excellent scope for loom automation spares, textile dyes and chemicals trading, garment finishing and packaging, and solar rooftop power.",1,High Opportunity (Affordable / High Upside),39.62,11.72,42.0
Nashik,Dindori,Dindori Wine Capital,32.86,48.26,72.88,70.14,29.86,24.11,2,Horticulture & Cash Crop Hub,"Dindori Wine Capital is an internationally recognized horticulture hub famous for high-yield produce (grapes, onions, citrus), wholesale APMC markets, and agro-processing facilities.","Prime scope for agro-dehydration units, post-harvest sorting and grading sheds, wine tasting tourism, and direct export brokerage.",0,Developing Market (Mid Tier),46.66,13.8,42.0
Nashik,Dindori,Vani Saptashrungi Foothills,40.81,60.32,84.39,70.46,29.54,29.23,2,Horticulture & Cash Crop Hub,"Vani Saptashrungi Foothills is an internationally recognized horticulture hub famous for high-yield produce (grapes, onions, citrus), wholesale APMC markets, and agro-processing facilities.","Prime scope for agro-dehydration units, post-harvest sorting and grading sheds, wine tasting tourism, and direct export brokerage.",0,Developing Market (Mid Tier),57.95,17.14,42.0
Nashik,Dindori,Mohadi Dindori,31.44,47.76,69.36,79.14,20.86,23.18,2,Horticulture & Cash Crop Hub,"Mohadi Dindori is an internationally recognized horticulture hub famous for high-yield produce (grapes, onions, citrus), wholesale APMC markets, and agro-processing facilities.","Prime scope for agro-dehydration units, post-harvest sorting and grading sheds, wine tasting tourism, and direct export brokerage.",0,Developing Market (Mid Tier),44.64,13.2,42.0
Nashik,Dindori,Khedgaon,20.74,31.97,44.03,72.83,27.17,15.48,2,Horticulture & Cash Crop Hub,"Khedgaon is an internationally recognized horticulture hub famous for high-yield produce (grapes, onions, citrus), wholesale APMC markets, and agro-processing facilities.","Prime scope for agro-dehydration units, post-harvest sorting and grading sheds, wine tasting tourism, and direct export brokerage.",0,Developing Market (Mid Tier),29.45,8.71,42.0
Nashik,Dindori,Nanashi,41.15,60.36,91.45,80.04,19.96,28.13,2,Horticulture & Cash Crop Hub,"Nanashi is an internationally recognized horticulture hub famous for high-yield produce (grapes, onions, citrus), wholesale APMC markets, and agro-processing facilities.","Prime scope for agro-dehydration units, post-harvest sorting and grading sheds, wine tasting tourism, and direct export brokerage.",0,Developing Market (Mid Tier),58.43,17.28,42.0
Nashik,Trimbakeshwar,Trimbak Holy Town,21.94,31.65,50.17,80.43,19.57,15.11,2,Pilgrimage & Heritage Tourism,"Trimbak Holy Town is a sacred pilgrimage and historical landmark attracting millions of spiritual seekers, cultural travelers, and weekend tourists throughout the year.","High scope for modern budget hotels, devotional souvenir retail, pure-veg multi-cuisine restaurants, passenger cab services, and travel booking desks.",0,Developing Market (Mid Tier),31.15,9.21,42.0
Nashik,Trimbakeshwar,Pahine,32.66,47.36,76.98,73.86,26.14,23.4,2,Pilgrimage & Heritage Tourism,"Pahine is a sacred pilgrimage and historical landmark attracting millions of spiritual seekers, cultural travelers, and weekend tourists throughout the year.","High scope for modern budget hotels, devotional souvenir retail, pure-veg multi-cuisine restaurants, passenger cab services, and travel booking desks.",0,Developing Market (Mid Tier),46.38,13.72,42.0
Nashik,Trimbakeshwar,Torangan,36.75,56.4,76.64,74.29,25.71,27.71,2,Pilgrimage & Heritage Tourism,"Torangan is a sacred pilgrimage and historical landmark attracting millions of spiritual seekers, cultural travelers, and weekend tourists throughout the year.","High scope for modern budget hotels, devotional souvenir retail, pure-veg multi-cuisine restaurants, passenger cab services, and travel booking desks.",0,Developing Market (Mid Tier),52.19,15.44,42.0
Nashik,Trimbakeshwar,Harsul,38.1,57.69,87.81,75.01,24.99,27.91,2,Pilgrimage & Heritage Tourism,"Harsul is a sacred pilgrimage and historical landmark attracting millions of spiritual seekers, cultural travelers, and weekend tourists throughout the year.","High scope for modern budget hotels, devotional souvenir retail, pure-veg multi-cuisine restaurants, passenger cab services, and travel booking desks.",0,Developing Market (Mid Tier),54.1,16.0,42.0
Nashik,Trimbakeshwar,Amboli Nashik,40.95,59.03,90.69,76.61,23.39,28.01,2,Pilgrimage & Heritage Tourism,"Amboli Nashik is a sacred pilgrimage and historical landmark attracting millions of spiritual seekers, cultural travelers, and weekend tourists throughout the year.","High scope for modern budget hotels, devotional souvenir retail, pure-veg multi-cuisine restaurants, passenger cab services, and travel booking desks.",0,Developing Market (Mid Tier),58.15,17.2,42.0
Nashik,Kalwan,Kalwan Town,40.45,62.87,89.37,76.17,23.83,30.49,2,Growing Tier-2 Urban Center,"Kalwan Town is an emerging urban locality experiencing rapid residential construction, infrastructure modernization, and an influx of middle-income families.","Prime scope for supermarket franchises, two-wheeler dealerships, family apparel retail, coaching classes, and diagnostic medical labs.",0,Developing Market (Mid Tier),57.44,16.99,42.0
Nashik,Kalwan,Abhona,22.25,33.65,50.98,68.57,31.43,15.82,2,Growing Tier-2 Urban Center,"Abhona is an emerging urban locality experiencing rapid residential construction, infrastructure modernization, and an influx of middle-income families.","Prime scope for supermarket franchises, two-wheeler dealerships, family apparel retail, coaching classes, and diagnostic medical labs.",1,High Opportunity (Affordable / High Upside),31.59,9.34,42.0
Nashik,Kalwan,Bhadane,32.41,50.6,71.83,73.69,26.31,24.58,2,Growing Tier-2 Urban Center,"Bhadane is an emerging urban locality experiencing rapid residential construction, infrastructure modernization, and an influx of middle-income families.","Prime scope for supermarket franchises, two-wheeler dealerships, family apparel retail, coaching classes, and diagnostic medical labs.",0,Developing Market (Mid Tier),46.02,13.61,42.0
Nashik,Kalwan,Kanashi,39.98,61.65,85.57,85.27,14.73,30.29,2,Growing Tier-2 Urban Center,"Kanashi is an emerging urban locality experiencing rapid residential construction, infrastructure modernization, and an influx of middle-income families.","Prime scope for supermarket franchises, two-wheeler dealerships, family apparel retail, coaching classes, and diagnostic medical labs.",0,Developing Market (Mid Tier),56.77,16.79,42.0
Nashik,Baglan (Satana),Satana Town,28.87,41.61,63.12,80.0,20.0,21.36,2,Growing Tier-2 Urban Center,"Satana Town is an emerging urban locality experiencing rapid residential construction, infrastructure modernization, and an influx of middle-income families.","Prime scope for supermarket franchises, two-wheeler dealerships, family apparel retail, coaching classes, and diagnostic medical labs.",0,Developing Market (Mid Tier),41.0,12.13,42.0
Nashik,Baglan (Satana),Taharabad,25.17,38.57,58.75,80.24,19.76,19.0,2,Growing Tier-2 Urban Center,"Taharabad is an emerging urban locality experiencing rapid residential construction, infrastructure modernization, and an influx of middle-income families.","Prime scope for supermarket franchises, two-wheeler dealerships, family apparel retail, coaching classes, and diagnostic medical labs.",0,Developing Market (Mid Tier),35.74,10.57,42.0
Nashik,Baglan (Satana),Brahmangaon,33.18,48.18,74.85,71.81,28.19,23.48,2,Growing Tier-2 Urban Center,"Brahmangaon is an emerging urban locality experiencing rapid residential construction, infrastructure modernization, and an influx of middle-income families.","Prime scope for supermarket franchises, two-wheeler dealerships, family apparel retail, coaching classes, and diagnostic medical labs.",0,Developing Market (Mid Tier),47.12,13.94,42.0
Nashik,Baglan (Satana),Virgaon,34.14,53.84,77.31,85.17,14.83,24.59,2,Growing Tier-2 Urban Center,"Virgaon is an emerging urban locality experiencing rapid residential construction, infrastructure modernization, and an influx of middle-income families.","Prime scope for supermarket franchises, two-wheeler dealerships, family apparel retail, coaching classes, and diagnostic medical labs.",0,Developing Market (Mid Tier),48.48,14.34,42.0
Nashik,Baglan (Satana),Nampur,34.66,51.0,72.37,73.04,26.96,24.9,2,Growing Tier-2 Urban Center,"Nampur is an emerging urban locality experiencing rapid residential construction, infrastructure modernization, and an influx of middle-income families.","Prime scope for supermarket franchises, two-wheeler dealerships, family apparel retail, coaching classes, and diagnostic medical labs.",0,Developing Market (Mid Tier),49.22,14.56,42.0
Nashik,Chandwad,Chandwad Town,31.7,48.4,69.35,80.96,19.04,23.69,2,Growing Tier-2 Urban Center,"Chandwad Town is an emerging urban locality experiencing rapid residential construction, infrastructure modernization, and an influx of middle-income families.","Prime scope for supermarket franchises, two-wheeler dealerships, family apparel retail, coaching classes, and diagnostic medical labs.",0,Developing Market (Mid Tier),45.01,13.31,42.0
Nashik,Chandwad,Vadbare,24.86,38.67,57.59,76.45,23.55,16.96,2,Growing Tier-2 Urban Center,"Vadbare is an emerging urban locality experiencing rapid residential construction, infrastructure modernization, and an influx of middle-income families.","Prime scope for supermarket franchises, two-wheeler dealerships, family apparel retail, coaching classes, and diagnostic medical labs.",0,Developing Market (Mid Tier),35.3,10.44,42.0
Nashik,Chandwad,Rahud,21.49,32.82,45.47,81.0,19.0,14.89,2,Growing Tier-2 Urban Center,"Rahud is an emerging urban locality experiencing rapid residential construction, infrastructure modernization, and an influx of middle-income families.","Prime scope for supermarket franchises, two-wheeler dealerships, family apparel retail, coaching classes, and diagnostic medical labs.",0,Developing Market (Mid Tier),30.52,9.03,42.0
Nashik,Chandwad,Dahiwad,24.88,36.33,57.9,79.81,20.19,17.51,2,Growing Tier-2 Urban Center,"Dahiwad is an emerging urban locality experiencing rapid residential construction, infrastructure modernization, and an influx of middle-income families.","Prime scope for supermarket franchises, two-wheeler dealerships, family apparel retail, coaching classes, and diagnostic medical labs.",0,Developing Market (Mid Tier),35.33,10.45,42.0
Nashik,Nandgaon,Nandgaon Town,36.09,51.43,83.68,68.05,31.95,27.05,2,Growing Tier-2 Urban Center,"Nandgaon Town is an emerging urban locality experiencing rapid residential construction, infrastructure modernization, and an influx of middle-income families.","Prime scope for supermarket franchises, two-wheeler dealerships, family apparel retail, coaching classes, and diagnostic medical labs.",1,High Opportunity (Affordable / High Upside),51.25,15.16,42.0
Nashik,Nandgaon,Manmad Railway Junction,35.75,55.71,82.05,77.23,22.77,24.99,2,Growing Tier-2 Urban Center,"Manmad Railway Junction is an emerging urban locality experiencing rapid residential construction, infrastructure modernization, and an influx of middle-income families.","Prime scope for supermarket franchises, two-wheeler dealerships, family apparel retail, coaching classes, and diagnostic medical labs.",0,Developing Market (Mid Tier),50.77,15.02,42.0
Nashik,Nandgaon,Naydongri,36.82,56.99,78.98,79.29,20.71,27.77,2,Growing Tier-2 Urban Center,"Naydongri is an emerging urban locality experiencing rapid residential construction, infrastructure modernization, and an influx of middle-income families.","Prime scope for supermarket franchises, two-wheeler dealerships, family apparel retail, coaching classes, and diagnostic medical labs.",0,Developing Market (Mid Tier),52.28,15.46,42.0
Nashik,Nandgaon,Tarur,27.3,42.94,64.76,72.25,27.75,19.77,2,Growing Tier-2 Urban Center,"Tarur is an emerging urban locality experiencing rapid residential construction, infrastructure modernization, and an influx of middle-income families.","Prime scope for supermarket franchises, two-wheeler dealerships, family apparel retail, coaching classes, and diagnostic medical labs.",0,Developing Market (Mid Tier),38.77,11.47,42.0
Nashik,Surgana,Surgana Town,18.31,26.74,41.29,81.62,18.38,13.73,2,Growing Tier-2 Urban Center,"Surgana Town is an emerging urban locality experiencing rapid residential construction, infrastructure modernization, and an influx of middle-income families.","Prime scope for supermarket franchises, two-wheeler dealerships, family apparel retail, coaching classes, and diagnostic medical labs.",0,Developing Market (Mid Tier),26.0,7.69,42.0
Nashik,Surgana,Borpada,37.92,59.38,86.55,78.95,21.05,28.08,2,Growing Tier-2 Urban Center,"Borpada is an emerging urban locality experiencing rapid residential construction, infrastructure modernization, and an influx of middle-income families.","Prime scope for supermarket franchises, two-wheeler dealerships, family apparel retail, coaching classes, and diagnostic medical labs.",0,Developing Market (Mid Tier),53.85,15.93,42.0
Nashik,Surgana,Umbergavhan,31.12,47.19,71.77,85.29,14.71,21.89,2,Growing Tier-2 Urban Center,"Umbergavhan is an emerging urban locality experiencing rapid residential construction, infrastructure modernization, and an influx of middle-income families.","Prime scope for supermarket franchises, two-wheeler dealerships, family apparel retail, coaching classes, and diagnostic medical labs.",0,Developing Market (Mid Tier),44.19,13.07,42.0
Nashik,Surgana,Alangun,22.26,34.04,47.01,69.48,30.52,16.05,2,Growing Tier-2 Urban Center,"Alangun is an emerging urban locality experiencing rapid residential construction, infrastructure modernization, and an influx of middle-income families.","Prime scope for supermarket franchises, two-wheeler dealerships, family apparel retail, coaching classes, and diagnostic medical labs.",0,Developing Market (Mid Tier),31.61,9.35,42.0
Nashik,Peint,Peint Town,27.05,40.27,60.42,68.6,31.4,19.66,2,Growing Tier-2 Urban Center,"Peint Town is an emerging urban locality experiencing rapid residential construction, infrastructure modernization, and an influx of middle-income families.","Prime scope for supermarket franchises, two-wheeler dealerships, family apparel retail, coaching classes, and diagnostic medical labs.",1,High Opportunity (Affordable / High Upside),38.41,11.36,42.0
Nashik,Peint,Harsul Road,24.12,35.53,55.09,69.1,30.9,16.7,2,Growing Tier-2 Urban Center,"Harsul Road is an emerging urban locality experiencing rapid residential construction, infrastructure modernization, and an influx of middle-income families.","Prime scope for supermarket franchises, two-wheeler dealerships, family apparel retail, coaching classes, and diagnostic medical labs.",1,High Opportunity (Affordable / High Upside),34.25,10.13,42.0
Nashik,Peint,Karanjali,25.74,36.76,60.69,78.31,21.69,18.87,2,Growing Tier-2 Urban Center,"Karanjali is an emerging urban locality experiencing rapid residential construction, infrastructure modernization, and an influx of middle-income families.","Prime scope for supermarket franchises, two-wheeler dealerships, family apparel retail, coaching classes, and diagnostic medical labs.",0,Developing Market (Mid Tier),36.55,10.81,42.0
Nashik,Peint,Kumbhale,29.77,45.0,64.55,81.68,18.32,21.0,2,Growing Tier-2 Urban Center,"Kumbhale is an emerging urban locality experiencing rapid residential construction, infrastructure modernization, and an influx of middle-income families.","Prime scope for supermarket franchises, two-wheeler dealerships, family apparel retail, coaching classes, and diagnostic medical labs.",0,Developing Market (Mid Tier),42.27,12.5,42.0
Jalgaon,Jalgaon,Jalgaon City Gold Hub,13.08,18.96,27.11,70.1,29.9,9.33,3,Semi-Urban Market Town,"Jalgaon City Gold Hub serves as a pivotal commercial hub for surrounding rural agrarian villages, providing essential retail, agricultural supplies, and trade services.","Scope for agro-input supply centers, hardware and cement stores, mobile repair shops, local restaurants, and daily consumer goods distribution.",1,High Opportunity (Affordable / High Upside),18.57,5.49,42.0
Jalgaon,Jalgaon,MIDC Jalgaon,17.52,25.14,37.19,64.27,35.73,12.38,3,Industrial & Automotive MIDC,"MIDC Jalgaon is a planned industrial manufacturing ecosystem supporting heavy engineering, automotive assembly, chemical plants, and precision component fabrication.","Robust scope for industrial hardware supply, scrap recycling, contractual worker transport, industrial safety gear, and CNC tooling services.",1,High Opportunity (Affordable / High Upside),24.88,7.36,42.0
Jalgaon,Jalgaon,Pimprala,15.05,21.9,34.59,70.61,29.39,11.43,3,Semi-Urban Market Town,"Pimprala serves as a pivotal commercial hub for surrounding rural agrarian villages, providing essential retail, agricultural supplies, and trade services.","Scope for agro-input supply centers, hardware and cement stores, mobile repair shops, local restaurants, and daily consumer goods distribution.",0,Developing Market (Mid Tier),21.37,6.32,42.0
Jalgaon,Jalgaon,Shirsoli,21.53,33.95,44.2,73.38,26.62,15.41,3,Semi-Urban Market Town,"Shirsoli serves as a pivotal commercial hub for surrounding rural agrarian villages, providing essential retail, agricultural supplies, and trade services.","Scope for agro-input supply centers, hardware and cement stores, mobile repair shops, local restaurants, and daily consumer goods distribution.",0,Developing Market (Mid Tier),30.57,9.04,42.0
Jalgaon,Jalgaon,Asoda,22.66,34.4,51.1,79.18,20.82,16.65,3,Semi-Urban Market Town,"Asoda serves as a pivotal commercial hub for surrounding rural agrarian villages, providing essential retail, agricultural supplies, and trade services.","Scope for agro-input supply centers, hardware and cement stores, mobile repair shops, local restaurants, and daily consumer goods distribution.",0,Developing Market (Mid Tier),32.18,9.52,42.0
Jalgaon,Jalgaon,Bhadli,14.49,22.7,34.22,67.72,32.28,10.48,3,Semi-Urban Market Town,"Bhadli serves as a pivotal commercial hub for surrounding rural agrarian villages, providing essential retail, agricultural supplies, and trade services.","Scope for agro-input supply centers, hardware and cement stores, mobile repair shops, local restaurants, and daily consumer goods distribution.",1,High Opportunity (Affordable / High Upside),20.58,6.09,42.0
Jalgaon,Jalgaon,Khedi,13.96,21.86,32.41,67.5,32.5,10.39,3,Semi-Urban Market Town,"Khedi serves as a pivotal commercial hub for surrounding rural agrarian villages, providing essential retail, agricultural supplies, and trade services.","Scope for agro-input supply centers, hardware and cement stores, mobile repair shops, local restaurants, and daily consumer goods distribution.",1,High Opportunity (Affordable / High Upside),19.82,5.86,42.0
Jalgaon,Jalgaon,Mehrun,16.24,23.17,38.11,63.85,36.15,11.71,3,Semi-Urban Market Town,"Mehrun serves as a pivotal commercial hub for surrounding rural agrarian villages, providing essential retail, agricultural supplies, and trade services.","Scope for agro-input supply centers, hardware and cement stores, mobile repair shops, local restaurants, and daily consumer goods distribution.",1,High Opportunity (Affordable / High Upside),23.06,6.82,42.0
Jalgaon,Bhusawal,Bhusawal Railway Division,23.27,33.67,55.05,70.76,29.24,15.84,3,Semi-Urban Market Town,"Bhusawal Railway Division serves as a pivotal commercial hub for surrounding rural agrarian villages, providing essential retail, agricultural supplies, and trade services.","Scope for agro-input supply centers, hardware and cement stores, mobile repair shops, local restaurants, and daily consumer goods distribution.",0,Developing Market (Mid Tier),33.04,9.77,42.0
Jalgaon,Bhusawal,Sakegaon,10.92,16.68,25.17,77.3,22.7,7.8,3,Semi-Urban Market Town,"Sakegaon serves as a pivotal commercial hub for surrounding rural agrarian villages, providing essential retail, agricultural supplies, and trade services.","Scope for agro-input supply centers, hardware and cement stores, mobile repair shops, local restaurants, and daily consumer goods distribution.",0,Developing Market (Mid Tier),15.51,4.59,42.0
Jalgaon,Bhusawal,Deepnagar Power Hub,11.45,17.24,26.13,79.52,20.48,8.5,3,Industrial & Automotive MIDC,"Deepnagar Power Hub is a planned industrial manufacturing ecosystem supporting heavy engineering, automotive assembly, chemical plants, and precision component fabrication.","Robust scope for industrial hardware supply, scrap recycling, contractual worker transport, industrial safety gear, and CNC tooling services.",0,Developing Market (Mid Tier),16.26,4.81,42.0
Jalgaon,Bhusawal,Kandari,19.05,29.92,43.75,63.08,36.92,13.65,3,Semi-Urban Market Town,"Kandari serves as a pivotal commercial hub for surrounding rural agrarian villages, providing essential retail, agricultural supplies, and trade services.","Scope for agro-input supply centers, hardware and cement stores, mobile repair shops, local restaurants, and daily consumer goods distribution.",1,High Opportunity (Affordable / High Upside),27.05,8.0,42.0
Jalgaon,Bhusawal,Kurhe,14.64,20.99,30.27,75.88,24.12,10.61,3,Semi-Urban Market Town,"Kurhe serves as a pivotal commercial hub for surrounding rural agrarian villages, providing essential retail, agricultural supplies, and trade services.","Scope for agro-input supply centers, hardware and cement stores, mobile repair shops, local restaurants, and daily consumer goods distribution.",0,Developing Market (Mid Tier),20.79,6.15,42.0
Jalgaon,Bhusawal,Fekari,18.05,26.29,38.54,67.76,32.24,13.18,3,Semi-Urban Market Town,"Fekari serves as a pivotal commercial hub for surrounding rural agrarian villages, providing essential retail, agricultural supplies, and trade services.","Scope for agro-input supply centers, hardware and cement stores, mobile repair shops, local restaurants, and daily consumer goods distribution.",1,High Opportunity (Affordable / High Upside),25.63,7.58,42.0
Jalgaon,Bhusawal,Varangaon,16.06,22.85,36.49,70.7,29.3,11.74,3,Semi-Urban Market Town,"Varangaon serves as a pivotal commercial hub for surrounding rural agrarian villages, providing essential retail, agricultural supplies, and trade services.","Scope for agro-input supply centers, hardware and cement stores, mobile repair shops, local restaurants, and daily consumer goods distribution.",0,Developing Market (Mid Tier),22.81,6.75,42.0
Jalgaon,Chalisgaon,Chalisgaon City,18.66,28.75,41.86,74.02,25.98,12.8,3,Semi-Urban Market Town,"Chalisgaon City serves as a pivotal commercial hub for surrounding rural agrarian villages, providing essential retail, agricultural supplies, and trade services.","Scope for agro-input supply centers, hardware and cement stores, mobile repair shops, local restaurants, and daily consumer goods distribution.",0,Developing Market (Mid Tier),26.5,7.84,42.0
Jalgaon,Chalisgaon,Pachora Road,22.99,33.04,53.1,66.03,33.97,15.79,3,Semi-Urban Market Town,"Pachora Road serves as a pivotal commercial hub for surrounding rural agrarian villages, providing essential retail, agricultural supplies, and trade services.","Scope for agro-input supply centers, hardware and cement stores, mobile repair shops, local restaurants, and daily consumer goods distribution.",1,High Opportunity (Affordable / High Upside),32.65,9.66,42.0
Jalgaon,Chalisgaon,Bhadgaon Road,20.71,30.86,45.16,73.21,26.79,14.87,3,Semi-Urban Market Town,"Bhadgaon Road serves as a pivotal commercial hub for surrounding rural agrarian villages, providing essential retail, agricultural supplies, and trade services.","Scope for agro-input supply centers, hardware and cement stores, mobile repair shops, local restaurants, and daily consumer goods distribution.",0,Developing Market (Mid Tier),29.41,8.7,42.0
Jalgaon,Chalisgaon,Patna Devi,17.47,25.19,38.07,75.95,24.05,12.64,3,Semi-Urban Market Town,"Patna Devi serves as a pivotal commercial hub for surrounding rural agrarian villages, providing essential retail, agricultural supplies, and trade services.","Scope for agro-input supply centers, hardware and cement stores, mobile repair shops, local restaurants, and daily consumer goods distribution.",0,Developing Market (Mid Tier),24.81,7.34,42.0
Jalgaon,Chalisgaon,Mehsun,23.44,33.83,53.29,78.28,21.72,17.43,3,Semi-Urban Market Town,"Mehsun serves as a pivotal commercial hub for surrounding rural agrarian villages, providing essential retail, agricultural supplies, and trade services.","Scope for agro-input supply centers, hardware and cement stores, mobile repair shops, local restaurants, and daily consumer goods distribution.",0,Developing Market (Mid Tier),33.28,9.84,42.0
Jalgaon,Chalisgaon,Wadgaon Chalisgaon,20.21,29.9,47.76,71.07,28.93,14.64,3,Semi-Urban Market Town,"Wadgaon Chalisgaon serves as a pivotal commercial hub for surrounding rural agrarian villages, providing essential retail, agricultural supplies, and trade services.","Scope for agro-input supply centers, hardware and cement stores, mobile repair shops, local restaurants, and daily consumer goods distribution.",0,Developing Market (Mid Tier),28.7,8.49,42.0
Jalgaon,Amalner,Amalner Education Hub,11.73,16.67,26.36,70.74,29.26,8.87,3,Education & Knowledge Hub,"Amalner Education Hub is a prominent regional education destination with colleges, competitive exam coaching institutes, and a large annual influx of students.","High scope for student hostels, PG rentals, reading libraries/study spaces, stationery publishing, and quick-service student food stalls.",0,Developing Market (Mid Tier),16.66,4.93,42.0
Jalgaon,Amalner,Galwade,14.27,21.97,33.51,66.88,33.12,10.17,3,Education & Knowledge Hub,"Galwade is a prominent regional education destination with colleges, competitive exam coaching institutes, and a large annual influx of students.","High scope for student hostels, PG rentals, reading libraries/study spaces, stationery publishing, and quick-service student food stalls.",1,High Opportunity (Affordable / High Upside),20.26,5.99,42.0
Jalgaon,Amalner,Shirud,19.04,28.6,40.04,64.42,35.58,14.22,3,Education & Knowledge Hub,"Shirud is a prominent regional education destination with colleges, competitive exam coaching institutes, and a large annual influx of students.","High scope for student hostels, PG rentals, reading libraries/study spaces, stationery publishing, and quick-service student food stalls.",1,High Opportunity (Affordable / High Upside),27.04,8.0,42.0
Jalgaon,Amalner,Patonda,12.72,18.43,29.43,77.05,22.95,9.52,3,Education & Knowledge Hub,"Patonda is a prominent regional education destination with colleges, competitive exam coaching institutes, and a large annual influx of students.","High scope for student hostels, PG rentals, reading libraries/study spaces, stationery publishing, and quick-service student food stalls.",0,Developing Market (Mid Tier),18.06,5.34,42.0
Jalgaon,Amalner,Dahiwad Amalner,23.05,36.4,50.76,70.99,29.01,16.21,3,Education & Knowledge Hub,"Dahiwad Amalner is a prominent regional education destination with colleges, competitive exam coaching institutes, and a large annual influx of students.","High scope for student hostels, PG rentals, reading libraries/study spaces, stationery publishing, and quick-service student food stalls.",0,Developing Market (Mid Tier),32.73,9.68,42.0
Jalgaon,Amalner,Marwad,10.94,15.71,25.05,69.74,30.26,7.73,3,Education & Knowledge Hub,"Marwad is a prominent regional education destination with colleges, competitive exam coaching institutes, and a large annual influx of students.","High scope for student hostels, PG rentals, reading libraries/study spaces, stationery publishing, and quick-service student food stalls.",1,High Opportunity (Affordable / High Upside),15.53,4.59,42.0
Jalgaon,Pachora,Pachora Town,11.8,17.99,24.58,72.39,27.61,8.87,3,Semi-Urban Market Town,"Pachora Town serves as a pivotal commercial hub for surrounding rural agrarian villages, providing essential retail, agricultural supplies, and trade services.","Scope for agro-input supply centers, hardware and cement stores, mobile repair shops, local restaurants, and daily consumer goods distribution.",0,Developing Market (Mid Tier),16.76,4.96,42.0
Jalgaon,Pachora,Nandra,14.45,21.56,32.56,66.11,33.89,10.5,3,Semi-Urban Market Town,"Nandra serves as a pivotal commercial hub for surrounding rural agrarian villages, providing essential retail, agricultural supplies, and trade services.","Scope for agro-input supply centers, hardware and cement stores, mobile repair shops, local restaurants, and daily consumer goods distribution.",1,High Opportunity (Affordable / High Upside),20.52,6.07,42.0
Jalgaon,Pachora,Bhadgaon Nearby,17.92,26.49,38.61,68.57,31.43,12.19,3,Semi-Urban Market Town,"Bhadgaon Nearby serves as a pivotal commercial hub for surrounding rural agrarian villages, providing essential retail, agricultural supplies, and trade services.","Scope for agro-input supply centers, hardware and cement stores, mobile repair shops, local restaurants, and daily consumer goods distribution.",1,High Opportunity (Affordable / High Upside),25.45,7.53,42.0
Jalgaon,Pachora,Shendurni,13.45,19.58,30.86,68.72,31.28,10.05,3,Semi-Urban Market Town,"Shendurni serves as a pivotal commercial hub for surrounding rural agrarian villages, providing essential retail, agricultural supplies, and trade services.","Scope for agro-input supply centers, hardware and cement stores, mobile repair shops, local restaurants, and daily consumer goods distribution.",1,High Opportunity (Affordable / High Upside),19.1,5.65,42.0
Jalgaon,Pachora,Varkhedi,11.88,18.26,27.8,69.26,30.74,8.42,3,Semi-Urban Market Town,"Varkhedi serves as a pivotal commercial hub for surrounding rural agrarian villages, providing essential retail, agricultural supplies, and trade services.","Scope for agro-input supply centers, hardware and cement stores, mobile repair shops, local restaurants, and daily consumer goods distribution.",1,High Opportunity (Affordable / High Upside),16.87,4.99,42.0
Jalgaon,Chopda,Chopda Town,14.28,21.54,30.1,72.13,27.87,10.67,3,Semi-Urban Market Town,"Chopda Town serves as a pivotal commercial hub for surrounding rural agrarian villages, providing essential retail, agricultural supplies, and trade services.","Scope for agro-input supply centers, hardware and cement stores, mobile repair shops, local restaurants, and daily consumer goods distribution.",0,Developing Market (Mid Tier),20.28,6.0,42.0
Jalgaon,Chopda,Adavad,22.02,31.76,49.05,65.26,34.74,16.53,3,Semi-Urban Market Town,"Adavad serves as a pivotal commercial hub for surrounding rural agrarian villages, providing essential retail, agricultural supplies, and trade services.","Scope for agro-input supply centers, hardware and cement stores, mobile repair shops, local restaurants, and daily consumer goods distribution.",1,High Opportunity (Affordable / High Upside),31.27,9.25,42.0
Jalgaon,Chopda,Hated,11.07,15.85,22.76,70.14,29.86,7.56,3,Semi-Urban Market Town,"Hated serves as a pivotal commercial hub for surrounding rural agrarian villages, providing essential retail, agricultural supplies, and trade services.","Scope for agro-input supply centers, hardware and cement stores, mobile repair shops, local restaurants, and daily consumer goods distribution.",1,High Opportunity (Affordable / High Upside),15.72,4.65,42.0
Jalgaon,Chopda,Machla,18.15,26.95,40.74,78.13,21.87,13.14,3,Semi-Urban Market Town,"Machla serves as a pivotal commercial hub for surrounding rural agrarian villages, providing essential retail, agricultural supplies, and trade services.","Scope for agro-input supply centers, hardware and cement stores, mobile repair shops, local restaurants, and daily consumer goods distribution.",0,Developing Market (Mid Tier),25.77,7.62,42.0
Jalgaon,Chopda,Vadhoda,17.61,27.82,38.84,75.5,24.5,12.49,3,Semi-Urban Market Town,"Vadhoda serves as a pivotal commercial hub for surrounding rural agrarian villages, providing essential retail, agricultural supplies, and trade services.","Scope for agro-input supply centers, hardware and cement stores, mobile repair shops, local restaurants, and daily consumer goods distribution.",0,Developing Market (Mid Tier),25.01,7.4,42.0
Jalgaon,Raver,Raver Banana Capital,13.13,20.27,30.09,65.82,34.18,9.42,3,Agro-Trading & Banana Belt,"Raver Banana Capital is an integral agricultural trading node in North Maharashtra, renowned for extensive banana cultivation, wholesale fruit mandis, and direct rail exports to North Indian markets.","High scope for cold-chain logistics, controlled-atmosphere fruit ripening chambers, bio-fertilizers, and packaging material manufacturing.",1,High Opportunity (Affordable / High Upside),18.64,5.51,42.0
Jalgaon,Raver,Nhavi,17.15,25.44,38.0,73.25,26.75,12.83,3,Agro-Trading & Banana Belt,"Nhavi is an integral agricultural trading node in North Maharashtra, renowned for extensive banana cultivation, wholesale fruit mandis, and direct rail exports to North Indian markets.","High scope for cold-chain logistics, controlled-atmosphere fruit ripening chambers, bio-fertilizers, and packaging material manufacturing.",0,Developing Market (Mid Tier),24.35,7.2,42.0
Jalgaon,Raver,Khanora,21.29,32.32,44.81,70.28,29.72,15.24,3,Agro-Trading & Banana Belt,"Khanora is an integral agricultural trading node in North Maharashtra, renowned for extensive banana cultivation, wholesale fruit mandis, and direct rail exports to North Indian markets.","High scope for cold-chain logistics, controlled-atmosphere fruit ripening chambers, bio-fertilizers, and packaging material manufacturing.",0,Developing Market (Mid Tier),30.23,8.94,42.0
Jalgaon,Raver,Pal Agro Hub,12.51,19.66,28.37,79.35,20.65,9.24,3,Agro-Trading & Banana Belt,"Pal Agro Hub is an integral agricultural trading node in North Maharashtra, renowned for extensive banana cultivation, wholesale fruit mandis, and direct rail exports to North Indian markets.","High scope for cold-chain logistics, controlled-atmosphere fruit ripening chambers, bio-fertilizers, and packaging material manufacturing.",0,Developing Market (Mid Tier),17.76,5.25,42.0
Jalgaon,Raver,Waghoda,16.77,24.78,35.59,69.75,30.25,11.49,3,Agro-Trading & Banana Belt,"Waghoda is an integral agricultural trading node in North Maharashtra, renowned for extensive banana cultivation, wholesale fruit mandis, and direct rail exports to North Indian markets.","High scope for cold-chain logistics, controlled-atmosphere fruit ripening chambers, bio-fertilizers, and packaging material manufacturing.",1,High Opportunity (Affordable / High Upside),23.81,7.04,42.0
Jalgaon,Raver,Rasulpur,15.17,21.65,32.13,78.15,21.85,10.75,3,Agro-Trading & Banana Belt,"Rasulpur is an integral agricultural trading node in North Maharashtra, renowned for extensive banana cultivation, wholesale fruit mandis, and direct rail exports to North Indian markets.","High scope for cold-chain logistics, controlled-atmosphere fruit ripening chambers, bio-fertilizers, and packaging material manufacturing.",0,Developing Market (Mid Tier),21.54,6.37,42.0
Jalgaon,Savda,Savda Banana Trading Town,16.58,24.75,34.24,79.61,20.39,11.7,3,Agro-Trading & Banana Belt,"Savda Banana Trading Town is an integral agricultural trading node in North Maharashtra, renowned for extensive banana cultivation, wholesale fruit mandis, and direct rail exports to North Indian markets.","High scope for cold-chain logistics, controlled-atmosphere fruit ripening chambers, bio-fertilizers, and packaging material manufacturing.",0,Developing Market (Mid Tier),23.54,6.96,42.0
Jalgaon,Savda,Faizpur Municipal Town,19.85,29.84,46.13,76.7,23.3,13.92,3,Agro-Trading & Banana Belt,"Faizpur Municipal Town is an integral agricultural trading node in North Maharashtra, renowned for extensive banana cultivation, wholesale fruit mandis, and direct rail exports to North Indian markets.","High scope for cold-chain logistics, controlled-atmosphere fruit ripening chambers, bio-fertilizers, and packaging material manufacturing.",0,Developing Market (Mid Tier),28.19,8.34,42.0
Jalgaon,Savda,Khiroda Education Hub,17.62,25.51,39.92,67.31,32.69,12.9,3,Agro-Trading & Banana Belt,"Khiroda Education Hub is an integral agricultural trading node in North Maharashtra, renowned for extensive banana cultivation, wholesale fruit mandis, and direct rail exports to North Indian markets.","High scope for cold-chain logistics, controlled-atmosphere fruit ripening chambers, bio-fertilizers, and packaging material manufacturing.",1,High Opportunity (Affordable / High Upside),25.02,7.4,42.0
Jalgaon,Savda,Kumbharkheda,21.7,32.61,47.18,78.14,21.86,15.65,3,Agro-Trading & Banana Belt,"Kumbharkheda is an integral agricultural trading node in North Maharashtra, renowned for extensive banana cultivation, wholesale fruit mandis, and direct rail exports to North Indian markets.","High scope for cold-chain logistics, controlled-atmosphere fruit ripening chambers, bio-fertilizers, and packaging material manufacturing.",0,Developing Market (Mid Tier),30.81,9.11,42.0
Jalgaon,Yawal,Yawal Town,14.94,23.29,33.03,69.64,30.36,10.88,3,Agro-Trading & Banana Belt,"Yawal Town is an integral agricultural trading node in North Maharashtra, renowned for extensive banana cultivation, wholesale fruit mandis, and direct rail exports to North Indian markets.","High scope for cold-chain logistics, controlled-atmosphere fruit ripening chambers, bio-fertilizers, and packaging material manufacturing.",1,High Opportunity (Affordable / High Upside),21.21,6.27,42.0
Jalgaon,Yawal,Faizpur,17.03,24.56,35.84,61.54,38.46,12.46,3,Agro-Trading & Banana Belt,"Faizpur is an integral agricultural trading node in North Maharashtra, renowned for extensive banana cultivation, wholesale fruit mandis, and direct rail exports to North Indian markets.","High scope for cold-chain logistics, controlled-atmosphere fruit ripening chambers, bio-fertilizers, and packaging material manufacturing.",1,High Opportunity (Affordable / High Upside),24.18,7.15,42.0
Jalgaon,Yawal,Bhalod,12.96,18.79,28.12,74.35,25.65,8.94,3,Agro-Trading & Banana Belt,"Bhalod is an integral agricultural trading node in North Maharashtra, renowned for extensive banana cultivation, wholesale fruit mandis, and direct rail exports to North Indian markets.","High scope for cold-chain logistics, controlled-atmosphere fruit ripening chambers, bio-fertilizers, and packaging material manufacturing.",0,Developing Market (Mid Tier),18.4,5.44,42.0
Jalgaon,Yawal,Korpawali,13.22,20.49,30.24,69.63,30.37,9.5,3,Agro-Trading & Banana Belt,"Korpawali is an integral agricultural trading node in North Maharashtra, renowned for extensive banana cultivation, wholesale fruit mandis, and direct rail exports to North Indian markets.","High scope for cold-chain logistics, controlled-atmosphere fruit ripening chambers, bio-fertilizers, and packaging material manufacturing.",1,High Opportunity (Affordable / High Upside),18.77,5.55,42.0
Jalgaon,Yawal,Kingaon,12.95,18.72,30.11,60.45,39.55,8.85,3,Agro-Trading & Banana Belt,"Kingaon is an integral agricultural trading node in North Maharashtra, renowned for extensive banana cultivation, wholesale fruit mandis, and direct rail exports to North Indian markets.","High scope for cold-chain logistics, controlled-atmosphere fruit ripening chambers, bio-fertilizers, and packaging material manufacturing.",1,High Opportunity (Affordable / High Upside),18.39,5.44,42.0
Jalgaon,Jamner,Jamner Town,18.03,26.07,40.71,60.78,39.22,13.09,3,Semi-Urban Market Town,"Jamner Town serves as a pivotal commercial hub for surrounding rural agrarian villages, providing essential retail, agricultural supplies, and trade services.","Scope for agro-input supply centers, hardware and cement stores, mobile repair shops, local restaurants, and daily consumer goods distribution.",1,High Opportunity (Affordable / High Upside),25.6,7.57,42.0
Jalgaon,Jamner,Neri,10.78,15.75,22.74,79.16,20.84,7.85,3,Semi-Urban Market Town,"Neri serves as a pivotal commercial hub for surrounding rural agrarian villages, providing essential retail, agricultural supplies, and trade services.","Scope for agro-input supply centers, hardware and cement stores, mobile repair shops, local restaurants, and daily consumer goods distribution.",0,Developing Market (Mid Tier),15.31,4.53,42.0
Jalgaon,Jamner,Shendurni Road,17.89,25.46,40.92,73.23,26.77,12.57,3,Semi-Urban Market Town,"Shendurni Road serves as a pivotal commercial hub for surrounding rural agrarian villages, providing essential retail, agricultural supplies, and trade services.","Scope for agro-input supply centers, hardware and cement stores, mobile repair shops, local restaurants, and daily consumer goods distribution.",0,Developing Market (Mid Tier),25.4,7.51,42.0
Jalgaon,Jamner,Wakod,11.2,16.71,26.63,77.35,22.65,7.77,3,Semi-Urban Market Town,"Wakod serves as a pivotal commercial hub for surrounding rural agrarian villages, providing essential retail, agricultural supplies, and trade services.","Scope for agro-input supply centers, hardware and cement stores, mobile repair shops, local restaurants, and daily consumer goods distribution.",0,Developing Market (Mid Tier),15.9,4.7,42.0
Jalgaon,Jamner,Pahur,21.63,32.79,50.01,76.41,23.59,15.02,3,Semi-Urban Market Town,"Pahur serves as a pivotal commercial hub for surrounding rural agrarian villages, providing essential retail, agricultural supplies, and trade services.","Scope for agro-input supply centers, hardware and cement stores, mobile repair shops, local restaurants, and daily consumer goods distribution.",0,Developing Market (Mid Tier),30.71,9.08,42.0
Jalgaon,Erandol,Erandol Town,19.24,28.14,44.04,66.85,33.15,13.78,3,Semi-Urban Market Town,"Erandol Town serves as a pivotal commercial hub for surrounding rural agrarian villages, providing essential retail, agricultural supplies, and trade services.","Scope for agro-input supply centers, hardware and cement stores, mobile repair shops, local restaurants, and daily consumer goods distribution.",1,High Opportunity (Affordable / High Upside),27.32,8.08,42.0
Jalgaon,Erandol,Padmalaya Ganpati,18.27,26.62,39.78,62.17,37.83,12.72,3,Semi-Urban Market Town,"Padmalaya Ganpati serves as a pivotal commercial hub for surrounding rural agrarian villages, providing essential retail, agricultural supplies, and trade services.","Scope for agro-input supply centers, hardware and cement stores, mobile repair shops, local restaurants, and daily consumer goods distribution.",1,High Opportunity (Affordable / High Upside),25.94,7.67,42.0
Jalgaon,Erandol,Kasoda,22.03,33.06,48.21,62.99,37.01,15.15,3,Semi-Urban Market Town,"Kasoda serves as a pivotal commercial hub for surrounding rural agrarian villages, providing essential retail, agricultural supplies, and trade services.","Scope for agro-input supply centers, hardware and cement stores, mobile repair shops, local restaurants, and daily consumer goods distribution.",1,High Opportunity (Affordable / High Upside),31.28,9.25,42.0
Jalgaon,Erandol,Utran,16.66,25.3,34.37,75.68,24.32,12.0,3,Semi-Urban Market Town,"Utran serves as a pivotal commercial hub for surrounding rural agrarian villages, providing essential retail, agricultural supplies, and trade services.","Scope for agro-input supply centers, hardware and cement stores, mobile repair shops, local restaurants, and daily consumer goods distribution.",0,Developing Market (Mid Tier),23.66,7.0,42.0
Jalgaon,Erandol,Ringangaon,11.65,17.44,24.38,72.07,27.93,8.69,3,Semi-Urban Market Town,"Ringangaon serves as a pivotal commercial hub for surrounding rural agrarian villages, providing essential retail, agricultural supplies, and trade services.","Scope for agro-input supply centers, hardware and cement stores, mobile repair shops, local restaurants, and daily consumer goods distribution.",0,Developing Market (Mid Tier),16.54,4.89,42.0
Jalgaon,Parola,Parola Fort Town,22.56,34.83,51.08,70.44,29.56,16.01,3,Pilgrimage & Heritage Tourism,"Parola Fort Town is a sacred pilgrimage and historical landmark attracting millions of spiritual seekers, cultural travelers, and weekend tourists throughout the year.","High scope for modern budget hotels, devotional souvenir retail, pure-veg multi-cuisine restaurants, passenger cab services, and travel booking desks.",0,Developing Market (Mid Tier),32.04,9.48,42.0
Jalgaon,Parola,Tamdhare,10.61,15.97,22.55,76.05,23.95,7.88,3,Semi-Urban Market Town,"Tamdhare serves as a pivotal commercial hub for surrounding rural agrarian villages, providing essential retail, agricultural supplies, and trade services.","Scope for agro-input supply centers, hardware and cement stores, mobile repair shops, local restaurants, and daily consumer goods distribution.",0,Developing Market (Mid Tier),15.07,4.46,42.0
Jalgaon,Parola,Bahadarpur,15.34,23.23,35.2,75.23,24.77,11.29,3,Semi-Urban Market Town,"Bahadarpur serves as a pivotal commercial hub for surrounding rural agrarian villages, providing essential retail, agricultural supplies, and trade services.","Scope for agro-input supply centers, hardware and cement stores, mobile repair shops, local restaurants, and daily consumer goods distribution.",0,Developing Market (Mid Tier),21.78,6.44,42.0
Jalgaon,Parola,Mhasve,11.37,16.39,25.1,64.65,35.35,8.51,3,Semi-Urban Market Town,"Mhasve serves as a pivotal commercial hub for surrounding rural agrarian villages, providing essential retail, agricultural supplies, and trade services.","Scope for agro-input supply centers, hardware and cement stores, mobile repair shops, local restaurants, and daily consumer goods distribution.",1,High Opportunity (Affordable / High Upside),16.15,4.78,42.0
Jalgaon,Dharangaon,Dharangaon Town,13.97,21.8,30.52,63.78,36.22,10.29,3,Semi-Urban Market Town,"Dharangaon Town serves as a pivotal commercial hub for surrounding rural agrarian villages, providing essential retail, agricultural supplies, and trade services.","Scope for agro-input supply centers, hardware and cement stores, mobile repair shops, local restaurants, and daily consumer goods distribution.",1,High Opportunity (Affordable / High Upside),19.84,5.87,42.0
Jalgaon,Dharangaon,Sonvad,21.05,31.84,43.97,60.14,39.86,15.42,3,Semi-Urban Market Town,"Sonvad serves as a pivotal commercial hub for surrounding rural agrarian villages, providing essential retail, agricultural supplies, and trade services.","Scope for agro-input supply centers, hardware and cement stores, mobile repair shops, local restaurants, and daily consumer goods distribution.",1,High Opportunity (Affordable / High Upside),29.89,8.84,42.0
Jalgaon,Dharangaon,Rotvad,19.63,28.87,42.59,63.1,36.9,14.37,3,Semi-Urban Market Town,"Rotvad serves as a pivotal commercial hub for surrounding rural agrarian villages, providing essential retail, agricultural supplies, and trade services.","Scope for agro-input supply centers, hardware and cement stores, mobile repair shops, local restaurants, and daily consumer goods distribution.",1,High Opportunity (Affordable / High Upside),27.87,8.24,42.0
Jalgaon,Dharangaon,Pimpri Dharangaon,13.55,21.09,29.67,67.31,32.69,9.51,3,Semi-Urban Market Town,"Pimpri Dharangaon serves as a pivotal commercial hub for surrounding rural agrarian villages, providing essential retail, agricultural supplies, and trade services.","Scope for agro-input supply centers, hardware and cement stores, mobile repair shops, local restaurants, and daily consumer goods distribution.",1,High Opportunity (Affordable / High Upside),19.24,5.69,42.0
Jalgaon,Bhadgaon,Bhadgaon Town,19.53,30.09,42.7,75.68,24.32,14.03,3,Semi-Urban Market Town,"Bhadgaon Town serves as a pivotal commercial hub for surrounding rural agrarian villages, providing essential retail, agricultural supplies, and trade services.","Scope for agro-input supply centers, hardware and cement stores, mobile repair shops, local restaurants, and daily consumer goods distribution.",0,Developing Market (Mid Tier),27.73,8.2,42.0
Jalgaon,Bhadgaon,Gudhe,15.18,22.9,32.39,66.13,33.87,10.74,3,Semi-Urban Market Town,"Gudhe serves as a pivotal commercial hub for surrounding rural agrarian villages, providing essential retail, agricultural supplies, and trade services.","Scope for agro-input supply centers, hardware and cement stores, mobile repair shops, local restaurants, and daily consumer goods distribution.",1,High Opportunity (Affordable / High Upside),21.56,6.38,42.0
Jalgaon,Bhadgaon,Khedgaon Bhadgaon,19.88,30.57,46.36,73.19,26.81,14.71,3,Semi-Urban Market Town,"Khedgaon Bhadgaon serves as a pivotal commercial hub for surrounding rural agrarian villages, providing essential retail, agricultural supplies, and trade services.","Scope for agro-input supply centers, hardware and cement stores, mobile repair shops, local restaurants, and daily consumer goods distribution.",0,Developing Market (Mid Tier),28.23,8.35,42.0
Jalgaon,Bhadgaon,Ambadgaon,16.25,24.89,34.18,64.29,35.71,11.57,3,Industrial & Automotive MIDC,"Ambadgaon is a planned industrial manufacturing ecosystem supporting heavy engineering, automotive assembly, chemical plants, and precision component fabrication.","Robust scope for industrial hardware supply, scrap recycling, contractual worker transport, industrial safety gear, and CNC tooling services.",1,High Opportunity (Affordable / High Upside),23.07,6.82,42.0
Jalgaon,Muktainagar,Muktainagar Town,14.74,22.23,33.61,74.14,25.86,10.21,3,Semi-Urban Market Town,"Muktainagar Town serves as a pivotal commercial hub for surrounding rural agrarian villages, providing essential retail, agricultural supplies, and trade services.","Scope for agro-input supply centers, hardware and cement stores, mobile repair shops, local restaurants, and daily consumer goods distribution.",0,Developing Market (Mid Tier),20.93,6.19,42.0
Jalgaon,Muktainagar,Kothali,23.5,33.39,48.88,62.91,37.09,17.72,3,Semi-Urban Market Town,"Kothali serves as a pivotal commercial hub for surrounding rural agrarian villages, providing essential retail, agricultural supplies, and trade services.","Scope for agro-input supply centers, hardware and cement stores, mobile repair shops, local restaurants, and daily consumer goods distribution.",1,High Opportunity (Affordable / High Upside),33.37,9.87,42.0
Jalgaon,Muktainagar,Anturli,16.1,23.03,34.18,61.6,38.4,11.0,3,Semi-Urban Market Town,"Anturli serves as a pivotal commercial hub for surrounding rural agrarian villages, providing essential retail, agricultural supplies, and trade services.","Scope for agro-input supply centers, hardware and cement stores, mobile repair shops, local restaurants, and daily consumer goods distribution.",1,High Opportunity (Affordable / High Upside),22.86,6.76,42.0
Jalgaon,Muktainagar,Kurha Kakoda,15.38,24.26,34.65,70.42,29.58,11.33,3,Semi-Urban Market Town,"Kurha Kakoda serves as a pivotal commercial hub for surrounding rural agrarian villages, providing essential retail, agricultural supplies, and trade services.","Scope for agro-input supply centers, hardware and cement stores, mobile repair shops, local restaurants, and daily consumer goods distribution.",0,Developing Market (Mid Tier),21.84,6.46,42.0
Jalgaon,Bodwad,Bodwad Town,18.36,28.85,42.61,72.81,27.19,13.13,3,Semi-Urban Market Town,"Bodwad Town serves as a pivotal commercial hub for surrounding rural agrarian villages, providing essential retail, agricultural supplies, and trade services.","Scope for agro-input supply centers, hardware and cement stores, mobile repair shops, local restaurants, and daily consumer goods distribution.",0,Developing Market (Mid Tier),26.07,7.71,42.0
Jalgaon,Bodwad,Varangaon Road,12.82,19.55,29.68,65.72,34.28,8.75,3,Semi-Urban Market Town,"Varangaon Road serves as a pivotal commercial hub for surrounding rural agrarian villages, providing essential retail, agricultural supplies, and trade services.","Scope for agro-input supply centers, hardware and cement stores, mobile repair shops, local restaurants, and daily consumer goods distribution.",1,High Opportunity (Affordable / High Upside),18.2,5.38,42.0
Jalgaon,Bodwad,Nadgaon,18.39,27.63,39.11,63.39,36.61,12.56,3,Semi-Urban Market Town,"Nadgaon serves as a pivotal commercial hub for surrounding rural agrarian villages, providing essential retail, agricultural supplies, and trade services.","Scope for agro-input supply centers, hardware and cement stores, mobile repair shops, local restaurants, and daily consumer goods distribution.",1,High Opportunity (Affordable / High Upside),26.11,7.72,42.0
Jalgaon,Bodwad,Salbardi,13.35,18.96,28.06,79.94,20.06,9.91,3,Semi-Urban Market Town,"Salbardi serves as a pivotal commercial hub for surrounding rural agrarian villages, providing essential retail, agricultural supplies, and trade services.","Scope for agro-input supply centers, hardware and cement stores, mobile repair shops, local restaurants, and daily consumer goods distribution.",0,Developing Market (Mid Tier),18.96,5.61,42.0
Ahmednagar,Nagar,Ahmednagar City,16.94,25.13,38.0,72.35,27.65,12.52,3,Semi-Urban Market Town,"Ahmednagar City serves as a pivotal commercial hub for surrounding rural agrarian villages, providing essential retail, agricultural supplies, and trade services.","Scope for agro-input supply centers, hardware and cement stores, mobile repair shops, local restaurants, and daily consumer goods distribution.",0,Developing Market (Mid Tier),24.05,7.11,42.0
Ahmednagar,Nagar,Savedi,12.96,18.59,27.78,78.6,21.4,9.76,3,Semi-Urban Market Town,"Savedi serves as a pivotal commercial hub for surrounding rural agrarian villages, providing essential retail, agricultural supplies, and trade services.","Scope for agro-input supply centers, hardware and cement stores, mobile repair shops, local restaurants, and daily consumer goods distribution.",0,Developing Market (Mid Tier),18.4,5.44,42.0
Ahmednagar,Nagar,Kedgaon,16.87,26.56,36.12,74.13,25.87,11.73,3,Semi-Urban Market Town,"Kedgaon serves as a pivotal commercial hub for surrounding rural agrarian villages, providing essential retail, agricultural supplies, and trade services.","Scope for agro-input supply centers, hardware and cement stores, mobile repair shops, local restaurants, and daily consumer goods distribution.",0,Developing Market (Mid Tier),23.96,7.09,42.0
Ahmednagar,Nagar,Bhingar Cantonment,25.02,37.83,53.45,70.14,29.86,17.23,3,Semi-Urban Market Town,"Bhingar Cantonment serves as a pivotal commercial hub for surrounding rural agrarian villages, providing essential retail, agricultural supplies, and trade services.","Scope for agro-input supply centers, hardware and cement stores, mobile repair shops, local restaurants, and daily consumer goods distribution.",0,Developing Market (Mid Tier),35.53,10.51,42.0
Ahmednagar,Nagar,MIDC Nagapur,13.01,19.09,30.74,78.06,21.94,9.84,3,Industrial & Automotive MIDC,"MIDC Nagapur is a planned industrial manufacturing ecosystem supporting heavy engineering, automotive assembly, chemical plants, and precision component fabrication.","Robust scope for industrial hardware supply, scrap recycling, contractual worker transport, industrial safety gear, and CNC tooling services.",0,Developing Market (Mid Tier),18.47,5.46,42.0
Ahmednagar,Nagar,Vilad Ghat,24.27,37.62,54.36,75.88,24.12,18.38,3,Semi-Urban Market Town,"Vilad Ghat serves as a pivotal commercial hub for surrounding rural agrarian villages, providing essential retail, agricultural supplies, and trade services.","Scope for agro-input supply centers, hardware and cement stores, mobile repair shops, local restaurants, and daily consumer goods distribution.",0,Developing Market (Mid Tier),34.46,10.19,42.0
Ahmednagar,Nagar,Burudgaon,19.88,30.68,45.72,81.22,18.78,14.25,3,Semi-Urban Market Town,"Burudgaon serves as a pivotal commercial hub for surrounding rural agrarian villages, providing essential retail, agricultural supplies, and trade services.","Scope for agro-input supply centers, hardware and cement stores, mobile repair shops, local restaurants, and daily consumer goods distribution.",0,Developing Market (Mid Tier),28.23,8.35,42.0
Ahmednagar,Rahata,Shirdi Holy Town,18.45,27.93,37.99,64.33,35.67,12.65,3,Pilgrimage & Heritage Tourism,"Shirdi Holy Town is a sacred pilgrimage and historical landmark attracting millions of spiritual seekers, cultural travelers, and weekend tourists throughout the year.","High scope for modern budget hotels, devotional souvenir retail, pure-veg multi-cuisine restaurants, passenger cab services, and travel booking desks.",1,High Opportunity (Affordable / High Upside),26.2,7.75,42.0
Ahmednagar,Rahata,Rahata Town,20.87,32.96,47.45,66.6,33.4,14.72,3,Semi-Urban Market Town,"Rahata Town serves as a pivotal commercial hub for surrounding rural agrarian villages, providing essential retail, agricultural supplies, and trade services.","Scope for agro-input supply centers, hardware and cement stores, mobile repair shops, local restaurants, and daily consumer goods distribution.",1,High Opportunity (Affordable / High Upside),29.64,8.77,42.0
Ahmednagar,Rahata,Sakori,25.38,38.14,52.11,78.64,21.36,17.76,3,Semi-Urban Market Town,"Sakori serves as a pivotal commercial hub for surrounding rural agrarian villages, providing essential retail, agricultural supplies, and trade services.","Scope for agro-input supply centers, hardware and cement stores, mobile repair shops, local restaurants, and daily consumer goods distribution.",0,Developing Market (Mid Tier),36.04,10.66,42.0
Ahmednagar,Rahata,Pimplas,13.3,20.32,30.87,63.52,36.48,10.04,3,Semi-Urban Market Town,"Pimplas serves as a pivotal commercial hub for surrounding rural agrarian villages, providing essential retail, agricultural supplies, and trade services.","Scope for agro-input supply centers, hardware and cement stores, mobile repair shops, local restaurants, and daily consumer goods distribution.",1,High Opportunity (Affordable / High Upside),18.89,5.59,42.0
Ahmednagar,Rahata,Loni Education Hub,18.67,27.57,43.78,67.38,32.62,14.11,3,Semi-Urban Market Town,"Loni Education Hub serves as a pivotal commercial hub for surrounding rural agrarian villages, providing essential retail, agricultural supplies, and trade services.","Scope for agro-input supply centers, hardware and cement stores, mobile repair shops, local restaurants, and daily consumer goods distribution.",1,High Opportunity (Affordable / High Upside),26.51,7.84,42.0
Ahmednagar,Rahata,Babhaleshwar,21.56,33.75,47.75,65.99,34.01,15.93,3,Semi-Urban Market Town,"Babhaleshwar serves as a pivotal commercial hub for surrounding rural agrarian villages, providing essential retail, agricultural supplies, and trade services.","Scope for agro-input supply centers, hardware and cement stores, mobile repair shops, local restaurants, and daily consumer goods distribution.",1,High Opportunity (Affordable / High Upside),30.62,9.06,42.0
Ahmednagar,Shrirampur,Shrirampur Sugar Town,24.22,35.19,51.27,66.99,33.01,17.67,3,Dairy & Cooperative Sugar Belt,"Shrirampur Sugar Town is a prosperous cooperative powerhouse known for intensive sugarcane farming, modern milk processing plants, and robust agrarian entrepreneurship.","High scope for dairy value-add processing (cheese, paneer), cattle feed distribution, agricultural machinery repair, and solar pumps.",1,High Opportunity (Affordable / High Upside),34.39,10.17,42.0
Ahmednagar,Shrirampur,Belapur,14.18,20.38,33.37,75.52,24.48,10.39,3,Dairy & Cooperative Sugar Belt,"Belapur is a prosperous cooperative powerhouse known for intensive sugarcane farming, modern milk processing plants, and robust agrarian entrepreneurship.","High scope for dairy value-add processing (cheese, paneer), cattle feed distribution, agricultural machinery repair, and solar pumps.",0,Developing Market (Mid Tier),20.14,5.96,42.0
Ahmednagar,Shrirampur,Padhegaon,20.59,31.76,45.89,62.85,37.15,14.8,3,Dairy & Cooperative Sugar Belt,"Padhegaon is a prosperous cooperative powerhouse known for intensive sugarcane farming, modern milk processing plants, and robust agrarian entrepreneurship.","High scope for dairy value-add processing (cheese, paneer), cattle feed distribution, agricultural machinery repair, and solar pumps.",1,High Opportunity (Affordable / High Upside),29.24,8.65,42.0
Ahmednagar,Shrirampur,Taklibhan,20.69,31.01,49.14,79.94,20.06,15.51,3,Dairy & Cooperative Sugar Belt,"Taklibhan is a prosperous cooperative powerhouse known for intensive sugarcane farming, modern milk processing plants, and robust agrarian entrepreneurship.","High scope for dairy value-add processing (cheese, paneer), cattle feed distribution, agricultural machinery repair, and solar pumps.",0,Developing Market (Mid Tier),29.38,8.69,42.0
Ahmednagar,Shrirampur,Gondegaon,18.87,29.77,44.39,67.61,32.39,13.17,3,Dairy & Cooperative Sugar Belt,"Gondegaon is a prosperous cooperative powerhouse known for intensive sugarcane farming, modern milk processing plants, and robust agrarian entrepreneurship.","High scope for dairy value-add processing (cheese, paneer), cattle feed distribution, agricultural machinery repair, and solar pumps.",1,High Opportunity (Affordable / High Upside),26.8,7.93,42.0
Ahmednagar,Sangamner,Sangamner City,20.07,28.67,46.44,71.57,28.43,14.52,3,Dairy & Cooperative Sugar Belt,"Sangamner City is a prosperous cooperative powerhouse known for intensive sugarcane farming, modern milk processing plants, and robust agrarian entrepreneurship.","High scope for dairy value-add processing (cheese, paneer), cattle feed distribution, agricultural machinery repair, and solar pumps.",0,Developing Market (Mid Tier),28.5,8.43,42.0
Ahmednagar,Sangamner,Amrutnagar,19.03,28.22,43.32,65.5,34.5,14.43,3,Dairy & Cooperative Sugar Belt,"Amrutnagar is a prosperous cooperative powerhouse known for intensive sugarcane farming, modern milk processing plants, and robust agrarian entrepreneurship.","High scope for dairy value-add processing (cheese, paneer), cattle feed distribution, agricultural machinery repair, and solar pumps.",1,High Opportunity (Affordable / High Upside),27.02,7.99,42.0
Ahmednagar,Sangamner,Gunjalwadi,21.78,32.53,49.6,62.24,37.76,15.18,3,Dairy & Cooperative Sugar Belt,"Gunjalwadi is a prosperous cooperative powerhouse known for intensive sugarcane farming, modern milk processing plants, and robust agrarian entrepreneurship.","High scope for dairy value-add processing (cheese, paneer), cattle feed distribution, agricultural machinery repair, and solar pumps.",1,High Opportunity (Affordable / High Upside),30.93,9.15,42.0
Ahmednagar,Sangamner,Talegaon Sangamner,20.13,29.63,45.34,67.19,32.81,14.57,3,Dairy & Cooperative Sugar Belt,"Talegaon Sangamner is a prosperous cooperative powerhouse known for intensive sugarcane farming, modern milk processing plants, and robust agrarian entrepreneurship.","High scope for dairy value-add processing (cheese, paneer), cattle feed distribution, agricultural machinery repair, and solar pumps.",1,High Opportunity (Affordable / High Upside),28.58,8.45,42.0
Ahmednagar,Sangamner,Ashwi,15.32,22.91,34.51,69.32,30.68,11.03,3,Dairy & Cooperative Sugar Belt,"Ashwi is a prosperous cooperative powerhouse known for intensive sugarcane farming, modern milk processing plants, and robust agrarian entrepreneurship.","High scope for dairy value-add processing (cheese, paneer), cattle feed distribution, agricultural machinery repair, and solar pumps.",1,High Opportunity (Affordable / High Upside),21.75,6.43,42.0
Ahmednagar,Kopargaon,Kopargaon Town,14.95,22.91,32.48,79.09,20.91,10.5,3,Dairy & Cooperative Sugar Belt,"Kopargaon Town is a prosperous cooperative powerhouse known for intensive sugarcane farming, modern milk processing plants, and robust agrarian entrepreneurship.","High scope for dairy value-add processing (cheese, paneer), cattle feed distribution, agricultural machinery repair, and solar pumps.",0,Developing Market (Mid Tier),21.23,6.28,42.0
Ahmednagar,Kopargaon,Sanvatsar,14.52,20.92,32.53,66.57,33.43,9.99,3,Dairy & Cooperative Sugar Belt,"Sanvatsar is a prosperous cooperative powerhouse known for intensive sugarcane farming, modern milk processing plants, and robust agrarian entrepreneurship.","High scope for dairy value-add processing (cheese, paneer), cattle feed distribution, agricultural machinery repair, and solar pumps.",1,High Opportunity (Affordable / High Upside),20.62,6.1,42.0
Ahmednagar,Kopargaon,Kolpewadi,15.78,23.0,34.6,69.62,30.38,10.91,3,Dairy & Cooperative Sugar Belt,"Kolpewadi is a prosperous cooperative powerhouse known for intensive sugarcane farming, modern milk processing plants, and robust agrarian entrepreneurship.","High scope for dairy value-add processing (cheese, paneer), cattle feed distribution, agricultural machinery repair, and solar pumps.",1,High Opportunity (Affordable / High Upside),22.41,6.63,42.0
Ahmednagar,Kopargaon,Dhamori,25.43,36.72,58.89,65.53,34.47,18.31,3,Dairy & Cooperative Sugar Belt,"Dhamori is a prosperous cooperative powerhouse known for intensive sugarcane farming, modern milk processing plants, and robust agrarian entrepreneurship.","High scope for dairy value-add processing (cheese, paneer), cattle feed distribution, agricultural machinery repair, and solar pumps.",1,High Opportunity (Affordable / High Upside),36.11,10.68,42.0
Ahmednagar,Kopargaon,Puntamba,25.94,40.36,57.6,76.41,23.59,19.27,3,Dairy & Cooperative Sugar Belt,"Puntamba is a prosperous cooperative powerhouse known for intensive sugarcane farming, modern milk processing plants, and robust agrarian entrepreneurship.","High scope for dairy value-add processing (cheese, paneer), cattle feed distribution, agricultural machinery repair, and solar pumps.",0,Developing Market (Mid Tier),36.83,10.89,42.0
Ahmednagar,Newasa,Newasa Sant Dnyaneshwar Shrine,16.2,24.46,36.25,69.97,30.03,11.91,3,Semi-Urban Market Town,"Newasa Sant Dnyaneshwar Shrine serves as a pivotal commercial hub for surrounding rural agrarian villages, providing essential retail, agricultural supplies, and trade services.","Scope for agro-input supply centers, hardware and cement stores, mobile repair shops, local restaurants, and daily consumer goods distribution.",0,Developing Market (Mid Tier),23.0,6.8,42.0
Ahmednagar,Newasa,Kukana,12.84,19.9,28.34,74.6,25.4,9.19,3,Semi-Urban Market Town,"Kukana serves as a pivotal commercial hub for surrounding rural agrarian villages, providing essential retail, agricultural supplies, and trade services.","Scope for agro-input supply centers, hardware and cement stores, mobile repair shops, local restaurants, and daily consumer goods distribution.",0,Developing Market (Mid Tier),18.23,5.39,42.0
Ahmednagar,Newasa,Sonai,16.69,24.66,37.3,80.64,19.36,11.69,3,Semi-Urban Market Town,"Sonai serves as a pivotal commercial hub for surrounding rural agrarian villages, providing essential retail, agricultural supplies, and trade services.","Scope for agro-input supply centers, hardware and cement stores, mobile repair shops, local restaurants, and daily consumer goods distribution.",0,Developing Market (Mid Tier),23.7,7.01,42.0
Ahmednagar,Newasa,Bhenda,12.28,17.68,28.69,81.26,18.74,8.55,3,Semi-Urban Market Town,"Bhenda serves as a pivotal commercial hub for surrounding rural agrarian villages, providing essential retail, agricultural supplies, and trade services.","Scope for agro-input supply centers, hardware and cement stores, mobile repair shops, local restaurants, and daily consumer goods distribution.",0,Developing Market (Mid Tier),17.44,5.16,42.0
Ahmednagar,Newasa,Vadhana,20.06,30.57,42.28,77.61,22.39,14.21,3,Semi-Urban Market Town,"Vadhana serves as a pivotal commercial hub for surrounding rural agrarian villages, providing essential retail, agricultural supplies, and trade services.","Scope for agro-input supply centers, hardware and cement stores, mobile repair shops, local restaurants, and daily consumer goods distribution.",0,Developing Market (Mid Tier),28.49,8.43,42.0
Ahmednagar,Shevgaon,Shevgaon Town,21.42,32.09,49.12,79.79,20.21,15.22,3,Semi-Urban Market Town,"Shevgaon Town serves as a pivotal commercial hub for surrounding rural agrarian villages, providing essential retail, agricultural supplies, and trade services.","Scope for agro-input supply centers, hardware and cement stores, mobile repair shops, local restaurants, and daily consumer goods distribution.",0,Developing Market (Mid Tier),30.42,9.0,42.0
Ahmednagar,Shevgaon,Bodhegaon,16.01,24.35,33.59,65.35,34.65,11.92,3,Semi-Urban Market Town,"Bodhegaon serves as a pivotal commercial hub for surrounding rural agrarian villages, providing essential retail, agricultural supplies, and trade services.","Scope for agro-input supply centers, hardware and cement stores, mobile repair shops, local restaurants, and daily consumer goods distribution.",1,High Opportunity (Affordable / High Upside),22.73,6.72,42.0
Ahmednagar,Shevgaon,Miri,16.72,25.43,37.43,78.98,21.02,11.47,3,Semi-Urban Market Town,"Miri serves as a pivotal commercial hub for surrounding rural agrarian villages, providing essential retail, agricultural supplies, and trade services.","Scope for agro-input supply centers, hardware and cement stores, mobile repair shops, local restaurants, and daily consumer goods distribution.",0,Developing Market (Mid Tier),23.74,7.02,42.0
Ahmednagar,Shevgaon,Vandoor,14.27,20.78,30.75,67.83,32.17,10.01,3,Semi-Urban Market Town,"Vandoor serves as a pivotal commercial hub for surrounding rural agrarian villages, providing essential retail, agricultural supplies, and trade services.","Scope for agro-input supply centers, hardware and cement stores, mobile repair shops, local restaurants, and daily consumer goods distribution.",1,High Opportunity (Affordable / High Upside),20.26,5.99,42.0
Ahmednagar,Shevgaon,Samangaon,21.03,30.78,46.2,79.26,20.74,14.91,3,Semi-Urban Market Town,"Samangaon serves as a pivotal commercial hub for surrounding rural agrarian villages, providing essential retail, agricultural supplies, and trade services.","Scope for agro-input supply centers, hardware and cement stores, mobile repair shops, local restaurants, and daily consumer goods distribution.",0,Developing Market (Mid Tier),29.86,8.83,42.0
Ahmednagar,Pathardi,Pathardi Town,20.22,31.84,44.21,65.68,34.32,13.79,3,Semi-Urban Market Town,"Pathardi Town serves as a pivotal commercial hub for surrounding rural agrarian villages, providing essential retail, agricultural supplies, and trade services.","Scope for agro-input supply centers, hardware and cement stores, mobile repair shops, local restaurants, and daily consumer goods distribution.",1,High Opportunity (Affordable / High Upside),28.71,8.49,42.0
Ahmednagar,Pathardi,Kanhoba Foothills,22.19,33.86,52.38,76.01,23.99,15.23,3,Semi-Urban Market Town,"Kanhoba Foothills serves as a pivotal commercial hub for surrounding rural agrarian villages, providing essential retail, agricultural supplies, and trade services.","Scope for agro-input supply centers, hardware and cement stores, mobile repair shops, local restaurants, and daily consumer goods distribution.",0,Developing Market (Mid Tier),31.51,9.32,42.0
Ahmednagar,Pathardi,Tisgaon,14.34,20.6,29.7,79.57,20.43,10.38,3,Semi-Urban Market Town,"Tisgaon serves as a pivotal commercial hub for surrounding rural agrarian villages, providing essential retail, agricultural supplies, and trade services.","Scope for agro-input supply centers, hardware and cement stores, mobile repair shops, local restaurants, and daily consumer goods distribution.",0,Developing Market (Mid Tier),20.36,6.02,42.0
Ahmednagar,Pathardi,Karanji Ghat,12.37,18.35,28.48,63.67,36.33,8.67,3,Semi-Urban Market Town,"Karanji Ghat serves as a pivotal commercial hub for surrounding rural agrarian villages, providing essential retail, agricultural supplies, and trade services.","Scope for agro-input supply centers, hardware and cement stores, mobile repair shops, local restaurants, and daily consumer goods distribution.",1,High Opportunity (Affordable / High Upside),17.57,5.2,42.0
Ahmednagar,Pathardi,Manikdoh,14.17,21.61,33.19,68.19,31.81,9.92,3,Semi-Urban Market Town,"Manikdoh serves as a pivotal commercial hub for surrounding rural agrarian villages, providing essential retail, agricultural supplies, and trade services.","Scope for agro-input supply centers, hardware and cement stores, mobile repair shops, local restaurants, and daily consumer goods distribution.",1,High Opportunity (Affordable / High Upside),20.12,5.95,42.0
Ahmednagar,Parner,Parner Town,15.98,24.29,33.45,78.77,21.23,10.9,3,Semi-Urban Market Town,"Parner Town serves as a pivotal commercial hub for surrounding rural agrarian villages, providing essential retail, agricultural supplies, and trade services.","Scope for agro-input supply centers, hardware and cement stores, mobile repair shops, local restaurants, and daily consumer goods distribution.",0,Developing Market (Mid Tier),22.69,6.71,42.0
Ahmednagar,Parner,Ralegan Siddhi Model Village,21.29,33.16,45.93,71.52,28.48,16.14,3,Semi-Urban Market Town,"Ralegan Siddhi Model Village serves as a pivotal commercial hub for surrounding rural agrarian villages, providing essential retail, agricultural supplies, and trade services.","Scope for agro-input supply centers, hardware and cement stores, mobile repair shops, local restaurants, and daily consumer goods distribution.",0,Developing Market (Mid Tier),30.23,8.94,42.0
Ahmednagar,Parner,Nighoj Potholes,19.57,28.64,42.99,81.39,18.61,14.4,3,Semi-Urban Market Town,"Nighoj Potholes serves as a pivotal commercial hub for surrounding rural agrarian villages, providing essential retail, agricultural supplies, and trade services.","Scope for agro-input supply centers, hardware and cement stores, mobile repair shops, local restaurants, and daily consumer goods distribution.",0,Developing Market (Mid Tier),27.79,8.22,42.0
Ahmednagar,Parner,Supa MIDC,14.48,21.95,32.7,74.72,25.28,10.5,3,Industrial & Automotive MIDC,"Supa MIDC is a planned industrial manufacturing ecosystem supporting heavy engineering, automotive assembly, chemical plants, and precision component fabrication.","Robust scope for industrial hardware supply, scrap recycling, contractual worker transport, industrial safety gear, and CNC tooling services.",0,Developing Market (Mid Tier),20.56,6.08,42.0
Ahmednagar,Parner,Alkuti,19.33,29.43,41.6,68.94,31.06,13.98,3,Semi-Urban Market Town,"Alkuti serves as a pivotal commercial hub for surrounding rural agrarian villages, providing essential retail, agricultural supplies, and trade services.","Scope for agro-input supply centers, hardware and cement stores, mobile repair shops, local restaurants, and daily consumer goods distribution.",1,High Opportunity (Affordable / High Upside),27.45,8.12,42.0
Ahmednagar,Shrigonda,Shrigonda Town,23.27,34.69,50.51,67.2,32.8,16.39,3,Semi-Urban Market Town,"Shrigonda Town serves as a pivotal commercial hub for surrounding rural agrarian villages, providing essential retail, agricultural supplies, and trade services.","Scope for agro-input supply centers, hardware and cement stores, mobile repair shops, local restaurants, and daily consumer goods distribution.",1,High Opportunity (Affordable / High Upside),33.04,9.77,42.0
Ahmednagar,Shrigonda,Belwandi,12.0,18.61,27.96,68.88,31.12,8.61,3,Semi-Urban Market Town,"Belwandi serves as a pivotal commercial hub for surrounding rural agrarian villages, providing essential retail, agricultural supplies, and trade services.","Scope for agro-input supply centers, hardware and cement stores, mobile repair shops, local restaurants, and daily consumer goods distribution.",1,High Opportunity (Affordable / High Upside),17.04,5.04,42.0
Ahmednagar,Shrigonda,Kashti Shrigonda,12.12,19.0,28.63,71.54,28.46,8.25,3,Semi-Urban Market Town,"Kashti Shrigonda serves as a pivotal commercial hub for surrounding rural agrarian villages, providing essential retail, agricultural supplies, and trade services.","Scope for agro-input supply centers, hardware and cement stores, mobile repair shops, local restaurants, and daily consumer goods distribution.",0,Developing Market (Mid Tier),17.21,5.09,42.0
Ahmednagar,Shrigonda,Pedgaon,18.03,26.45,38.34,62.14,37.86,12.8,3,Semi-Urban Market Town,"Pedgaon serves as a pivotal commercial hub for surrounding rural agrarian villages, providing essential retail, agricultural supplies, and trade services.","Scope for agro-input supply centers, hardware and cement stores, mobile repair shops, local restaurants, and daily consumer goods distribution.",1,High Opportunity (Affordable / High Upside),25.6,7.57,42.0
Ahmednagar,Shrigonda,Kolgaon,17.76,26.81,38.72,65.27,34.73,13.12,3,Semi-Urban Market Town,"Kolgaon serves as a pivotal commercial hub for surrounding rural agrarian villages, providing essential retail, agricultural supplies, and trade services.","Scope for agro-input supply centers, hardware and cement stores, mobile repair shops, local restaurants, and daily consumer goods distribution.",1,High Opportunity (Affordable / High Upside),25.22,7.46,42.0
Ahmednagar,Karjat Ahmednagar,Karjat Town,17.46,25.85,37.31,70.44,29.56,12.21,3,Semi-Urban Market Town,"Karjat Town serves as a pivotal commercial hub for surrounding rural agrarian villages, providing essential retail, agricultural supplies, and trade services.","Scope for agro-input supply centers, hardware and cement stores, mobile repair shops, local restaurants, and daily consumer goods distribution.",0,Developing Market (Mid Tier),24.79,7.33,42.0
Ahmednagar,Karjat Ahmednagar,Rashin,22.7,35.54,52.58,75.69,24.31,15.95,3,Semi-Urban Market Town,"Rashin serves as a pivotal commercial hub for surrounding rural agrarian villages, providing essential retail, agricultural supplies, and trade services.","Scope for agro-input supply centers, hardware and cement stores, mobile repair shops, local restaurants, and daily consumer goods distribution.",0,Developing Market (Mid Tier),32.23,9.53,42.0
Ahmednagar,Karjat Ahmednagar,Mirajgaon,22.4,34.71,48.97,79.07,20.93,15.56,3,Semi-Urban Market Town,"Mirajgaon serves as a pivotal commercial hub for surrounding rural agrarian villages, providing essential retail, agricultural supplies, and trade services.","Scope for agro-input supply centers, hardware and cement stores, mobile repair shops, local restaurants, and daily consumer goods distribution.",0,Developing Market (Mid Tier),31.81,9.41,42.0
Ahmednagar,Karjat Ahmednagar,Kharda Fort,16.05,24.43,36.17,67.44,32.56,11.71,3,Pilgrimage & Heritage Tourism,"Kharda Fort is a sacred pilgrimage and historical landmark attracting millions of spiritual seekers, cultural travelers, and weekend tourists throughout the year.","High scope for modern budget hotels, devotional souvenir retail, pure-veg multi-cuisine restaurants, passenger cab services, and travel booking desks.",1,High Opportunity (Affordable / High Upside),22.79,6.74,42.0
Ahmednagar,Jamkhed,Jamkhed Town,14.63,20.82,30.23,72.7,27.3,10.17,3,Semi-Urban Market Town,"Jamkhed Town serves as a pivotal commercial hub for surrounding rural agrarian villages, providing essential retail, agricultural supplies, and trade services.","Scope for agro-input supply centers, hardware and cement stores, mobile repair shops, local restaurants, and daily consumer goods distribution.",0,Developing Market (Mid Tier),20.77,6.14,42.0
Ahmednagar,Jamkhed,Khanna,13.43,19.65,30.7,76.54,23.46,9.38,3,Semi-Urban Market Town,"Khanna serves as a pivotal commercial hub for surrounding rural agrarian villages, providing essential retail, agricultural supplies, and trade services.","Scope for agro-input supply centers, hardware and cement stores, mobile repair shops, local restaurants, and daily consumer goods distribution.",0,Developing Market (Mid Tier),19.07,5.64,42.0
Ahmednagar,Jamkhed,Arvi Jamkhed,14.11,21.15,30.52,68.23,31.77,10.5,3,Semi-Urban Market Town,"Arvi Jamkhed serves as a pivotal commercial hub for surrounding rural agrarian villages, providing essential retail, agricultural supplies, and trade services.","Scope for agro-input supply centers, hardware and cement stores, mobile repair shops, local restaurants, and daily consumer goods distribution.",1,High Opportunity (Affordable / High Upside),20.04,5.93,42.0
Ahmednagar,Jamkhed,Nanaj,25.97,38.8,60.02,68.6,31.4,19.41,3,Semi-Urban Market Town,"Nanaj serves as a pivotal commercial hub for surrounding rural agrarian villages, providing essential retail, agricultural supplies, and trade services.","Scope for agro-input supply centers, hardware and cement stores, mobile repair shops, local restaurants, and daily consumer goods distribution.",1,High Opportunity (Affordable / High Upside),36.88,10.91,42.0
Ahmednagar,Akole,Akole Town,25.32,36.18,58.39,63.43,36.57,18.17,3,Semi-Urban Market Town,"Akole Town serves as a pivotal commercial hub for surrounding rural agrarian villages, providing essential retail, agricultural supplies, and trade services.","Scope for agro-input supply centers, hardware and cement stores, mobile repair shops, local restaurants, and daily consumer goods distribution.",1,High Opportunity (Affordable / High Upside),35.95,10.63,42.0
Ahmednagar,Akole,Bhandardara Dam Resort,14.69,22.84,34.08,78.57,21.43,10.13,3,Semi-Urban Market Town,"Bhandardara Dam Resort serves as a pivotal commercial hub for surrounding rural agrarian villages, providing essential retail, agricultural supplies, and trade services.","Scope for agro-input supply centers, hardware and cement stores, mobile repair shops, local restaurants, and daily consumer goods distribution.",0,Developing Market (Mid Tier),20.86,6.17,42.0
Ahmednagar,Akole,Rajur,22.75,33.21,52.43,70.86,29.14,16.81,3,Semi-Urban Market Town,"Rajur serves as a pivotal commercial hub for surrounding rural agrarian villages, providing essential retail, agricultural supplies, and trade services.","Scope for agro-input supply centers, hardware and cement stores, mobile repair shops, local restaurants, and daily consumer goods distribution.",0,Developing Market (Mid Tier),32.3,9.55,42.0
Ahmednagar,Akole,Kotul,12.47,18.63,28.74,72.42,27.58,9.46,3,Semi-Urban Market Town,"Kotul serves as a pivotal commercial hub for surrounding rural agrarian villages, providing essential retail, agricultural supplies, and trade services.","Scope for agro-input supply centers, hardware and cement stores, mobile repair shops, local restaurants, and daily consumer goods distribution.",0,Developing Market (Mid Tier),17.71,5.24,42.0
Ahmednagar,Akole,Samrad Sandhan Valley,18.62,28.47,40.09,68.46,31.54,13.6,3,Semi-Urban Market Town,"Samrad Sandhan Valley serves as a pivotal commercial hub for surrounding rural agrarian villages, providing essential retail, agricultural supplies, and trade services.","Scope for agro-input supply centers, hardware and cement stores, mobile repair shops, local restaurants, and daily consumer goods distribution.",1,High Opportunity (Affordable / High Upside),26.44,7.82,42.0
Ahmednagar,Rahuri,Rahuri MPKV Agriculture University,12.59,19.77,27.97,67.07,32.93,9.2,3,Education & Knowledge Hub,"Rahuri MPKV Agriculture University is a prominent regional education destination with colleges, competitive exam coaching institutes, and a large annual influx of students.","High scope for student hostels, PG rentals, reading libraries/study spaces, stationery publishing, and quick-service student food stalls.",1,High Opportunity (Affordable / High Upside),17.88,5.29,42.0
Ahmednagar,Rahuri,Vambori,14.78,23.09,34.51,66.36,33.64,10.18,3,Semi-Urban Market Town,"Vambori serves as a pivotal commercial hub for surrounding rural agrarian villages, providing essential retail, agricultural supplies, and trade services.","Scope for agro-input supply centers, hardware and cement stores, mobile repair shops, local restaurants, and daily consumer goods distribution.",1,High Opportunity (Affordable / High Upside),20.99,6.21,42.0
Ahmednagar,Rahuri,Deolali Pravara,20.86,30.7,43.92,67.52,32.48,14.38,3,Semi-Urban Market Town,"Deolali Pravara serves as a pivotal commercial hub for surrounding rural agrarian villages, providing essential retail, agricultural supplies, and trade services.","Scope for agro-input supply centers, hardware and cement stores, mobile repair shops, local restaurants, and daily consumer goods distribution.",1,High Opportunity (Affordable / High Upside),29.62,8.76,42.0
Ahmednagar,Rahuri,Taharabad,23.05,32.76,47.57,77.67,22.33,16.55,3,Semi-Urban Market Town,"Taharabad serves as a pivotal commercial hub for surrounding rural agrarian villages, providing essential retail, agricultural supplies, and trade services.","Scope for agro-input supply centers, hardware and cement stores, mobile repair shops, local restaurants, and daily consumer goods distribution.",0,Developing Market (Mid Tier),32.73,9.68,42.0
Dhule,Dhule,Dhule City,13.96,20.65,29.03,61.15,38.85,9.59,3,Semi-Urban Market Town,"Dhule City serves as a pivotal commercial hub for surrounding rural agrarian villages, providing essential retail, agricultural supplies, and trade services.","Scope for agro-input supply centers, hardware and cement stores, mobile repair shops, local restaurants, and daily consumer goods distribution.",1,High Opportunity (Affordable / High Upside),19.82,5.86,42.0
Dhule,Dhule,Deopur,14.19,22.26,33.76,70.5,29.5,9.72,3,Semi-Urban Market Town,"Deopur serves as a pivotal commercial hub for surrounding rural agrarian villages, providing essential retail, agricultural supplies, and trade services.","Scope for agro-input supply centers, hardware and cement stores, mobile repair shops, local restaurants, and daily consumer goods distribution.",0,Developing Market (Mid Tier),20.15,5.96,42.0
Dhule,Dhule,Mohadi,14.45,22.14,33.4,60.52,39.48,10.09,3,Semi-Urban Market Town,"Mohadi serves as a pivotal commercial hub for surrounding rural agrarian villages, providing essential retail, agricultural supplies, and trade services.","Scope for agro-input supply centers, hardware and cement stores, mobile repair shops, local restaurants, and daily consumer goods distribution.",1,High Opportunity (Affordable / High Upside),20.52,6.07,42.0
Dhule,Dhule,Awadhan MIDC,17.82,27.55,40.98,74.11,25.89,12.74,3,Industrial & Automotive MIDC,"Awadhan MIDC is a planned industrial manufacturing ecosystem supporting heavy engineering, automotive assembly, chemical plants, and precision component fabrication.","Robust scope for industrial hardware supply, scrap recycling, contractual worker transport, industrial safety gear, and CNC tooling services.",0,Developing Market (Mid Tier),25.3,7.48,42.0
Dhule,Dhule,Songir,9.93,15.2,21.53,60.69,39.31,7.47,3,Semi-Urban Market Town,"Songir serves as a pivotal commercial hub for surrounding rural agrarian villages, providing essential retail, agricultural supplies, and trade services.","Scope for agro-input supply centers, hardware and cement stores, mobile repair shops, local restaurants, and daily consumer goods distribution.",1,High Opportunity (Affordable / High Upside),14.1,4.17,42.0
Dhule,Dhule,Laling Fort Area,12.85,19.15,27.59,71.94,28.06,8.93,3,Pilgrimage & Heritage Tourism,"Laling Fort Area is a sacred pilgrimage and historical landmark attracting millions of spiritual seekers, cultural travelers, and weekend tourists throughout the year.","High scope for modern budget hotels, devotional souvenir retail, pure-veg multi-cuisine restaurants, passenger cab services, and travel booking desks.",0,Developing Market (Mid Tier),18.25,5.4,42.0
Dhule,Dhule,Kusumba,9.87,14.56,22.62,63.51,36.49,7.37,3,Semi-Urban Market Town,"Kusumba serves as a pivotal commercial hub for surrounding rural agrarian villages, providing essential retail, agricultural supplies, and trade services.","Scope for agro-input supply centers, hardware and cement stores, mobile repair shops, local restaurants, and daily consumer goods distribution.",1,High Opportunity (Affordable / High Upside),14.02,4.15,42.0
Dhule,Shirpur,Shirpur Model Education City,17.14,25.86,35.53,61.1,38.9,12.06,3,Education & Knowledge Hub,"Shirpur Model Education City is a prominent regional education destination with colleges, competitive exam coaching institutes, and a large annual influx of students.","High scope for student hostels, PG rentals, reading libraries/study spaces, stationery publishing, and quick-service student food stalls.",1,High Opportunity (Affordable / High Upside),24.34,7.2,42.0
Dhule,Shirpur,Boradi,10.63,15.72,21.79,70.76,29.24,7.55,3,Education & Knowledge Hub,"Boradi is a prominent regional education destination with colleges, competitive exam coaching institutes, and a large annual influx of students.","High scope for student hostels, PG rentals, reading libraries/study spaces, stationery publishing, and quick-service student food stalls.",0,Developing Market (Mid Tier),15.09,4.46,42.0
Dhule,Shirpur,Thalner,9.86,14.03,23.0,73.52,26.48,6.89,3,Education & Knowledge Hub,"Thalner is a prominent regional education destination with colleges, competitive exam coaching institutes, and a large annual influx of students.","High scope for student hostels, PG rentals, reading libraries/study spaces, stationery publishing, and quick-service student food stalls.",0,Developing Market (Mid Tier),14.0,4.14,42.0
Dhule,Shirpur,Vikhran,15.21,23.2,33.89,65.75,34.25,10.98,3,Education & Knowledge Hub,"Vikhran is a prominent regional education destination with colleges, competitive exam coaching institutes, and a large annual influx of students.","High scope for student hostels, PG rentals, reading libraries/study spaces, stationery publishing, and quick-service student food stalls.",1,High Opportunity (Affordable / High Upside),21.6,6.39,42.0
Dhule,Shirpur,Singave,12.98,19.58,29.23,64.45,35.55,9.49,3,Education & Knowledge Hub,"Singave is a prominent regional education destination with colleges, competitive exam coaching institutes, and a large annual influx of students.","High scope for student hostels, PG rentals, reading libraries/study spaces, stationery publishing, and quick-service student food stalls.",1,High Opportunity (Affordable / High Upside),18.43,5.45,42.0
Dhule,Sindkheda,Sindkheda Town,9.1,13.68,18.86,74.7,25.3,6.28,3,Semi-Urban Market Town,"Sindkheda Town serves as a pivotal commercial hub for surrounding rural agrarian villages, providing essential retail, agricultural supplies, and trade services.","Scope for agro-input supply centers, hardware and cement stores, mobile repair shops, local restaurants, and daily consumer goods distribution.",0,Developing Market (Mid Tier),12.92,3.82,42.0
Dhule,Sindkheda,Dondaicha Commercial Hub,16.73,24.3,36.98,59.98,40.02,12.14,3,Semi-Urban Market Town,"Dondaicha Commercial Hub serves as a pivotal commercial hub for surrounding rural agrarian villages, providing essential retail, agricultural supplies, and trade services.","Scope for agro-input supply centers, hardware and cement stores, mobile repair shops, local restaurants, and daily consumer goods distribution.",1,High Opportunity (Affordable / High Upside),23.76,7.03,42.0
Dhule,Sindkheda,Nardana MIDC,16.36,24.95,36.38,72.03,27.97,11.46,3,Industrial & Automotive MIDC,"Nardana MIDC is a planned industrial manufacturing ecosystem supporting heavy engineering, automotive assembly, chemical plants, and precision component fabrication.","Robust scope for industrial hardware supply, scrap recycling, contractual worker transport, industrial safety gear, and CNC tooling services.",0,Developing Market (Mid Tier),23.23,6.87,42.0
Dhule,Sindkheda,Chimthane,11.66,17.69,24.18,76.6,23.4,8.12,3,Semi-Urban Market Town,"Chimthane serves as a pivotal commercial hub for surrounding rural agrarian villages, providing essential retail, agricultural supplies, and trade services.","Scope for agro-input supply centers, hardware and cement stores, mobile repair shops, local restaurants, and daily consumer goods distribution.",0,Developing Market (Mid Tier),16.56,4.9,42.0
Dhule,Sindkheda,Betawad,12.91,20.17,26.81,74.02,25.98,8.84,3,Semi-Urban Market Town,"Betawad serves as a pivotal commercial hub for surrounding rural agrarian villages, providing essential retail, agricultural supplies, and trade services.","Scope for agro-input supply centers, hardware and cement stores, mobile repair shops, local restaurants, and daily consumer goods distribution.",0,Developing Market (Mid Tier),18.33,5.42,42.0
Dhule,Sakri,Sakri Town,13.58,21.32,29.7,65.38,34.62,10.0,3,Semi-Urban Market Town,"Sakri Town serves as a pivotal commercial hub for surrounding rural agrarian villages, providing essential retail, agricultural supplies, and trade services.","Scope for agro-input supply centers, hardware and cement stores, mobile repair shops, local restaurants, and daily consumer goods distribution.",1,High Opportunity (Affordable / High Upside),19.28,5.7,42.0
Dhule,Sakri,Dahivel Windmill Hub,16.24,23.75,33.51,59.41,40.59,11.44,3,Semi-Urban Market Town,"Dahivel Windmill Hub serves as a pivotal commercial hub for surrounding rural agrarian villages, providing essential retail, agricultural supplies, and trade services.","Scope for agro-input supply centers, hardware and cement stores, mobile repair shops, local restaurants, and daily consumer goods distribution.",1,High Opportunity (Affordable / High Upside),23.06,6.82,42.0
Dhule,Sakri,Pimpalner,17.45,27.46,36.33,72.5,27.5,12.61,3,Semi-Urban Market Town,"Pimpalner serves as a pivotal commercial hub for surrounding rural agrarian villages, providing essential retail, agricultural supplies, and trade services.","Scope for agro-input supply centers, hardware and cement stores, mobile repair shops, local restaurants, and daily consumer goods distribution.",0,Developing Market (Mid Tier),24.78,7.33,42.0
Dhule,Sakri,Nizampur Dhule,9.89,14.88,21.09,70.51,29.49,6.87,3,Semi-Urban Market Town,"Nizampur Dhule serves as a pivotal commercial hub for surrounding rural agrarian villages, providing essential retail, agricultural supplies, and trade services.","Scope for agro-input supply centers, hardware and cement stores, mobile repair shops, local restaurants, and daily consumer goods distribution.",0,Developing Market (Mid Tier),14.04,4.15,42.0
Dhule,Sakri,Bhadne,15.49,23.02,32.29,70.77,29.23,10.98,3,Semi-Urban Market Town,"Bhadne serves as a pivotal commercial hub for surrounding rural agrarian villages, providing essential retail, agricultural supplies, and trade services.","Scope for agro-input supply centers, hardware and cement stores, mobile repair shops, local restaurants, and daily consumer goods distribution.",0,Developing Market (Mid Tier),22.0,6.51,42.0
Nandurbar,Nandurbar,Nandurbar City,7.67,11.71,17.96,51.34,48.66,5.33,4,Rural Agrarian & Forest Landscape,"Nandurbar City is a scenic rural agrarian settlement situated amidst natural forest and farmland, characterized by traditional agriculture and close community ties.","Scope for village grocery stores, solar micro-power installations, eco-tourism homestays, non-timber forest produce collection, and farm equipment hire.",1,High Opportunity (Affordable / High Upside),10.89,3.22,42.0
Nandurbar,Nandurbar,Karanche,7.21,10.63,15.16,67.97,32.03,5.16,4,Rural Agrarian & Forest Landscape,"Karanche is a scenic rural agrarian settlement situated amidst natural forest and farmland, characterized by traditional agriculture and close community ties.","Scope for village grocery stores, solar micro-power installations, eco-tourism homestays, non-timber forest produce collection, and farm equipment hire.",1,High Opportunity (Affordable / High Upside),10.24,3.03,42.0
Nandurbar,Nandurbar,Patan Nandurbar,6.82,10.03,16.21,54.49,45.51,4.84,4,Rural Agrarian & Forest Landscape,"Patan Nandurbar is a scenic rural agrarian settlement situated amidst natural forest and farmland, characterized by traditional agriculture and close community ties.","Scope for village grocery stores, solar micro-power installations, eco-tourism homestays, non-timber forest produce collection, and farm equipment hire.",1,High Opportunity (Affordable / High Upside),9.68,2.86,41.9
Nandurbar,Nandurbar,Wadali,10.11,15.05,23.15,60.17,39.83,7.33,4,Rural Agrarian & Forest Landscape,"Wadali is a scenic rural agrarian settlement situated amidst natural forest and farmland, characterized by traditional agriculture and close community ties.","Scope for village grocery stores, solar micro-power installations, eco-tourism homestays, non-timber forest produce collection, and farm equipment hire.",1,High Opportunity (Affordable / High Upside),14.36,4.25,42.0
Nandurbar,Nandurbar,Hol,5.71,8.81,13.45,53.08,46.92,4.32,4,Rural Agrarian & Forest Landscape,"Hol is a scenic rural agrarian settlement situated amidst natural forest and farmland, characterized by traditional agriculture and close community ties.","Scope for village grocery stores, solar micro-power installations, eco-tourism homestays, non-timber forest produce collection, and farm equipment hire.",1,High Opportunity (Affordable / High Upside),8.11,2.4,42.0
Nandurbar,Shahada,Shahada City,7.58,11.25,17.36,67.66,32.34,5.52,4,Rural Agrarian & Forest Landscape,"Shahada City is a scenic rural agrarian settlement situated amidst natural forest and farmland, characterized by traditional agriculture and close community ties.","Scope for village grocery stores, solar micro-power installations, eco-tourism homestays, non-timber forest produce collection, and farm equipment hire.",1,High Opportunity (Affordable / High Upside),10.76,3.18,42.0
Nandurbar,Shahada,Prakasha Dakshin Kashi,8.14,12.85,17.5,54.01,45.99,5.68,4,Rural Agrarian & Forest Landscape,"Prakasha Dakshin Kashi is a scenic rural agrarian settlement situated amidst natural forest and farmland, characterized by traditional agriculture and close community ties.","Scope for village grocery stores, solar micro-power installations, eco-tourism homestays, non-timber forest produce collection, and farm equipment hire.",1,High Opportunity (Affordable / High Upside),11.56,3.42,42.0
Nandurbar,Shahada,Mandane,10.85,15.44,25.19,61.79,38.21,7.62,4,Rural Agrarian & Forest Landscape,"Mandane is a scenic rural agrarian settlement situated amidst natural forest and farmland, characterized by traditional agriculture and close community ties.","Scope for village grocery stores, solar micro-power installations, eco-tourism homestays, non-timber forest produce collection, and farm equipment hire.",1,High Opportunity (Affordable / High Upside),15.41,4.56,42.0
Nandurbar,Shahada,Khetia Road,8.43,12.72,19.86,51.09,48.91,5.76,4,Rural Agrarian & Forest Landscape,"Khetia Road is a scenic rural agrarian settlement situated amidst natural forest and farmland, characterized by traditional agriculture and close community ties.","Scope for village grocery stores, solar micro-power installations, eco-tourism homestays, non-timber forest produce collection, and farm equipment hire.",1,High Opportunity (Affordable / High Upside),11.97,3.54,42.0
Nandurbar,Shahada,Bramhanpuri,6.85,9.88,14.87,59.64,40.36,4.79,4,Rural Agrarian & Forest Landscape,"Bramhanpuri is a scenic rural agrarian settlement situated amidst natural forest and farmland, characterized by traditional agriculture and close community ties.","Scope for village grocery stores, solar micro-power installations, eco-tourism homestays, non-timber forest produce collection, and farm equipment hire.",1,High Opportunity (Affordable / High Upside),9.73,2.88,42.0
Nandurbar,Navapur,Navapur Border Town,10.49,15.05,22.89,66.36,33.64,7.75,4,Rural Agrarian & Forest Landscape,"Navapur Border Town is a scenic rural agrarian settlement situated amidst natural forest and farmland, characterized by traditional agriculture and close community ties.","Scope for village grocery stores, solar micro-power installations, eco-tourism homestays, non-timber forest produce collection, and farm equipment hire.",1,High Opportunity (Affordable / High Upside),14.9,4.41,42.0
Nandurbar,Navapur,Chinchpada,9.79,15.14,20.63,64.51,35.49,7.2,4,Rural Agrarian & Forest Landscape,"Chinchpada is a scenic rural agrarian settlement situated amidst natural forest and farmland, characterized by traditional agriculture and close community ties.","Scope for village grocery stores, solar micro-power installations, eco-tourism homestays, non-timber forest produce collection, and farm equipment hire.",1,High Opportunity (Affordable / High Upside),13.9,4.11,42.0
Nandurbar,Navapur,Khandbara,8.61,13.48,19.34,54.01,45.99,6.36,4,Rural Agrarian & Forest Landscape,"Khandbara is a scenic rural agrarian settlement situated amidst natural forest and farmland, characterized by traditional agriculture and close community ties.","Scope for village grocery stores, solar micro-power installations, eco-tourism homestays, non-timber forest produce collection, and farm equipment hire.",1,High Opportunity (Affordable / High Upside),12.23,3.62,42.0
Nandurbar,Navapur,Visarwadi,8.61,12.33,17.81,63.42,36.58,6.09,4,Rural Agrarian & Forest Landscape,"Visarwadi is a scenic rural agrarian settlement situated amidst natural forest and farmland, characterized by traditional agriculture and close community ties.","Scope for village grocery stores, solar micro-power installations, eco-tourism homestays, non-timber forest produce collection, and farm equipment hire.",1,High Opportunity (Affordable / High Upside),12.23,3.62,42.0
Nandurbar,Taloda,Taloda Town,10.54,15.67,24.63,65.4,34.6,7.36,4,Rural Agrarian & Forest Landscape,"Taloda Town is a scenic rural agrarian settlement situated amidst natural forest and farmland, characterized by traditional agriculture and close community ties.","Scope for village grocery stores, solar micro-power installations, eco-tourism homestays, non-timber forest produce collection, and farm equipment hire.",1,High Opportunity (Affordable / High Upside),14.97,4.43,42.0
Nandurbar,Taloda,Borad,9.22,13.98,18.94,63.55,36.45,6.55,4,Rural Agrarian & Forest Landscape,"Borad is a scenic rural agrarian settlement situated amidst natural forest and farmland, characterized by traditional agriculture and close community ties.","Scope for village grocery stores, solar micro-power installations, eco-tourism homestays, non-timber forest produce collection, and farm equipment hire.",1,High Opportunity (Affordable / High Upside),13.09,3.87,42.0
Nandurbar,Taloda,Somaval,6.44,9.19,14.35,50.99,49.01,4.64,4,Rural Agrarian & Forest Landscape,"Somaval is a scenic rural agrarian settlement situated amidst natural forest and farmland, characterized by traditional agriculture and close community ties.","Scope for village grocery stores, solar micro-power installations, eco-tourism homestays, non-timber forest produce collection, and farm equipment hire.",1,High Opportunity (Affordable / High Upside),9.14,2.7,41.9
Nandurbar,Taloda,Pratappur,5.77,8.24,13.22,55.86,44.14,4.13,4,Rural Agrarian & Forest Landscape,"Pratappur is a scenic rural agrarian settlement situated amidst natural forest and farmland, characterized by traditional agriculture and close community ties.","Scope for village grocery stores, solar micro-power installations, eco-tourism homestays, non-timber forest produce collection, and farm equipment hire.",1,High Opportunity (Affordable / High Upside),8.19,2.42,41.9
Nandurbar,Akkalkuwa,Akkalkuwa Education Hub,8.76,13.15,18.6,53.8,46.2,6.23,4,Rural Agrarian & Forest Landscape,"Akkalkuwa Education Hub is a scenic rural agrarian settlement situated amidst natural forest and farmland, characterized by traditional agriculture and close community ties.","Scope for village grocery stores, solar micro-power installations, eco-tourism homestays, non-timber forest produce collection, and farm equipment hire.",1,High Opportunity (Affordable / High Upside),12.44,3.68,42.0
Nandurbar,Akkalkuwa,Molgi,5.06,7.25,11.33,48.99,51.01,3.6,4,Rural Agrarian & Forest Landscape,"Molgi is a scenic rural agrarian settlement situated amidst natural forest and farmland, characterized by traditional agriculture and close community ties.","Scope for village grocery stores, solar micro-power installations, eco-tourism homestays, non-timber forest produce collection, and farm equipment hire.",1,High Opportunity (Affordable / High Upside),7.19,2.13,42.1
Nandurbar,Akkalkuwa,Khapar,4.68,7.02,10.79,50.61,49.39,3.23,4,Rural Agrarian & Forest Landscape,"Khapar is a scenic rural agrarian settlement situated amidst natural forest and farmland, characterized by traditional agriculture and close community ties.","Scope for village grocery stores, solar micro-power installations, eco-tourism homestays, non-timber forest produce collection, and farm equipment hire.",1,High Opportunity (Affordable / High Upside),6.65,1.97,42.1
Nandurbar,Akkalkuwa,Sorbardi,8.47,12.69,19.19,51.92,48.08,6.18,4,Rural Agrarian & Forest Landscape,"Sorbardi is a scenic rural agrarian settlement situated amidst natural forest and farmland, characterized by traditional agriculture and close community ties.","Scope for village grocery stores, solar micro-power installations, eco-tourism homestays, non-timber forest produce collection, and farm equipment hire.",1,High Opportunity (Affordable / High Upside),12.03,3.56,42.0
Nandurbar,Dhadgaon (Akrani),Dhadgaon Town,9.89,14.43,20.51,63.54,36.46,6.98,4,Rural Agrarian & Forest Landscape,"Dhadgaon Town is a scenic rural agrarian settlement situated amidst natural forest and farmland, characterized by traditional agriculture and close community ties.","Scope for village grocery stores, solar micro-power installations, eco-tourism homestays, non-timber forest produce collection, and farm equipment hire.",1,High Opportunity (Affordable / High Upside),14.04,4.15,42.0
Nandurbar,Dhadgaon (Akrani),Toranmal Hill Station,11.39,16.34,25.87,56.47,43.53,8.06,4,Rural Agrarian & Forest Landscape,"Toranmal Hill Station is a scenic rural agrarian settlement situated amidst natural forest and farmland, characterized by traditional agriculture and close community ties.","Scope for village grocery stores, solar micro-power installations, eco-tourism homestays, non-timber forest produce collection, and farm equipment hire.",1,High Opportunity (Affordable / High Upside),16.17,4.78,42.0
Nandurbar,Dhadgaon (Akrani),Roshmal,6.57,9.95,13.52,54.1,45.9,4.99,4,Rural Agrarian & Forest Landscape,"Roshmal is a scenic rural agrarian settlement situated amidst natural forest and farmland, characterized by traditional agriculture and close community ties.","Scope for village grocery stores, solar micro-power installations, eco-tourism homestays, non-timber forest produce collection, and farm equipment hire.",1,High Opportunity (Affordable / High Upside),9.33,2.76,42.0
Nandurbar,Dhadgaon (Akrani),Chandsaili,8.93,14.1,19.61,50.92,49.08,6.1,4,Rural Agrarian & Forest Landscape,"Chandsaili is a scenic rural agrarian settlement situated amidst natural forest and farmland, characterized by traditional agriculture and close community ties.","Scope for village grocery stores, solar micro-power installations, eco-tourism homestays, non-timber forest produce collection, and farm equipment hire.",1,High Opportunity (Affordable / High Upside),12.68,3.75,42.0
Chhatrapati Sambhajinagar,Aurangabad City,CIDCO,34.36,49.89,74.68,79.15,20.85,25.71,2,Growing Tier-2 Urban Center,"CIDCO is an emerging urban locality experiencing rapid residential construction, infrastructure modernization, and an influx of middle-income families.","Prime scope for supermarket franchises, two-wheeler dealerships, family apparel retail, coaching classes, and diagnostic medical labs.",0,Developing Market (Mid Tier),48.79,14.43,42.0
Chhatrapati Sambhajinagar,Aurangabad City,Waluj Industrial MIDC,20.25,28.93,47.85,82.53,17.47,15.18,2,Industrial & Automotive MIDC,"Waluj Industrial MIDC is a planned industrial manufacturing ecosystem supporting heavy engineering, automotive assembly, chemical plants, and precision component fabrication.","Robust scope for industrial hardware supply, scrap recycling, contractual worker transport, industrial safety gear, and CNC tooling services.",0,Developing Market (Mid Tier),28.75,8.5,42.0
Chhatrapati Sambhajinagar,Aurangabad City,Chikalthana MIDC,34.4,48.92,78.4,66.23,33.77,24.63,2,Industrial & Automotive MIDC,"Chikalthana MIDC is a planned industrial manufacturing ecosystem supporting heavy engineering, automotive assembly, chemical plants, and precision component fabrication.","Robust scope for industrial hardware supply, scrap recycling, contractual worker transport, industrial safety gear, and CNC tooling services.",1,High Opportunity (Affordable / High Upside),48.85,14.45,42.0
Chhatrapati Sambhajinagar,Aurangabad City,Shendra DMIC Smart City,18.45,26.82,41.1,68.08,31.92,13.32,2,Growing Tier-2 Urban Center,"Shendra DMIC Smart City is an emerging urban locality experiencing rapid residential construction, infrastructure modernization, and an influx of middle-income families.","Prime scope for supermarket franchises, two-wheeler dealerships, family apparel retail, coaching classes, and diagnostic medical labs.",1,High Opportunity (Affordable / High Upside),26.2,7.75,42.0
Chhatrapati Sambhajinagar,Aurangabad City,Garkheda,23.17,34.69,53.08,66.83,33.17,17.05,2,Growing Tier-2 Urban Center,"Garkheda is an emerging urban locality experiencing rapid residential construction, infrastructure modernization, and an influx of middle-income families.","Prime scope for supermarket franchises, two-wheeler dealerships, family apparel retail, coaching classes, and diagnostic medical labs.",1,High Opportunity (Affordable / High Upside),32.9,9.73,42.0
Chhatrapati Sambhajinagar,Aurangabad City,Satara Parisar,18.37,27.8,41.68,64.87,35.13,12.74,2,Growing Tier-2 Urban Center,"Satara Parisar is an emerging urban locality experiencing rapid residential construction, infrastructure modernization, and an influx of middle-income families.","Prime scope for supermarket franchises, two-wheeler dealerships, family apparel retail, coaching classes, and diagnostic medical labs.",1,High Opportunity (Affordable / High Upside),26.09,7.72,42.0
Chhatrapati Sambhajinagar,Aurangabad City,Beed Bypass,23.68,36.62,53.37,65.06,34.94,17.34,2,Growing Tier-2 Urban Center,"Beed Bypass is an emerging urban locality experiencing rapid residential construction, infrastructure modernization, and an influx of middle-income families.","Prime scope for supermarket franchises, two-wheeler dealerships, family apparel retail, coaching classes, and diagnostic medical labs.",1,High Opportunity (Affordable / High Upside),33.63,9.95,42.0
Chhatrapati Sambhajinagar,Aurangabad City,Cantonment,18.17,26.93,38.88,81.04,18.96,13.32,2,Growing Tier-2 Urban Center,"Cantonment is an emerging urban locality experiencing rapid residential construction, infrastructure modernization, and an influx of middle-income families.","Prime scope for supermarket franchises, two-wheeler dealerships, family apparel retail, coaching classes, and diagnostic medical labs.",0,Developing Market (Mid Tier),25.8,7.63,42.0
Chhatrapati Sambhajinagar,Khuldabad,Khuldabad Town,35.29,50.22,82.45,76.99,23.01,24.65,2,Growing Tier-2 Urban Center,"Khuldabad Town is an emerging urban locality experiencing rapid residential construction, infrastructure modernization, and an influx of middle-income families.","Prime scope for supermarket franchises, two-wheeler dealerships, family apparel retail, coaching classes, and diagnostic medical labs.",0,Developing Market (Mid Tier),50.11,14.82,42.0
Chhatrapati Sambhajinagar,Khuldabad,Ellora Caves (Verul),25.61,40.37,53.34,70.31,29.69,19.19,2,Pilgrimage & Heritage Tourism,"Ellora Caves (Verul) is a sacred pilgrimage and historical landmark attracting millions of spiritual seekers, cultural travelers, and weekend tourists throughout the year.","High scope for modern budget hotels, devotional souvenir retail, pure-veg multi-cuisine restaurants, passenger cab services, and travel booking desks.",0,Developing Market (Mid Tier),36.37,10.76,42.0
Chhatrapati Sambhajinagar,Khuldabad,Bhadra Maruti,28.63,41.51,63.42,73.16,26.84,21.59,2,Growing Tier-2 Urban Center,"Bhadra Maruti is an emerging urban locality experiencing rapid residential construction, infrastructure modernization, and an influx of middle-income families.","Prime scope for supermarket franchises, two-wheeler dealerships, family apparel retail, coaching classes, and diagnostic medical labs.",0,Developing Market (Mid Tier),40.65,12.02,42.0
Chhatrapati Sambhajinagar,Khuldabad,Sulibhanjan,18.43,26.9,41.0,70.67,29.33,13.11,2,Growing Tier-2 Urban Center,"Sulibhanjan is an emerging urban locality experiencing rapid residential construction, infrastructure modernization, and an influx of middle-income families.","Prime scope for supermarket franchises, two-wheeler dealerships, family apparel retail, coaching classes, and diagnostic medical labs.",0,Developing Market (Mid Tier),26.17,7.74,42.0
Chhatrapati Sambhajinagar,Khuldabad,Devgiri Fort Area,21.14,31.19,45.79,76.5,23.5,14.77,2,Pilgrimage & Heritage Tourism,"Devgiri Fort Area is a sacred pilgrimage and historical landmark attracting millions of spiritual seekers, cultural travelers, and weekend tourists throughout the year.","High scope for modern budget hotels, devotional souvenir retail, pure-veg multi-cuisine restaurants, passenger cab services, and travel booking desks.",0,Developing Market (Mid Tier),30.02,8.88,42.0
Chhatrapati Sambhajinagar,Paithan,Paithan Historic City,37.56,56.35,87.06,76.52,23.48,28.18,2,Growing Tier-2 Urban Center,"Paithan Historic City is an emerging urban locality experiencing rapid residential construction, infrastructure modernization, and an influx of middle-income families.","Prime scope for supermarket franchises, two-wheeler dealerships, family apparel retail, coaching classes, and diagnostic medical labs.",0,Developing Market (Mid Tier),53.34,15.78,42.0
Chhatrapati Sambhajinagar,Paithan,Jayakwadi Dam Area,35.81,55.52,73.76,75.1,24.9,25.15,2,Growing Tier-2 Urban Center,"Jayakwadi Dam Area is an emerging urban locality experiencing rapid residential construction, infrastructure modernization, and an influx of middle-income families.","Prime scope for supermarket franchises, two-wheeler dealerships, family apparel retail, coaching classes, and diagnostic medical labs.",0,Developing Market (Mid Tier),50.85,15.04,42.0
Chhatrapati Sambhajinagar,Paithan,Bidkin AURIC Smart City,21.03,32.88,47.67,65.76,34.24,14.94,2,Growing Tier-2 Urban Center,"Bidkin AURIC Smart City is an emerging urban locality experiencing rapid residential construction, infrastructure modernization, and an influx of middle-income families.","Prime scope for supermarket franchises, two-wheeler dealerships, family apparel retail, coaching classes, and diagnostic medical labs.",1,High Opportunity (Affordable / High Upside),29.86,8.83,42.0
Chhatrapati Sambhajinagar,Paithan,Pimpalwadi,37.21,56.48,83.96,68.55,31.45,26.02,2,Growing Tier-2 Urban Center,"Pimpalwadi is an emerging urban locality experiencing rapid residential construction, infrastructure modernization, and an influx of middle-income families.","Prime scope for supermarket franchises, two-wheeler dealerships, family apparel retail, coaching classes, and diagnostic medical labs.",0,Developing Market (Mid Tier),52.84,15.63,42.0
Chhatrapati Sambhajinagar,Paithan,Balegaon,21.05,33.16,49.47,70.59,29.41,15.23,2,Growing Tier-2 Urban Center,"Balegaon is an emerging urban locality experiencing rapid residential construction, infrastructure modernization, and an influx of middle-income families.","Prime scope for supermarket franchises, two-wheeler dealerships, family apparel retail, coaching classes, and diagnostic medical labs.",0,Developing Market (Mid Tier),29.89,8.84,42.0
Chhatrapati Sambhajinagar,Gangapur,Gangapur Town,22.14,31.93,49.34,80.0,20.0,16.58,2,Growing Tier-2 Urban Center,"Gangapur Town is an emerging urban locality experiencing rapid residential construction, infrastructure modernization, and an influx of middle-income families.","Prime scope for supermarket franchises, two-wheeler dealerships, family apparel retail, coaching classes, and diagnostic medical labs.",0,Developing Market (Mid Tier),31.44,9.3,42.0
Chhatrapati Sambhajinagar,Gangapur,Lasur Station,24.18,37.06,53.75,66.71,33.29,18.37,2,Growing Tier-2 Urban Center,"Lasur Station is an emerging urban locality experiencing rapid residential construction, infrastructure modernization, and an influx of middle-income families.","Prime scope for supermarket franchises, two-wheeler dealerships, family apparel retail, coaching classes, and diagnostic medical labs.",1,High Opportunity (Affordable / High Upside),34.34,10.16,42.0
Chhatrapati Sambhajinagar,Gangapur,Waluj Rural,37.52,54.15,88.47,82.34,17.66,26.47,2,Industrial & Automotive MIDC,"Waluj Rural is a planned industrial manufacturing ecosystem supporting heavy engineering, automotive assembly, chemical plants, and precision component fabrication.","Robust scope for industrial hardware supply, scrap recycling, contractual worker transport, industrial safety gear, and CNC tooling services.",0,Developing Market (Mid Tier),53.28,15.76,42.0
Chhatrapati Sambhajinagar,Gangapur,Shilapur,29.15,45.82,60.9,70.35,29.65,21.87,2,Growing Tier-2 Urban Center,"Shilapur is an emerging urban locality experiencing rapid residential construction, infrastructure modernization, and an influx of middle-income families.","Prime scope for supermarket franchises, two-wheeler dealerships, family apparel retail, coaching classes, and diagnostic medical labs.",0,Developing Market (Mid Tier),41.39,12.24,42.0
Chhatrapati Sambhajinagar,Gangapur,Manjari Gangapur,32.54,50.19,76.16,72.28,27.72,23.2,2,Growing Tier-2 Urban Center,"Manjari Gangapur is an emerging urban locality experiencing rapid residential construction, infrastructure modernization, and an influx of middle-income families.","Prime scope for supermarket franchises, two-wheeler dealerships, family apparel retail, coaching classes, and diagnostic medical labs.",0,Developing Market (Mid Tier),46.21,13.67,42.0
Chhatrapati Sambhajinagar,Vaijapur,Vaijapur Town,26.86,42.15,62.99,82.67,17.33,18.85,2,Growing Tier-2 Urban Center,"Vaijapur Town is an emerging urban locality experiencing rapid residential construction, infrastructure modernization, and an influx of middle-income families.","Prime scope for supermarket franchises, two-wheeler dealerships, family apparel retail, coaching classes, and diagnostic medical labs.",0,Developing Market (Mid Tier),38.14,11.28,42.0
Chhatrapati Sambhajinagar,Vaijapur,Rotegaon,33.58,48.26,70.89,79.25,20.75,24.48,2,Growing Tier-2 Urban Center,"Rotegaon is an emerging urban locality experiencing rapid residential construction, infrastructure modernization, and an influx of middle-income families.","Prime scope for supermarket franchises, two-wheeler dealerships, family apparel retail, coaching classes, and diagnostic medical labs.",0,Developing Market (Mid Tier),47.68,14.1,42.0
Chhatrapati Sambhajinagar,Vaijapur,Shiur,23.34,35.26,49.63,68.64,31.36,17.15,2,Growing Tier-2 Urban Center,"Shiur is an emerging urban locality experiencing rapid residential construction, infrastructure modernization, and an influx of middle-income families.","Prime scope for supermarket franchises, two-wheeler dealerships, family apparel retail, coaching classes, and diagnostic medical labs.",1,High Opportunity (Affordable / High Upside),33.14,9.8,42.0
Chhatrapati Sambhajinagar,Vaijapur,Loni Vaijapur,25.19,38.54,55.6,74.05,25.95,18.35,2,Growing Tier-2 Urban Center,"Loni Vaijapur is an emerging urban locality experiencing rapid residential construction, infrastructure modernization, and an influx of middle-income families.","Prime scope for supermarket franchises, two-wheeler dealerships, family apparel retail, coaching classes, and diagnostic medical labs.",0,Developing Market (Mid Tier),35.77,10.58,42.0
Chhatrapati Sambhajinagar,Vaijapur,Khandala Vaijapur,32.24,47.71,75.16,73.83,26.17,22.28,2,Growing Tier-2 Urban Center,"Khandala Vaijapur is an emerging urban locality experiencing rapid residential construction, infrastructure modernization, and an influx of middle-income families.","Prime scope for supermarket franchises, two-wheeler dealerships, family apparel retail, coaching classes, and diagnostic medical labs.",0,Developing Market (Mid Tier),45.78,13.54,42.0
Chhatrapati Sambhajinagar,Kannad,Kannad Town,21.87,31.17,50.35,64.3,35.7,15.34,2,Growing Tier-2 Urban Center,"Kannad Town is an emerging urban locality experiencing rapid residential construction, infrastructure modernization, and an influx of middle-income families.","Prime scope for supermarket franchises, two-wheeler dealerships, family apparel retail, coaching classes, and diagnostic medical labs.",1,High Opportunity (Affordable / High Upside),31.06,9.19,42.0
Chhatrapati Sambhajinagar,Kannad,Ghatnandra,26.26,40.41,62.4,79.16,20.84,18.0,2,Growing Tier-2 Urban Center,"Ghatnandra is an emerging urban locality experiencing rapid residential construction, infrastructure modernization, and an influx of middle-income families.","Prime scope for supermarket franchises, two-wheeler dealerships, family apparel retail, coaching classes, and diagnostic medical labs.",0,Developing Market (Mid Tier),37.29,11.03,42.0
Chhatrapati Sambhajinagar,Kannad,Pishor,36.54,57.65,85.36,73.8,26.2,25.8,2,Growing Tier-2 Urban Center,"Pishor is an emerging urban locality experiencing rapid residential construction, infrastructure modernization, and an influx of middle-income families.","Prime scope for supermarket franchises, two-wheeler dealerships, family apparel retail, coaching classes, and diagnostic medical labs.",0,Developing Market (Mid Tier),51.89,15.35,42.0
Chhatrapati Sambhajinagar,Kannad,Chincholi Limbaji,27.15,39.63,59.28,64.84,35.16,20.06,2,Growing Tier-2 Urban Center,"Chincholi Limbaji is an emerging urban locality experiencing rapid residential construction, infrastructure modernization, and an influx of middle-income families.","Prime scope for supermarket franchises, two-wheeler dealerships, family apparel retail, coaching classes, and diagnostic medical labs.",1,High Opportunity (Affordable / High Upside),38.55,11.4,42.0
Chhatrapati Sambhajinagar,Sillod,Sillod Town,25.61,37.65,57.67,78.85,21.15,18.63,2,Growing Tier-2 Urban Center,"Sillod Town is an emerging urban locality experiencing rapid residential construction, infrastructure modernization, and an influx of middle-income families.","Prime scope for supermarket franchises, two-wheeler dealerships, family apparel retail, coaching classes, and diagnostic medical labs.",0,Developing Market (Mid Tier),36.37,10.76,42.0
Chhatrapati Sambhajinagar,Sillod,Ajanta Caves Base,28.5,44.46,65.83,74.41,25.59,20.41,2,Pilgrimage & Heritage Tourism,"Ajanta Caves Base is a sacred pilgrimage and historical landmark attracting millions of spiritual seekers, cultural travelers, and weekend tourists throughout the year.","High scope for modern budget hotels, devotional souvenir retail, pure-veg multi-cuisine restaurants, passenger cab services, and travel booking desks.",0,Developing Market (Mid Tier),40.47,11.97,42.0
Chhatrapati Sambhajinagar,Sillod,Golegaon,34.54,49.28,82.16,74.37,25.63,24.58,2,Growing Tier-2 Urban Center,"Golegaon is an emerging urban locality experiencing rapid residential construction, infrastructure modernization, and an influx of middle-income families.","Prime scope for supermarket franchises, two-wheeler dealerships, family apparel retail, coaching classes, and diagnostic medical labs.",0,Developing Market (Mid Tier),49.05,14.51,42.0
Chhatrapati Sambhajinagar,Sillod,Bharadi,32.7,49.35,72.6,76.61,23.39,22.36,2,Growing Tier-2 Urban Center,"Bharadi is an emerging urban locality experiencing rapid residential construction, infrastructure modernization, and an influx of middle-income families.","Prime scope for supermarket franchises, two-wheeler dealerships, family apparel retail, coaching classes, and diagnostic medical labs.",0,Developing Market (Mid Tier),46.43,13.73,42.0
Chhatrapati Sambhajinagar,Sillod,Palod,23.82,35.34,51.22,80.55,19.45,17.08,2,Growing Tier-2 Urban Center,"Palod is an emerging urban locality experiencing rapid residential construction, infrastructure modernization, and an influx of middle-income families.","Prime scope for supermarket franchises, two-wheeler dealerships, family apparel retail, coaching classes, and diagnostic medical labs.",0,Developing Market (Mid Tier),33.82,10.0,42.0
Chhatrapati Sambhajinagar,Phulambri,Phulambri Town,26.45,40.15,54.7,74.34,25.66,18.29,2,Growing Tier-2 Urban Center,"Phulambri Town is an emerging urban locality experiencing rapid residential construction, infrastructure modernization, and an influx of middle-income families.","Prime scope for supermarket franchises, two-wheeler dealerships, family apparel retail, coaching classes, and diagnostic medical labs.",0,Developing Market (Mid Tier),37.56,11.11,42.0
Chhatrapati Sambhajinagar,Phulambri,Vadhod,34.6,51.63,79.18,66.26,33.74,25.68,2,Growing Tier-2 Urban Center,"Vadhod is an emerging urban locality experiencing rapid residential construction, infrastructure modernization, and an influx of middle-income families.","Prime scope for supermarket franchises, two-wheeler dealerships, family apparel retail, coaching classes, and diagnostic medical labs.",1,High Opportunity (Affordable / High Upside),49.13,14.53,42.0
Chhatrapati Sambhajinagar,Phulambri,Aland,36.76,56.29,77.0,72.27,27.73,26.32,2,Growing Tier-2 Urban Center,"Aland is an emerging urban locality experiencing rapid residential construction, infrastructure modernization, and an influx of middle-income families.","Prime scope for supermarket franchises, two-wheeler dealerships, family apparel retail, coaching classes, and diagnostic medical labs.",0,Developing Market (Mid Tier),52.2,15.44,42.0
Chhatrapati Sambhajinagar,Phulambri,Palgavhan,21.58,32.68,49.31,68.04,31.96,15.46,2,Growing Tier-2 Urban Center,"Palgavhan is an emerging urban locality experiencing rapid residential construction, infrastructure modernization, and an influx of middle-income families.","Prime scope for supermarket franchises, two-wheeler dealerships, family apparel retail, coaching classes, and diagnostic medical labs.",1,High Opportunity (Affordable / High Upside),30.64,9.06,42.0
Chhatrapati Sambhajinagar,Soegaon,Soegaon Town,23.0,35.21,54.04,79.93,20.07,16.96,2,Growing Tier-2 Urban Center,"Soegaon Town is an emerging urban locality experiencing rapid residential construction, infrastructure modernization, and an influx of middle-income families.","Prime scope for supermarket franchises, two-wheeler dealerships, family apparel retail, coaching classes, and diagnostic medical labs.",0,Developing Market (Mid Tier),32.66,9.66,42.0
Chhatrapati Sambhajinagar,Soegaon,Fardapur,20.47,29.44,45.0,71.26,28.74,14.78,2,Growing Tier-2 Urban Center,"Fardapur is an emerging urban locality experiencing rapid residential construction, infrastructure modernization, and an influx of middle-income families.","Prime scope for supermarket franchises, two-wheeler dealerships, family apparel retail, coaching classes, and diagnostic medical labs.",0,Developing Market (Mid Tier),29.07,8.6,42.0
Chhatrapati Sambhajinagar,Soegaon,Gondegaon,25.68,39.72,56.98,83.0,17.0,18.24,2,Growing Tier-2 Urban Center,"Gondegaon is an emerging urban locality experiencing rapid residential construction, infrastructure modernization, and an influx of middle-income families.","Prime scope for supermarket franchises, two-wheeler dealerships, family apparel retail, coaching classes, and diagnostic medical labs.",0,Developing Market (Mid Tier),36.47,10.79,42.0
Chhatrapati Sambhajinagar,Soegaon,Jarandi,25.61,39.51,60.21,75.31,24.69,18.77,2,Growing Tier-2 Urban Center,"Jarandi is an emerging urban locality experiencing rapid residential construction, infrastructure modernization, and an influx of middle-income families.","Prime scope for supermarket franchises, two-wheeler dealerships, family apparel retail, coaching classes, and diagnostic medical labs.",0,Developing Market (Mid Tier),36.37,10.76,42.0
Jalna,Jalna,Jalna Steel City,9.5,14.81,20.04,72.24,27.76,6.78,3,Industrial & Automotive MIDC,"Jalna Steel City is a planned industrial manufacturing ecosystem supporting heavy engineering, automotive assembly, chemical plants, and precision component fabrication.","Robust scope for industrial hardware supply, scrap recycling, contractual worker transport, industrial safety gear, and CNC tooling services.",0,Developing Market (Mid Tier),13.49,3.99,42.0
Jalna,Jalna,MIDC Phase 1-3,11.1,17.13,24.39,70.53,29.47,7.65,3,Industrial & Automotive MIDC,"MIDC Phase 1-3 is a planned industrial manufacturing ecosystem supporting heavy engineering, automotive assembly, chemical plants, and precision component fabrication.","Robust scope for industrial hardware supply, scrap recycling, contractual worker transport, industrial safety gear, and CNC tooling services.",0,Developing Market (Mid Tier),15.76,4.66,42.0
Jalna,Jalna,Old Jalna,9.32,13.54,21.02,63.06,36.94,6.68,3,Semi-Urban Market Town,"Old Jalna serves as a pivotal commercial hub for surrounding rural agrarian villages, providing essential retail, agricultural supplies, and trade services.","Scope for agro-input supply centers, hardware and cement stores, mobile repair shops, local restaurants, and daily consumer goods distribution.",1,High Opportunity (Affordable / High Upside),13.23,3.91,42.0
Jalna,Jalna,Devalgaon Road,16.55,24.94,33.96,75.65,24.35,11.57,3,Semi-Urban Market Town,"Devalgaon Road serves as a pivotal commercial hub for surrounding rural agrarian villages, providing essential retail, agricultural supplies, and trade services.","Scope for agro-input supply centers, hardware and cement stores, mobile repair shops, local restaurants, and daily consumer goods distribution.",0,Developing Market (Mid Tier),23.5,6.95,42.0
Jalna,Jalna,Ambad Road,13.89,20.78,30.35,59.59,40.41,10.11,3,Industrial & Automotive MIDC,"Ambad Road is a planned industrial manufacturing ecosystem supporting heavy engineering, automotive assembly, chemical plants, and precision component fabrication.","Robust scope for industrial hardware supply, scrap recycling, contractual worker transport, industrial safety gear, and CNC tooling services.",1,High Opportunity (Affordable / High Upside),19.72,5.83,42.0
Jalna,Jalna,Sindhi Market,10.45,15.75,23.56,69.15,30.85,7.8,3,Semi-Urban Market Town,"Sindhi Market serves as a pivotal commercial hub for surrounding rural agrarian villages, providing essential retail, agricultural supplies, and trade services.","Scope for agro-input supply centers, hardware and cement stores, mobile repair shops, local restaurants, and daily consumer goods distribution.",1,High Opportunity (Affordable / High Upside),14.84,4.39,42.0
Jalna,Ambad,Ambad Town,8.49,12.26,19.23,58.73,41.27,6.35,3,Industrial & Automotive MIDC,"Ambad Town is a planned industrial manufacturing ecosystem supporting heavy engineering, automotive assembly, chemical plants, and precision component fabrication.","Robust scope for industrial hardware supply, scrap recycling, contractual worker transport, industrial safety gear, and CNC tooling services.",1,High Opportunity (Affordable / High Upside),12.06,3.57,42.0
Jalna,Ambad,Matsyodari Devi Temple Area,14.67,22.8,31.52,76.41,23.59,10.03,3,Pilgrimage & Heritage Tourism,"Matsyodari Devi Temple Area is a sacred pilgrimage and historical landmark attracting millions of spiritual seekers, cultural travelers, and weekend tourists throughout the year.","High scope for modern budget hotels, devotional souvenir retail, pure-veg multi-cuisine restaurants, passenger cab services, and travel booking desks.",0,Developing Market (Mid Tier),20.83,6.16,42.0
Jalna,Ambad,Dhakephal,12.17,17.63,27.65,70.22,29.78,8.95,3,Semi-Urban Market Town,"Dhakephal serves as a pivotal commercial hub for surrounding rural agrarian villages, providing essential retail, agricultural supplies, and trade services.","Scope for agro-input supply centers, hardware and cement stores, mobile repair shops, local restaurants, and daily consumer goods distribution.",1,High Opportunity (Affordable / High Upside),17.28,5.11,42.0
Jalna,Ambad,Wadigodri,13.95,21.57,29.41,67.11,32.89,10.13,3,Semi-Urban Market Town,"Wadigodri serves as a pivotal commercial hub for surrounding rural agrarian villages, providing essential retail, agricultural supplies, and trade services.","Scope for agro-input supply centers, hardware and cement stores, mobile repair shops, local restaurants, and daily consumer goods distribution.",1,High Opportunity (Affordable / High Upside),19.81,5.86,42.0
Jalna,Ambad,Shahgad,17.31,24.84,37.2,65.37,34.63,12.3,3,Semi-Urban Market Town,"Shahgad serves as a pivotal commercial hub for surrounding rural agrarian villages, providing essential retail, agricultural supplies, and trade services.","Scope for agro-input supply centers, hardware and cement stores, mobile repair shops, local restaurants, and daily consumer goods distribution.",1,High Opportunity (Affordable / High Upside),24.58,7.27,42.0
Jalna,Bhokardan,Bhokardan Town,8.68,12.92,19.37,63.86,36.14,6.0,3,Semi-Urban Market Town,"Bhokardan Town serves as a pivotal commercial hub for surrounding rural agrarian villages, providing essential retail, agricultural supplies, and trade services.","Scope for agro-input supply centers, hardware and cement stores, mobile repair shops, local restaurants, and daily consumer goods distribution.",1,High Opportunity (Affordable / High Upside),12.33,3.65,42.1
Jalna,Bhokardan,Hasanabad,14.95,21.89,33.25,68.49,31.51,11.0,3,Semi-Urban Market Town,"Hasanabad serves as a pivotal commercial hub for surrounding rural agrarian villages, providing essential retail, agricultural supplies, and trade services.","Scope for agro-input supply centers, hardware and cement stores, mobile repair shops, local restaurants, and daily consumer goods distribution.",1,High Opportunity (Affordable / High Upside),21.23,6.28,42.0
Jalna,Bhokardan,Sipora,14.12,20.3,32.35,70.58,29.42,10.72,3,Semi-Urban Market Town,"Sipora serves as a pivotal commercial hub for surrounding rural agrarian villages, providing essential retail, agricultural supplies, and trade services.","Scope for agro-input supply centers, hardware and cement stores, mobile repair shops, local restaurants, and daily consumer goods distribution.",0,Developing Market (Mid Tier),20.05,5.93,42.0
Jalna,Bhokardan,Anwa,12.84,19.65,30.28,77.73,22.27,9.03,3,Semi-Urban Market Town,"Anwa serves as a pivotal commercial hub for surrounding rural agrarian villages, providing essential retail, agricultural supplies, and trade services.","Scope for agro-input supply centers, hardware and cement stores, mobile repair shops, local restaurants, and daily consumer goods distribution.",0,Developing Market (Mid Tier),18.23,5.39,42.0
Jalna,Bhokardan,Rajur Ganpati,14.09,20.72,31.33,77.9,22.1,9.98,3,Semi-Urban Market Town,"Rajur Ganpati serves as a pivotal commercial hub for surrounding rural agrarian villages, providing essential retail, agricultural supplies, and trade services.","Scope for agro-input supply centers, hardware and cement stores, mobile repair shops, local restaurants, and daily consumer goods distribution.",0,Developing Market (Mid Tier),20.01,5.92,42.0
Jalna,Partur,Partur Town,9.3,14.04,20.66,70.64,29.36,6.69,3,Semi-Urban Market Town,"Partur Town serves as a pivotal commercial hub for surrounding rural agrarian villages, providing essential retail, agricultural supplies, and trade services.","Scope for agro-input supply centers, hardware and cement stores, mobile repair shops, local restaurants, and daily consumer goods distribution.",0,Developing Market (Mid Tier),13.21,3.91,42.0
Jalna,Partur,Watur,9.8,14.87,22.38,77.59,22.41,6.67,3,Semi-Urban Market Town,"Watur serves as a pivotal commercial hub for surrounding rural agrarian villages, providing essential retail, agricultural supplies, and trade services.","Scope for agro-input supply centers, hardware and cement stores, mobile repair shops, local restaurants, and daily consumer goods distribution.",0,Developing Market (Mid Tier),13.92,4.12,42.0
Jalna,Partur,Ashti Jalna,8.24,12.53,17.21,74.96,25.04,6.13,3,Semi-Urban Market Town,"Ashti Jalna serves as a pivotal commercial hub for surrounding rural agrarian villages, providing essential retail, agricultural supplies, and trade services.","Scope for agro-input supply centers, hardware and cement stores, mobile repair shops, local restaurants, and daily consumer goods distribution.",0,Developing Market (Mid Tier),11.7,3.46,42.0
Jalna,Partur,Vardari,17.99,26.74,38.86,69.21,30.79,13.15,3,Semi-Urban Market Town,"Vardari serves as a pivotal commercial hub for surrounding rural agrarian villages, providing essential retail, agricultural supplies, and trade services.","Scope for agro-input supply centers, hardware and cement stores, mobile repair shops, local restaurants, and daily consumer goods distribution.",1,High Opportunity (Affordable / High Upside),25.55,7.56,42.0
Jalna,Ghansawangi,Ghansawangi Town,8.11,11.78,17.38,73.8,26.2,5.71,3,Semi-Urban Market Town,"Ghansawangi Town serves as a pivotal commercial hub for surrounding rural agrarian villages, providing essential retail, agricultural supplies, and trade services.","Scope for agro-input supply centers, hardware and cement stores, mobile repair shops, local restaurants, and daily consumer goods distribution.",0,Developing Market (Mid Tier),11.52,3.41,42.0
Jalna,Ghansawangi,Kumbhar Pimpalgaon,13.07,19.24,26.82,71.72,28.28,9.24,3,Horticulture & Cash Crop Hub,"Kumbhar Pimpalgaon is an internationally recognized horticulture hub famous for high-yield produce (grapes, onions, citrus), wholesale APMC markets, and agro-processing facilities.","Prime scope for agro-dehydration units, post-harvest sorting and grading sheds, wine tasting tourism, and direct export brokerage.",0,Developing Market (Mid Tier),18.56,5.49,42.0
Jalna,Ghansawangi,Ranjani Jalna,15.24,23.14,31.39,61.51,38.49,10.77,3,Semi-Urban Market Town,"Ranjani Jalna serves as a pivotal commercial hub for surrounding rural agrarian villages, providing essential retail, agricultural supplies, and trade services.","Scope for agro-input supply centers, hardware and cement stores, mobile repair shops, local restaurants, and daily consumer goods distribution.",1,High Opportunity (Affordable / High Upside),21.64,6.4,42.0
Jalna,Ghansawangi,Tirthpuri,11.38,17.38,26.77,73.95,26.05,8.33,3,Semi-Urban Market Town,"Tirthpuri serves as a pivotal commercial hub for surrounding rural agrarian villages, providing essential retail, agricultural supplies, and trade services.","Scope for agro-input supply centers, hardware and cement stores, mobile repair shops, local restaurants, and daily consumer goods distribution.",0,Developing Market (Mid Tier),16.16,4.78,42.0
Jalna,Jafrabad,Jafrabad Town,12.81,19.48,30.03,68.74,31.26,9.05,3,Semi-Urban Market Town,"Jafrabad Town serves as a pivotal commercial hub for surrounding rural agrarian villages, providing essential retail, agricultural supplies, and trade services.","Scope for agro-input supply centers, hardware and cement stores, mobile repair shops, local restaurants, and daily consumer goods distribution.",1,High Opportunity (Affordable / High Upside),18.19,5.38,42.0
Jalna,Jafrabad,Mhasla,15.84,23.54,36.35,74.7,25.3,11.15,3,Semi-Urban Market Town,"Mhasla serves as a pivotal commercial hub for surrounding rural agrarian villages, providing essential retail, agricultural supplies, and trade services.","Scope for agro-input supply centers, hardware and cement stores, mobile repair shops, local restaurants, and daily consumer goods distribution.",0,Developing Market (Mid Tier),22.49,6.65,42.0
Jalna,Jafrabad,Tembruni,15.25,22.42,33.96,62.17,37.83,11.21,3,Semi-Urban Market Town,"Tembruni serves as a pivotal commercial hub for surrounding rural agrarian villages, providing essential retail, agricultural supplies, and trade services.","Scope for agro-input supply centers, hardware and cement stores, mobile repair shops, local restaurants, and daily consumer goods distribution.",1,High Opportunity (Affordable / High Upside),21.65,6.4,42.0
Jalna,Jafrabad,Varud,16.0,24.99,34.67,77.39,22.61,11.24,3,Semi-Urban Market Town,"Varud serves as a pivotal commercial hub for surrounding rural agrarian villages, providing essential retail, agricultural supplies, and trade services.","Scope for agro-input supply centers, hardware and cement stores, mobile repair shops, local restaurants, and daily consumer goods distribution.",0,Developing Market (Mid Tier),22.72,6.72,42.0
Jalna,Badnapur,Badnapur Town,8.31,13.11,18.75,74.85,25.15,6.03,3,Semi-Urban Market Town,"Badnapur Town serves as a pivotal commercial hub for surrounding rural agrarian villages, providing essential retail, agricultural supplies, and trade services.","Scope for agro-input supply centers, hardware and cement stores, mobile repair shops, local restaurants, and daily consumer goods distribution.",0,Developing Market (Mid Tier),11.8,3.49,42.0
Jalna,Badnapur,Somthana,11.9,18.03,27.79,73.03,26.97,8.76,3,Semi-Urban Market Town,"Somthana serves as a pivotal commercial hub for surrounding rural agrarian villages, providing essential retail, agricultural supplies, and trade services.","Scope for agro-input supply centers, hardware and cement stores, mobile repair shops, local restaurants, and daily consumer goods distribution.",0,Developing Market (Mid Tier),16.9,5.0,42.0
Jalna,Badnapur,Roshangaon,11.14,15.88,24.36,67.94,32.06,7.79,3,Semi-Urban Market Town,"Roshangaon serves as a pivotal commercial hub for surrounding rural agrarian villages, providing essential retail, agricultural supplies, and trade services.","Scope for agro-input supply centers, hardware and cement stores, mobile repair shops, local restaurants, and daily consumer goods distribution.",1,High Opportunity (Affordable / High Upside),15.82,4.68,42.0
Jalna,Badnapur,Dabhadi,12.52,19.68,26.56,64.05,35.95,8.63,3,Semi-Urban Market Town,"Dabhadi serves as a pivotal commercial hub for surrounding rural agrarian villages, providing essential retail, agricultural supplies, and trade services.","Scope for agro-input supply centers, hardware and cement stores, mobile repair shops, local restaurants, and daily consumer goods distribution.",1,High Opportunity (Affordable / High Upside),17.78,5.26,42.0
Jalna,Mantha,Mantha Town,15.85,24.48,37.27,66.88,33.12,10.81,3,Semi-Urban Market Town,"Mantha Town serves as a pivotal commercial hub for surrounding rural agrarian villages, providing essential retail, agricultural supplies, and trade services.","Scope for agro-input supply centers, hardware and cement stores, mobile repair shops, local restaurants, and daily consumer goods distribution.",1,High Opportunity (Affordable / High Upside),22.51,6.66,42.0
Jalna,Mantha,Talni,12.83,19.25,27.11,76.47,23.53,9.48,3,Semi-Urban Market Town,"Talni serves as a pivotal commercial hub for surrounding rural agrarian villages, providing essential retail, agricultural supplies, and trade services.","Scope for agro-input supply centers, hardware and cement stores, mobile repair shops, local restaurants, and daily consumer goods distribution.",0,Developing Market (Mid Tier),18.22,5.39,42.0
Jalna,Mantha,Dheknan,13.24,20.44,27.77,75.44,24.56,9.87,3,Semi-Urban Market Town,"Dheknan serves as a pivotal commercial hub for surrounding rural agrarian villages, providing essential retail, agricultural supplies, and trade services.","Scope for agro-input supply centers, hardware and cement stores, mobile repair shops, local restaurants, and daily consumer goods distribution.",0,Developing Market (Mid Tier),18.8,5.56,42.0
Jalna,Mantha,Pangri Mantha,17.38,26.56,36.39,72.49,27.51,12.46,3,Semi-Urban Market Town,"Pangri Mantha serves as a pivotal commercial hub for surrounding rural agrarian villages, providing essential retail, agricultural supplies, and trade services.","Scope for agro-input supply centers, hardware and cement stores, mobile repair shops, local restaurants, and daily consumer goods distribution.",0,Developing Market (Mid Tier),24.68,7.3,42.0
Parbhani,Parbhani,Parbhani City,14.14,21.26,29.01,74.65,25.35,10.39,3,Semi-Urban Market Town,"Parbhani City serves as a pivotal commercial hub for surrounding rural agrarian villages, providing essential retail, agricultural supplies, and trade services.","Scope for agro-input supply centers, hardware and cement stores, mobile repair shops, local restaurants, and daily consumer goods distribution.",0,Developing Market (Mid Tier),20.08,5.94,42.0
Parbhani,Parbhani,Vasantrao Naik Agri University Area,12.94,18.56,28.52,56.92,43.08,9.34,3,Education & Knowledge Hub,"Vasantrao Naik Agri University Area is a prominent regional education destination with colleges, competitive exam coaching institutes, and a large annual influx of students.","High scope for student hostels, PG rentals, reading libraries/study spaces, stationery publishing, and quick-service student food stalls.",1,High Opportunity (Affordable / High Upside),18.37,5.43,42.0
Parbhani,Parbhani,Subhash Road,13.59,19.98,30.45,62.24,37.76,10.21,3,Semi-Urban Market Town,"Subhash Road serves as a pivotal commercial hub for surrounding rural agrarian villages, providing essential retail, agricultural supplies, and trade services.","Scope for agro-input supply centers, hardware and cement stores, mobile repair shops, local restaurants, and daily consumer goods distribution.",1,High Opportunity (Affordable / High Upside),19.3,5.71,42.0
Parbhani,Parbhani,MIDC Parbhani,10.21,14.81,21.86,62.38,37.62,7.3,3,Industrial & Automotive MIDC,"MIDC Parbhani is a planned industrial manufacturing ecosystem supporting heavy engineering, automotive assembly, chemical plants, and precision component fabrication.","Robust scope for industrial hardware supply, scrap recycling, contractual worker transport, industrial safety gear, and CNC tooling services.",1,High Opportunity (Affordable / High Upside),14.5,4.29,42.0
Parbhani,Parbhani,Jintur Road,8.18,11.81,17.51,56.31,43.69,5.97,3,Semi-Urban Market Town,"Jintur Road serves as a pivotal commercial hub for surrounding rural agrarian villages, providing essential retail, agricultural supplies, and trade services.","Scope for agro-input supply centers, hardware and cement stores, mobile repair shops, local restaurants, and daily consumer goods distribution.",1,High Opportunity (Affordable / High Upside),11.62,3.44,42.1
Parbhani,Parbhani,Pedgaon,12.14,17.64,26.29,62.37,37.63,8.39,3,Semi-Urban Market Town,"Pedgaon serves as a pivotal commercial hub for surrounding rural agrarian villages, providing essential retail, agricultural supplies, and trade services.","Scope for agro-input supply centers, hardware and cement stores, mobile repair shops, local restaurants, and daily consumer goods distribution.",1,High Opportunity (Affordable / High Upside),17.24,5.1,42.0
Parbhani,Gangakhed,Gangakhed Holy City,14.04,20.57,29.92,57.42,42.58,10.24,3,Semi-Urban Market Town,"Gangakhed Holy City serves as a pivotal commercial hub for surrounding rural agrarian villages, providing essential retail, agricultural supplies, and trade services.","Scope for agro-input supply centers, hardware and cement stores, mobile repair shops, local restaurants, and daily consumer goods distribution.",1,High Opportunity (Affordable / High Upside),19.94,5.9,42.0
Parbhani,Gangakhed,Makhani,10.39,15.49,21.75,65.41,34.59,7.63,3,Semi-Urban Market Town,"Makhani serves as a pivotal commercial hub for surrounding rural agrarian villages, providing essential retail, agricultural supplies, and trade services.","Scope for agro-input supply centers, hardware and cement stores, mobile repair shops, local restaurants, and daily consumer goods distribution.",1,High Opportunity (Affordable / High Upside),14.75,4.36,42.0
Parbhani,Gangakhed,Dharasur,8.06,11.51,17.66,59.58,40.42,5.87,3,Semi-Urban Market Town,"Dharasur serves as a pivotal commercial hub for surrounding rural agrarian villages, providing essential retail, agricultural supplies, and trade services.","Scope for agro-input supply centers, hardware and cement stores, mobile repair shops, local restaurants, and daily consumer goods distribution.",1,High Opportunity (Affordable / High Upside),11.45,3.39,42.1
Parbhani,Gangakhed,Ranisawargaon,12.93,20.09,29.49,68.33,31.67,9.12,3,Semi-Urban Market Town,"Ranisawargaon serves as a pivotal commercial hub for surrounding rural agrarian villages, providing essential retail, agricultural supplies, and trade services.","Scope for agro-input supply centers, hardware and cement stores, mobile repair shops, local restaurants, and daily consumer goods distribution.",1,High Opportunity (Affordable / High Upside),18.36,5.43,42.0
Parbhani,Jintur,Jintur Town,15.17,23.27,34.46,66.67,33.33,11.5,3,Semi-Urban Market Town,"Jintur Town serves as a pivotal commercial hub for surrounding rural agrarian villages, providing essential retail, agricultural supplies, and trade services.","Scope for agro-input supply centers, hardware and cement stores, mobile repair shops, local restaurants, and daily consumer goods distribution.",1,High Opportunity (Affordable / High Upside),21.54,6.37,42.0
Parbhani,Jintur,Nemgiri Jain Heritage,14.56,21.76,30.48,72.26,27.74,10.97,3,Pilgrimage & Heritage Tourism,"Nemgiri Jain Heritage is a sacred pilgrimage and historical landmark attracting millions of spiritual seekers, cultural travelers, and weekend tourists throughout the year.","High scope for modern budget hotels, devotional souvenir retail, pure-veg multi-cuisine restaurants, passenger cab services, and travel booking desks.",0,Developing Market (Mid Tier),20.68,6.12,42.0
Parbhani,Jintur,Yeldari Dam Area,11.68,17.44,26.58,70.2,29.8,8.38,3,Semi-Urban Market Town,"Yeldari Dam Area serves as a pivotal commercial hub for surrounding rural agrarian villages, providing essential retail, agricultural supplies, and trade services.","Scope for agro-input supply centers, hardware and cement stores, mobile repair shops, local restaurants, and daily consumer goods distribution.",1,High Opportunity (Affordable / High Upside),16.59,4.91,42.0
Parbhani,Jintur,Bori,9.32,13.57,21.75,68.34,31.66,7.02,3,Semi-Urban Market Town,"Bori serves as a pivotal commercial hub for surrounding rural agrarian villages, providing essential retail, agricultural supplies, and trade services.","Scope for agro-input supply centers, hardware and cement stores, mobile repair shops, local restaurants, and daily consumer goods distribution.",1,High Opportunity (Affordable / High Upside),13.23,3.91,42.0
Parbhani,Jintur,Charthana,10.92,16.73,24.78,71.78,28.22,8.2,3,Semi-Urban Market Town,"Charthana serves as a pivotal commercial hub for surrounding rural agrarian villages, providing essential retail, agricultural supplies, and trade services.","Scope for agro-input supply centers, hardware and cement stores, mobile repair shops, local restaurants, and daily consumer goods distribution.",0,Developing Market (Mid Tier),15.51,4.59,42.0
Parbhani,Selu,Selu Town,11.53,16.43,25.45,63.03,36.97,8.27,3,Semi-Urban Market Town,"Selu Town serves as a pivotal commercial hub for surrounding rural agrarian villages, providing essential retail, agricultural supplies, and trade services.","Scope for agro-input supply centers, hardware and cement stores, mobile repair shops, local restaurants, and daily consumer goods distribution.",1,High Opportunity (Affordable / High Upside),16.37,4.84,42.0
Parbhani,Selu,Walur,8.71,13.44,19.59,58.55,41.45,5.99,3,Semi-Urban Market Town,"Walur serves as a pivotal commercial hub for surrounding rural agrarian villages, providing essential retail, agricultural supplies, and trade services.","Scope for agro-input supply centers, hardware and cement stores, mobile repair shops, local restaurants, and daily consumer goods distribution.",1,High Opportunity (Affordable / High Upside),12.37,3.66,42.0
Parbhani,Selu,Kupta,15.18,23.49,32.75,68.99,31.01,11.28,3,Semi-Urban Market Town,"Kupta serves as a pivotal commercial hub for surrounding rural agrarian villages, providing essential retail, agricultural supplies, and trade services.","Scope for agro-input supply centers, hardware and cement stores, mobile repair shops, local restaurants, and daily consumer goods distribution.",1,High Opportunity (Affordable / High Upside),21.56,6.38,42.0
Parbhani,Selu,Rawalgaon Parbhani,12.33,18.3,26.96,68.42,31.58,8.92,3,Semi-Urban Market Town,"Rawalgaon Parbhani serves as a pivotal commercial hub for surrounding rural agrarian villages, providing essential retail, agricultural supplies, and trade services.","Scope for agro-input supply centers, hardware and cement stores, mobile repair shops, local restaurants, and daily consumer goods distribution.",1,High Opportunity (Affordable / High Upside),17.51,5.18,42.0
Parbhani,Pathri,Pathri Sai Janmasthan,16.74,24.8,36.2,72.28,27.72,12.17,3,Semi-Urban Market Town,"Pathri Sai Janmasthan serves as a pivotal commercial hub for surrounding rural agrarian villages, providing essential retail, agricultural supplies, and trade services.","Scope for agro-input supply centers, hardware and cement stores, mobile repair shops, local restaurants, and daily consumer goods distribution.",0,Developing Market (Mid Tier),23.77,7.03,42.0
Parbhani,Pathri,Hadgaon Pathri,14.84,22.11,34.28,66.89,33.11,10.37,3,Semi-Urban Market Town,"Hadgaon Pathri serves as a pivotal commercial hub for surrounding rural agrarian villages, providing essential retail, agricultural supplies, and trade services.","Scope for agro-input supply centers, hardware and cement stores, mobile repair shops, local restaurants, and daily consumer goods distribution.",1,High Opportunity (Affordable / High Upside),21.07,6.23,42.0
Parbhani,Pathri,Kansur,13.63,19.52,32.13,67.48,32.52,9.8,3,Semi-Urban Market Town,"Kansur serves as a pivotal commercial hub for surrounding rural agrarian villages, providing essential retail, agricultural supplies, and trade services.","Scope for agro-input supply centers, hardware and cement stores, mobile repair shops, local restaurants, and daily consumer goods distribution.",1,High Opportunity (Affordable / High Upside),19.35,5.72,42.0
Parbhani,Pathri,Renapur Pathri,12.92,19.3,28.85,72.44,27.56,8.97,3,Semi-Urban Market Town,"Renapur Pathri serves as a pivotal commercial hub for surrounding rural agrarian villages, providing essential retail, agricultural supplies, and trade services.","Scope for agro-input supply centers, hardware and cement stores, mobile repair shops, local restaurants, and daily consumer goods distribution.",0,Developing Market (Mid Tier),18.35,5.43,42.0
Parbhani,Purna,Purna Railway Junction,16.56,23.7,34.54,72.28,27.72,12.28,3,Semi-Urban Market Town,"Purna Railway Junction serves as a pivotal commercial hub for surrounding rural agrarian villages, providing essential retail, agricultural supplies, and trade services.","Scope for agro-input supply centers, hardware and cement stores, mobile repair shops, local restaurants, and daily consumer goods distribution.",0,Developing Market (Mid Tier),23.52,6.96,42.0
Parbhani,Purna,Tadkalas,10.79,16.18,24.47,57.81,42.19,8.04,3,Semi-Urban Market Town,"Tadkalas serves as a pivotal commercial hub for surrounding rural agrarian villages, providing essential retail, agricultural supplies, and trade services.","Scope for agro-input supply centers, hardware and cement stores, mobile repair shops, local restaurants, and daily consumer goods distribution.",1,High Opportunity (Affordable / High Upside),15.32,4.53,42.0
Parbhani,Purna,Chudawa,15.87,24.83,35.86,56.0,44.0,10.98,3,Semi-Urban Market Town,"Chudawa serves as a pivotal commercial hub for surrounding rural agrarian villages, providing essential retail, agricultural supplies, and trade services.","Scope for agro-input supply centers, hardware and cement stores, mobile repair shops, local restaurants, and daily consumer goods distribution.",1,High Opportunity (Affordable / High Upside),22.54,6.67,42.0
Parbhani,Purna,Kanhegaon,8.49,12.78,18.5,67.56,32.44,5.91,3,Semi-Urban Market Town,"Kanhegaon serves as a pivotal commercial hub for surrounding rural agrarian villages, providing essential retail, agricultural supplies, and trade services.","Scope for agro-input supply centers, hardware and cement stores, mobile repair shops, local restaurants, and daily consumer goods distribution.",1,High Opportunity (Affordable / High Upside),12.06,3.57,42.0
Parbhani,Manwath,Manwath Town,13.82,20.32,30.93,74.26,25.74,9.73,3,Semi-Urban Market Town,"Manwath Town serves as a pivotal commercial hub for surrounding rural agrarian villages, providing essential retail, agricultural supplies, and trade services.","Scope for agro-input supply centers, hardware and cement stores, mobile repair shops, local restaurants, and daily consumer goods distribution.",0,Developing Market (Mid Tier),19.62,5.8,42.0
Parbhani,Manwath,Manwath Road,16.43,24.47,39.01,62.89,37.11,11.29,3,Semi-Urban Market Town,"Manwath Road serves as a pivotal commercial hub for surrounding rural agrarian villages, providing essential retail, agricultural supplies, and trade services.","Scope for agro-input supply centers, hardware and cement stores, mobile repair shops, local restaurants, and daily consumer goods distribution.",1,High Opportunity (Affordable / High Upside),23.33,6.9,42.0
Parbhani,Manwath,Kekat Umra,7.08,11.17,15.46,58.55,41.45,4.98,3,Semi-Urban Market Town,"Kekat Umra serves as a pivotal commercial hub for surrounding rural agrarian villages, providing essential retail, agricultural supplies, and trade services.","Scope for agro-input supply centers, hardware and cement stores, mobile repair shops, local restaurants, and daily consumer goods distribution.",1,High Opportunity (Affordable / High Upside),10.05,2.97,41.9
Parbhani,Manwath,Dethan,10.69,16.12,22.1,70.07,29.93,7.97,3,Semi-Urban Market Town,"Dethan serves as a pivotal commercial hub for surrounding rural agrarian villages, providing essential retail, agricultural supplies, and trade services.","Scope for agro-input supply centers, hardware and cement stores, mobile repair shops, local restaurants, and daily consumer goods distribution.",1,High Opportunity (Affordable / High Upside),15.18,4.49,42.0
Parbhani,Sonpeth,Sonpeth Town,10.59,16.5,24.73,60.7,39.3,7.8,3,Semi-Urban Market Town,"Sonpeth Town serves as a pivotal commercial hub for surrounding rural agrarian villages, providing essential retail, agricultural supplies, and trade services.","Scope for agro-input supply centers, hardware and cement stores, mobile repair shops, local restaurants, and daily consumer goods distribution.",1,High Opportunity (Affordable / High Upside),15.04,4.45,42.0
Parbhani,Sonpeth,Shelgaon,10.94,16.09,23.81,63.63,36.37,7.92,3,Semi-Urban Market Town,"Shelgaon serves as a pivotal commercial hub for surrounding rural agrarian villages, providing essential retail, agricultural supplies, and trade services.","Scope for agro-input supply centers, hardware and cement stores, mobile repair shops, local restaurants, and daily consumer goods distribution.",1,High Opportunity (Affordable / High Upside),15.53,4.59,42.0
Parbhani,Sonpeth,Aavad,13.62,20.38,28.77,63.69,36.31,10.27,3,Semi-Urban Market Town,"Aavad serves as a pivotal commercial hub for surrounding rural agrarian villages, providing essential retail, agricultural supplies, and trade services.","Scope for agro-input supply centers, hardware and cement stores, mobile repair shops, local restaurants, and daily consumer goods distribution.",1,High Opportunity (Affordable / High Upside),19.34,5.72,42.0
Parbhani,Sonpeth,Wadgaon Sonpeth,15.4,22.25,36.64,69.4,30.6,10.64,3,Semi-Urban Market Town,"Wadgaon Sonpeth serves as a pivotal commercial hub for surrounding rural agrarian villages, providing essential retail, agricultural supplies, and trade services.","Scope for agro-input supply centers, hardware and cement stores, mobile repair shops, local restaurants, and daily consumer goods distribution.",1,High Opportunity (Affordable / High Upside),21.87,6.47,42.0
Parbhani,Palam,Palam Town,7.72,10.98,17.66,65.73,34.27,5.52,3,Semi-Urban Market Town,"Palam Town serves as a pivotal commercial hub for surrounding rural agrarian villages, providing essential retail, agricultural supplies, and trade services.","Scope for agro-input supply centers, hardware and cement stores, mobile repair shops, local restaurants, and daily consumer goods distribution.",1,High Opportunity (Affordable / High Upside),10.96,3.24,42.0
Parbhani,Palam,Banwas,16.9,24.23,38.23,64.32,35.68,12.11,3,Semi-Urban Market Town,"Banwas serves as a pivotal commercial hub for surrounding rural agrarian villages, providing essential retail, agricultural supplies, and trade services.","Scope for agro-input supply centers, hardware and cement stores, mobile repair shops, local restaurants, and daily consumer goods distribution.",1,High Opportunity (Affordable / High Upside),24.0,7.1,42.0
Parbhani,Palam,Pethshivani,14.89,22.58,32.62,59.6,40.4,10.73,3,Semi-Urban Market Town,"Pethshivani serves as a pivotal commercial hub for surrounding rural agrarian villages, providing essential retail, agricultural supplies, and trade services.","Scope for agro-input supply centers, hardware and cement stores, mobile repair shops, local restaurants, and daily consumer goods distribution.",1,High Opportunity (Affordable / High Upside),21.14,6.25,42.0
Parbhani,Palam,Sayala,12.52,18.68,27.13,59.72,40.28,9.12,3,Semi-Urban Market Town,"Sayala serves as a pivotal commercial hub for surrounding rural agrarian villages, providing essential retail, agricultural supplies, and trade services.","Scope for agro-input supply centers, hardware and cement stores, mobile repair shops, local restaurants, and daily consumer goods distribution.",1,High Opportunity (Affordable / High Upside),17.78,5.26,42.0
Hingoli,Hingoli,Hingoli City,9.62,14.96,20.47,62.03,37.97,6.86,4,Rural Agrarian & Forest Landscape,"Hingoli City is a scenic rural agrarian settlement situated amidst natural forest and farmland, characterized by traditional agriculture and close community ties.","Scope for village grocery stores, solar micro-power installations, eco-tourism homestays, non-timber forest produce collection, and farm equipment hire.",1,High Opportunity (Affordable / High Upside),13.66,4.04,42.0
Hingoli,Hingoli,Paltan,9.37,13.86,22.23,63.36,36.64,6.9,4,Rural Agrarian & Forest Landscape,"Paltan is a scenic rural agrarian settlement situated amidst natural forest and farmland, characterized by traditional agriculture and close community ties.","Scope for village grocery stores, solar micro-power installations, eco-tourism homestays, non-timber forest produce collection, and farm equipment hire.",1,High Opportunity (Affordable / High Upside),13.31,3.94,42.0
Hingoli,Hingoli,MIDC Hingoli,5.91,8.85,13.46,54.84,45.16,4.36,4,Industrial & Automotive MIDC,"MIDC Hingoli is a planned industrial manufacturing ecosystem supporting heavy engineering, automotive assembly, chemical plants, and precision component fabrication.","Robust scope for industrial hardware supply, scrap recycling, contractual worker transport, industrial safety gear, and CNC tooling services.",1,High Opportunity (Affordable / High Upside),8.39,2.48,42.0
Hingoli,Hingoli,Malharni,12.87,20.3,29.69,61.3,38.7,8.83,4,Rural Agrarian & Forest Landscape,"Malharni is a scenic rural agrarian settlement situated amidst natural forest and farmland, characterized by traditional agriculture and close community ties.","Scope for village grocery stores, solar micro-power installations, eco-tourism homestays, non-timber forest produce collection, and farm equipment hire.",1,High Opportunity (Affordable / High Upside),18.28,5.41,42.0
Hingoli,Hingoli,Khandala Hingoli,12.12,17.38,26.74,66.83,33.17,9.17,4,Rural Agrarian & Forest Landscape,"Khandala Hingoli is a scenic rural agrarian settlement situated amidst natural forest and farmland, characterized by traditional agriculture and close community ties.","Scope for village grocery stores, solar micro-power installations, eco-tourism homestays, non-timber forest produce collection, and farm equipment hire.",1,High Opportunity (Affordable / High Upside),17.21,5.09,42.0
Hingoli,Basmath,Basmathnagar,5.62,8.55,13.0,58.25,41.75,3.85,4,Rural Agrarian & Forest Landscape,"Basmathnagar is a scenic rural agrarian settlement situated amidst natural forest and farmland, characterized by traditional agriculture and close community ties.","Scope for village grocery stores, solar micro-power installations, eco-tourism homestays, non-timber forest produce collection, and farm equipment hire.",1,High Opportunity (Affordable / High Upside),7.98,2.36,42.0
Hingoli,Basmath,Kurunda,7.75,11.97,17.09,62.25,37.75,5.56,4,Rural Agrarian & Forest Landscape,"Kurunda is a scenic rural agrarian settlement situated amidst natural forest and farmland, characterized by traditional agriculture and close community ties.","Scope for village grocery stores, solar micro-power installations, eco-tourism homestays, non-timber forest produce collection, and farm equipment hire.",1,High Opportunity (Affordable / High Upside),11.0,3.25,41.9
Hingoli,Basmath,Arale,10.87,16.17,25.73,67.96,32.04,7.64,4,Rural Agrarian & Forest Landscape,"Arale is a scenic rural agrarian settlement situated amidst natural forest and farmland, characterized by traditional agriculture and close community ties.","Scope for village grocery stores, solar micro-power installations, eco-tourism homestays, non-timber forest produce collection, and farm equipment hire.",1,High Opportunity (Affordable / High Upside),15.44,4.57,42.0
Hingoli,Basmath,Hatta,5.28,8.28,12.13,66.54,33.46,3.83,4,Rural Agrarian & Forest Landscape,"Hatta is a scenic rural agrarian settlement situated amidst natural forest and farmland, characterized by traditional agriculture and close community ties.","Scope for village grocery stores, solar micro-power installations, eco-tourism homestays, non-timber forest produce collection, and farm equipment hire.",1,High Opportunity (Affordable / High Upside),7.5,2.22,42.0
Hingoli,Basmath,Hayeetnagar,5.49,8.21,11.56,53.03,46.97,4.17,4,Rural Agrarian & Forest Landscape,"Hayeetnagar is a scenic rural agrarian settlement situated amidst natural forest and farmland, characterized by traditional agriculture and close community ties.","Scope for village grocery stores, solar micro-power installations, eco-tourism homestays, non-timber forest produce collection, and farm equipment hire.",1,High Opportunity (Affordable / High Upside),7.8,2.31,42.1
Hingoli,Kalamnuri,Kalamnuri Town,11.47,17.43,24.6,53.65,46.35,8.26,4,Rural Agrarian & Forest Landscape,"Kalamnuri Town is a scenic rural agrarian settlement situated amidst natural forest and farmland, characterized by traditional agriculture and close community ties.","Scope for village grocery stores, solar micro-power installations, eco-tourism homestays, non-timber forest produce collection, and farm equipment hire.",1,High Opportunity (Affordable / High Upside),16.29,4.82,42.0
Hingoli,Kalamnuri,Akhada Balapur,11.81,17.3,24.73,57.62,42.38,8.84,4,Rural Agrarian & Forest Landscape,"Akhada Balapur is a scenic rural agrarian settlement situated amidst natural forest and farmland, characterized by traditional agriculture and close community ties.","Scope for village grocery stores, solar micro-power installations, eco-tourism homestays, non-timber forest produce collection, and farm equipment hire.",1,High Opportunity (Affordable / High Upside),16.77,4.96,42.0
Hingoli,Kalamnuri,Waranga Phata,5.11,7.35,10.77,63.84,36.16,3.54,4,Rural Agrarian & Forest Landscape,"Waranga Phata is a scenic rural agrarian settlement situated amidst natural forest and farmland, characterized by traditional agriculture and close community ties.","Scope for village grocery stores, solar micro-power installations, eco-tourism homestays, non-timber forest produce collection, and farm equipment hire.",1,High Opportunity (Affordable / High Upside),7.26,2.15,42.1
Hingoli,Kalamnuri,Shewala,8.57,13.28,18.31,66.02,33.98,6.16,4,Rural Agrarian & Forest Landscape,"Shewala is a scenic rural agrarian settlement situated amidst natural forest and farmland, characterized by traditional agriculture and close community ties.","Scope for village grocery stores, solar micro-power installations, eco-tourism homestays, non-timber forest produce collection, and farm equipment hire.",1,High Opportunity (Affordable / High Upside),12.17,3.6,42.0
Hingoli,Aundha Nagnath,Aundha Nagnath 8th Jyotirlinga,11.39,17.74,24.64,53.69,46.31,7.88,4,Pilgrimage & Heritage Tourism,"Aundha Nagnath 8th Jyotirlinga is a sacred pilgrimage and historical landmark attracting millions of spiritual seekers, cultural travelers, and weekend tourists throughout the year.","High scope for modern budget hotels, devotional souvenir retail, pure-veg multi-cuisine restaurants, passenger cab services, and travel booking desks.",1,High Opportunity (Affordable / High Upside),16.17,4.78,42.0
Hingoli,Aundha Nagnath,Shiroli Aundha,12.47,18.01,27.6,71.87,28.13,9.25,4,Pilgrimage & Heritage Tourism,"Shiroli Aundha is a sacred pilgrimage and historical landmark attracting millions of spiritual seekers, cultural travelers, and weekend tourists throughout the year.","High scope for modern budget hotels, devotional souvenir retail, pure-veg multi-cuisine restaurants, passenger cab services, and travel booking desks.",0,Developing Market (Mid Tier),17.71,5.24,42.0
Hingoli,Aundha Nagnath,Pardi,6.9,10.28,15.6,56.22,43.78,5.1,4,Pilgrimage & Heritage Tourism,"Pardi is a sacred pilgrimage and historical landmark attracting millions of spiritual seekers, cultural travelers, and weekend tourists throughout the year.","High scope for modern budget hotels, devotional souvenir retail, pure-veg multi-cuisine restaurants, passenger cab services, and travel booking desks.",1,High Opportunity (Affordable / High Upside),9.8,2.9,42.0
Hingoli,Aundha Nagnath,Siddheshwar Dam,7.76,11.82,17.84,54.32,45.68,5.38,4,Pilgrimage & Heritage Tourism,"Siddheshwar Dam is a sacred pilgrimage and historical landmark attracting millions of spiritual seekers, cultural travelers, and weekend tourists throughout the year.","High scope for modern budget hotels, devotional souvenir retail, pure-veg multi-cuisine restaurants, passenger cab services, and travel booking desks.",1,High Opportunity (Affordable / High Upside),11.02,3.26,42.0
Hingoli,Sengaon,Sengaon Town,8.19,12.02,18.81,67.05,32.95,5.92,4,Rural Agrarian & Forest Landscape,"Sengaon Town is a scenic rural agrarian settlement situated amidst natural forest and farmland, characterized by traditional agriculture and close community ties.","Scope for village grocery stores, solar micro-power installations, eco-tourism homestays, non-timber forest produce collection, and farm equipment hire.",1,High Opportunity (Affordable / High Upside),11.63,3.44,42.0
Hingoli,Sengaon,Goregaon Hingoli,8.04,12.32,17.74,54.9,45.1,6.03,4,Rural Agrarian & Forest Landscape,"Goregaon Hingoli is a scenic rural agrarian settlement situated amidst natural forest and farmland, characterized by traditional agriculture and close community ties.","Scope for village grocery stores, solar micro-power installations, eco-tourism homestays, non-timber forest produce collection, and farm equipment hire.",1,High Opportunity (Affordable / High Upside),11.42,3.38,42.0
Hingoli,Sengaon,Sakhara,5.09,7.98,11.19,65.57,34.43,3.85,4,Rural Agrarian & Forest Landscape,"Sakhara is a scenic rural agrarian settlement situated amidst natural forest and farmland, characterized by traditional agriculture and close community ties.","Scope for village grocery stores, solar micro-power installations, eco-tourism homestays, non-timber forest produce collection, and farm equipment hire.",1,High Opportunity (Affordable / High Upside),7.23,2.14,42.0
Hingoli,Sengaon,Bhogao,10.46,14.92,24.61,64.75,35.25,7.91,4,Rural Agrarian & Forest Landscape,"Bhogao is a scenic rural agrarian settlement situated amidst natural forest and farmland, characterized by traditional agriculture and close community ties.","Scope for village grocery stores, solar micro-power installations, eco-tourism homestays, non-timber forest produce collection, and farm equipment hire.",1,High Opportunity (Affordable / High Upside),14.85,4.39,42.0
Nanded,Nanded,Nanded City,13.18,20.65,30.75,64.7,35.3,9.24,3,Semi-Urban Market Town,"Nanded City serves as a pivotal commercial hub for surrounding rural agrarian villages, providing essential retail, agricultural supplies, and trade services.","Scope for agro-input supply centers, hardware and cement stores, mobile repair shops, local restaurants, and daily consumer goods distribution.",1,High Opportunity (Affordable / High Upside),18.72,5.54,42.0
Nanded,Nanded,Sachkhand Gurudwara Area,9.18,14.0,20.0,73.46,26.54,6.79,3,Pilgrimage & Heritage Tourism,"Sachkhand Gurudwara Area is a sacred pilgrimage and historical landmark attracting millions of spiritual seekers, cultural travelers, and weekend tourists throughout the year.","High scope for modern budget hotels, devotional souvenir retail, pure-veg multi-cuisine restaurants, passenger cab services, and travel booking desks.",0,Developing Market (Mid Tier),13.04,3.86,42.0
Nanded,Nanded,CIDCO Nanded,16.81,25.45,35.54,64.75,35.25,12.36,3,Semi-Urban Market Town,"CIDCO Nanded serves as a pivotal commercial hub for surrounding rural agrarian villages, providing essential retail, agricultural supplies, and trade services.","Scope for agro-input supply centers, hardware and cement stores, mobile repair shops, local restaurants, and daily consumer goods distribution.",1,High Opportunity (Affordable / High Upside),23.87,7.06,42.0
Nanded,Nanded,Vazirabad,10.16,15.32,23.08,74.63,25.37,6.92,3,Semi-Urban Market Town,"Vazirabad serves as a pivotal commercial hub for surrounding rural agrarian villages, providing essential retail, agricultural supplies, and trade services.","Scope for agro-input supply centers, hardware and cement stores, mobile repair shops, local restaurants, and daily consumer goods distribution.",0,Developing Market (Mid Tier),14.43,4.27,42.0
Nanded,Nanded,Asarjan,9.17,13.17,20.15,62.39,37.61,6.44,3,Semi-Urban Market Town,"Asarjan serves as a pivotal commercial hub for surrounding rural agrarian villages, providing essential retail, agricultural supplies, and trade services.","Scope for agro-input supply centers, hardware and cement stores, mobile repair shops, local restaurants, and daily consumer goods distribution.",1,High Opportunity (Affordable / High Upside),13.02,3.85,42.0
Nanded,Nanded,Taroda,10.32,14.69,21.47,76.77,23.23,7.56,3,Semi-Urban Market Town,"Taroda serves as a pivotal commercial hub for surrounding rural agrarian villages, providing essential retail, agricultural supplies, and trade services.","Scope for agro-input supply centers, hardware and cement stores, mobile repair shops, local restaurants, and daily consumer goods distribution.",0,Developing Market (Mid Tier),14.65,4.33,42.0
Nanded,Nanded,MIDC Krushnoor,18.03,28.34,40.76,72.16,27.84,12.43,3,Industrial & Automotive MIDC,"MIDC Krushnoor is a planned industrial manufacturing ecosystem supporting heavy engineering, automotive assembly, chemical plants, and precision component fabrication.","Robust scope for industrial hardware supply, scrap recycling, contractual worker transport, industrial safety gear, and CNC tooling services.",0,Developing Market (Mid Tier),25.6,7.57,42.0
Nanded,Deglur,Deglur Border Commercial Town,18.28,26.34,41.43,76.0,24.0,13.26,3,Semi-Urban Market Town,"Deglur Border Commercial Town serves as a pivotal commercial hub for surrounding rural agrarian villages, providing essential retail, agricultural supplies, and trade services.","Scope for agro-input supply centers, hardware and cement stores, mobile repair shops, local restaurants, and daily consumer goods distribution.",0,Developing Market (Mid Tier),25.96,7.68,42.0
Nanded,Deglur,Shahapur Deglur,19.61,30.66,44.7,63.07,36.93,14.07,3,Semi-Urban Market Town,"Shahapur Deglur serves as a pivotal commercial hub for surrounding rural agrarian villages, providing essential retail, agricultural supplies, and trade services.","Scope for agro-input supply centers, hardware and cement stores, mobile repair shops, local restaurants, and daily consumer goods distribution.",1,High Opportunity (Affordable / High Upside),27.85,8.24,42.0
Nanded,Deglur,Hanev,19.23,29.27,45.28,63.53,36.47,13.73,3,Semi-Urban Market Town,"Hanev serves as a pivotal commercial hub for surrounding rural agrarian villages, providing essential retail, agricultural supplies, and trade services.","Scope for agro-input supply centers, hardware and cement stores, mobile repair shops, local restaurants, and daily consumer goods distribution.",1,High Opportunity (Affordable / High Upside),27.31,8.08,42.0
Nanded,Deglur,Karadkhed,18.84,29.07,40.63,61.24,38.76,12.92,3,Semi-Urban Market Town,"Karadkhed serves as a pivotal commercial hub for surrounding rural agrarian villages, providing essential retail, agricultural supplies, and trade services.","Scope for agro-input supply centers, hardware and cement stores, mobile repair shops, local restaurants, and daily consumer goods distribution.",1,High Opportunity (Affordable / High Upside),26.75,7.91,42.0
Nanded,Mukhed,Mukhed Town,17.33,25.67,37.43,59.2,40.8,13.11,3,Semi-Urban Market Town,"Mukhed Town serves as a pivotal commercial hub for surrounding rural agrarian villages, providing essential retail, agricultural supplies, and trade services.","Scope for agro-input supply centers, hardware and cement stores, mobile repair shops, local restaurants, and daily consumer goods distribution.",1,High Opportunity (Affordable / High Upside),24.61,7.28,42.0
Nanded,Mukhed,Barahali,11.18,16.66,24.73,76.57,23.43,8.15,3,Semi-Urban Market Town,"Barahali serves as a pivotal commercial hub for surrounding rural agrarian villages, providing essential retail, agricultural supplies, and trade services.","Scope for agro-input supply centers, hardware and cement stores, mobile repair shops, local restaurants, and daily consumer goods distribution.",0,Developing Market (Mid Tier),15.88,4.7,42.0
Nanded,Mukhed,Mangaon Mukhed,10.14,15.2,21.27,73.37,26.63,7.07,3,Semi-Urban Market Town,"Mangaon Mukhed serves as a pivotal commercial hub for surrounding rural agrarian villages, providing essential retail, agricultural supplies, and trade services.","Scope for agro-input supply centers, hardware and cement stores, mobile repair shops, local restaurants, and daily consumer goods distribution.",0,Developing Market (Mid Tier),14.4,4.26,42.0
Nanded,Mukhed,Rampur,15.72,24.62,35.94,60.07,39.93,10.78,3,Semi-Urban Market Town,"Rampur serves as a pivotal commercial hub for surrounding rural agrarian villages, providing essential retail, agricultural supplies, and trade services.","Scope for agro-input supply centers, hardware and cement stores, mobile repair shops, local restaurants, and daily consumer goods distribution.",1,High Opportunity (Affordable / High Upside),22.32,6.6,42.0
Nanded,Kandhar,Kandhar Fort Town,14.86,21.7,32.65,75.93,24.07,10.28,3,Pilgrimage & Heritage Tourism,"Kandhar Fort Town is a sacred pilgrimage and historical landmark attracting millions of spiritual seekers, cultural travelers, and weekend tourists throughout the year.","High scope for modern budget hotels, devotional souvenir retail, pure-veg multi-cuisine restaurants, passenger cab services, and travel booking desks.",0,Developing Market (Mid Tier),21.1,6.24,42.0
Nanded,Kandhar,Ghatangri,15.68,24.61,35.58,63.33,36.67,11.54,3,Semi-Urban Market Town,"Ghatangri serves as a pivotal commercial hub for surrounding rural agrarian villages, providing essential retail, agricultural supplies, and trade services.","Scope for agro-input supply centers, hardware and cement stores, mobile repair shops, local restaurants, and daily consumer goods distribution.",1,High Opportunity (Affordable / High Upside),22.27,6.59,42.0
Nanded,Kandhar,Pethvadaj,18.86,28.52,41.87,76.8,23.2,13.57,3,Semi-Urban Market Town,"Pethvadaj serves as a pivotal commercial hub for surrounding rural agrarian villages, providing essential retail, agricultural supplies, and trade services.","Scope for agro-input supply centers, hardware and cement stores, mobile repair shops, local restaurants, and daily consumer goods distribution.",0,Developing Market (Mid Tier),26.78,7.92,42.0
Nanded,Kandhar,Bahadarpara,13.23,20.57,30.53,73.71,26.29,9.57,3,Semi-Urban Market Town,"Bahadarpara serves as a pivotal commercial hub for surrounding rural agrarian villages, providing essential retail, agricultural supplies, and trade services.","Scope for agro-input supply centers, hardware and cement stores, mobile repair shops, local restaurants, and daily consumer goods distribution.",0,Developing Market (Mid Tier),18.79,5.56,42.0
Nanded,Loha,Loha Town,8.04,12.64,18.65,67.64,32.36,5.83,3,Semi-Urban Market Town,"Loha Town serves as a pivotal commercial hub for surrounding rural agrarian villages, providing essential retail, agricultural supplies, and trade services.","Scope for agro-input supply centers, hardware and cement stores, mobile repair shops, local restaurants, and daily consumer goods distribution.",1,High Opportunity (Affordable / High Upside),11.42,3.38,42.0
Nanded,Loha,Malkhad,19.22,28.4,43.73,66.01,33.99,14.04,3,Semi-Urban Market Town,"Malkhad serves as a pivotal commercial hub for surrounding rural agrarian villages, providing essential retail, agricultural supplies, and trade services.","Scope for agro-input supply centers, hardware and cement stores, mobile repair shops, local restaurants, and daily consumer goods distribution.",1,High Opportunity (Affordable / High Upside),27.29,8.07,42.0
Nanded,Loha,Pokharni,19.51,27.99,43.44,77.22,22.78,13.39,3,Semi-Urban Market Town,"Pokharni serves as a pivotal commercial hub for surrounding rural agrarian villages, providing essential retail, agricultural supplies, and trade services.","Scope for agro-input supply centers, hardware and cement stores, mobile repair shops, local restaurants, and daily consumer goods distribution.",0,Developing Market (Mid Tier),27.7,8.19,42.0
Nanded,Loha,Sunegaon,13.52,20.86,30.61,61.53,38.47,9.24,3,Semi-Urban Market Town,"Sunegaon serves as a pivotal commercial hub for surrounding rural agrarian villages, providing essential retail, agricultural supplies, and trade services.","Scope for agro-input supply centers, hardware and cement stores, mobile repair shops, local restaurants, and daily consumer goods distribution.",1,High Opportunity (Affordable / High Upside),19.2,5.68,42.0
Nanded,Biloli,Biloli Town,12.61,18.29,28.75,75.93,24.07,9.21,3,Semi-Urban Market Town,"Biloli Town serves as a pivotal commercial hub for surrounding rural agrarian villages, providing essential retail, agricultural supplies, and trade services.","Scope for agro-input supply centers, hardware and cement stores, mobile repair shops, local restaurants, and daily consumer goods distribution.",0,Developing Market (Mid Tier),17.91,5.3,42.0
Nanded,Biloli,Kajla,12.31,17.65,27.81,72.71,27.29,8.51,3,Semi-Urban Market Town,"Kajla serves as a pivotal commercial hub for surrounding rural agrarian villages, providing essential retail, agricultural supplies, and trade services.","Scope for agro-input supply centers, hardware and cement stores, mobile repair shops, local restaurants, and daily consumer goods distribution.",0,Developing Market (Mid Tier),17.48,5.17,42.0
Nanded,Biloli,Kundan,10.32,15.84,23.18,67.78,32.22,7.07,3,Semi-Urban Market Town,"Kundan serves as a pivotal commercial hub for surrounding rural agrarian villages, providing essential retail, agricultural supplies, and trade services.","Scope for agro-input supply centers, hardware and cement stores, mobile repair shops, local restaurants, and daily consumer goods distribution.",1,High Opportunity (Affordable / High Upside),14.65,4.33,42.0
Nanded,Biloli,Badur,14.49,21.29,32.26,74.69,25.31,10.37,3,Semi-Urban Market Town,"Badur serves as a pivotal commercial hub for surrounding rural agrarian villages, providing essential retail, agricultural supplies, and trade services.","Scope for agro-input supply centers, hardware and cement stores, mobile repair shops, local restaurants, and daily consumer goods distribution.",0,Developing Market (Mid Tier),20.58,6.09,42.0
Nanded,Dharmabad,Dharmabad Town,19.95,28.45,41.27,73.76,26.24,13.63,3,Semi-Urban Market Town,"Dharmabad Town serves as a pivotal commercial hub for surrounding rural agrarian villages, providing essential retail, agricultural supplies, and trade services.","Scope for agro-input supply centers, hardware and cement stores, mobile repair shops, local restaurants, and daily consumer goods distribution.",0,Developing Market (Mid Tier),28.33,8.38,42.0
Nanded,Dharmabad,Jarur,9.42,14.59,21.39,67.17,32.83,6.92,3,Semi-Urban Market Town,"Jarur serves as a pivotal commercial hub for surrounding rural agrarian villages, providing essential retail, agricultural supplies, and trade services.","Scope for agro-input supply centers, hardware and cement stores, mobile repair shops, local restaurants, and daily consumer goods distribution.",1,High Opportunity (Affordable / High Upside),13.38,3.96,42.0
Nanded,Dharmabad,Karadkhed,18.49,26.7,41.44,76.5,23.5,12.63,3,Semi-Urban Market Town,"Karadkhed serves as a pivotal commercial hub for surrounding rural agrarian villages, providing essential retail, agricultural supplies, and trade services.","Scope for agro-input supply centers, hardware and cement stores, mobile repair shops, local restaurants, and daily consumer goods distribution.",0,Developing Market (Mid Tier),26.26,7.77,42.0
Nanded,Dharmabad,Samrala,9.7,14.79,21.39,76.36,23.64,6.63,3,Semi-Urban Market Town,"Samrala serves as a pivotal commercial hub for surrounding rural agrarian villages, providing essential retail, agricultural supplies, and trade services.","Scope for agro-input supply centers, hardware and cement stores, mobile repair shops, local restaurants, and daily consumer goods distribution.",0,Developing Market (Mid Tier),13.77,4.07,42.0
Nanded,Hadgaon,Hadgaon Town,16.42,23.66,34.59,59.0,41.0,11.57,3,Semi-Urban Market Town,"Hadgaon Town serves as a pivotal commercial hub for surrounding rural agrarian villages, providing essential retail, agricultural supplies, and trade services.","Scope for agro-input supply centers, hardware and cement stores, mobile repair shops, local restaurants, and daily consumer goods distribution.",1,High Opportunity (Affordable / High Upside),23.32,6.9,42.0
Nanded,Hadgaon,Tamsa,17.52,26.16,36.9,69.82,30.18,13.06,3,Semi-Urban Market Town,"Tamsa serves as a pivotal commercial hub for surrounding rural agrarian villages, providing essential retail, agricultural supplies, and trade services.","Scope for agro-input supply centers, hardware and cement stores, mobile repair shops, local restaurants, and daily consumer goods distribution.",1,High Opportunity (Affordable / High Upside),24.88,7.36,42.0
Nanded,Hadgaon,Nivgha,9.28,13.92,21.47,62.41,37.59,6.91,3,Semi-Urban Market Town,"Nivgha serves as a pivotal commercial hub for surrounding rural agrarian villages, providing essential retail, agricultural supplies, and trade services.","Scope for agro-input supply centers, hardware and cement stores, mobile repair shops, local restaurants, and daily consumer goods distribution.",1,High Opportunity (Affordable / High Upside),13.18,3.9,42.0
Nanded,Hadgaon,Manatha,13.11,20.32,31.12,71.57,28.43,9.25,3,Semi-Urban Market Town,"Manatha serves as a pivotal commercial hub for surrounding rural agrarian villages, providing essential retail, agricultural supplies, and trade services.","Scope for agro-input supply centers, hardware and cement stores, mobile repair shops, local restaurants, and daily consumer goods distribution.",0,Developing Market (Mid Tier),18.62,5.51,42.0
Nanded,Kinwat,Kinwat Forest Town,19.71,29.8,41.3,74.73,25.27,14.65,3,Semi-Urban Market Town,"Kinwat Forest Town serves as a pivotal commercial hub for surrounding rural agrarian villages, providing essential retail, agricultural supplies, and trade services.","Scope for agro-input supply centers, hardware and cement stores, mobile repair shops, local restaurants, and daily consumer goods distribution.",0,Developing Market (Mid Tier),27.99,8.28,42.0
Nanded,Kinwat,Sahasrakund Waterfall,17.17,26.01,37.1,60.41,39.59,11.87,3,Semi-Urban Market Town,"Sahasrakund Waterfall serves as a pivotal commercial hub for surrounding rural agrarian villages, providing essential retail, agricultural supplies, and trade services.","Scope for agro-input supply centers, hardware and cement stores, mobile repair shops, local restaurants, and daily consumer goods distribution.",1,High Opportunity (Affordable / High Upside),24.38,7.21,42.0
Nanded,Kinwat,Bodhad,12.98,19.88,28.98,66.77,33.23,9.79,3,Semi-Urban Market Town,"Bodhad serves as a pivotal commercial hub for surrounding rural agrarian villages, providing essential retail, agricultural supplies, and trade services.","Scope for agro-input supply centers, hardware and cement stores, mobile repair shops, local restaurants, and daily consumer goods distribution.",1,High Opportunity (Affordable / High Upside),18.43,5.45,42.0
Nanded,Kinwat,Islapur,8.49,12.19,19.78,70.25,29.75,6.3,3,Semi-Urban Market Town,"Islapur serves as a pivotal commercial hub for surrounding rural agrarian villages, providing essential retail, agricultural supplies, and trade services.","Scope for agro-input supply centers, hardware and cement stores, mobile repair shops, local restaurants, and daily consumer goods distribution.",1,High Opportunity (Affordable / High Upside),12.06,3.57,42.0
Nanded,Mahur,Mahur Renuka Devi Shrine,8.19,12.27,16.81,61.59,38.41,5.63,3,Pilgrimage & Heritage Tourism,"Mahur Renuka Devi Shrine is a sacred pilgrimage and historical landmark attracting millions of spiritual seekers, cultural travelers, and weekend tourists throughout the year.","High scope for modern budget hotels, devotional souvenir retail, pure-veg multi-cuisine restaurants, passenger cab services, and travel booking desks.",1,High Opportunity (Affordable / High Upside),11.63,3.44,42.0
Nanded,Mahur,Sarkhani,15.82,24.71,34.6,74.15,25.85,11.74,3,Pilgrimage & Heritage Tourism,"Sarkhani is a sacred pilgrimage and historical landmark attracting millions of spiritual seekers, cultural travelers, and weekend tourists throughout the year.","High scope for modern budget hotels, devotional souvenir retail, pure-veg multi-cuisine restaurants, passenger cab services, and travel booking desks.",0,Developing Market (Mid Tier),22.46,6.64,42.0
Nanded,Mahur,Dhanora Mahur,16.31,23.7,36.88,68.46,31.54,11.63,3,Pilgrimage & Heritage Tourism,"Dhanora Mahur is a sacred pilgrimage and historical landmark attracting millions of spiritual seekers, cultural travelers, and weekend tourists throughout the year.","High scope for modern budget hotels, devotional souvenir retail, pure-veg multi-cuisine restaurants, passenger cab services, and travel booking desks.",1,High Opportunity (Affordable / High Upside),23.16,6.85,42.0
Nanded,Mahur,Vanjarwadi,19.26,29.23,39.72,61.6,38.4,13.87,3,Pilgrimage & Heritage Tourism,"Vanjarwadi is a sacred pilgrimage and historical landmark attracting millions of spiritual seekers, cultural travelers, and weekend tourists throughout the year.","High scope for modern budget hotels, devotional souvenir retail, pure-veg multi-cuisine restaurants, passenger cab services, and travel booking desks.",1,High Opportunity (Affordable / High Upside),27.35,8.09,42.0
Nanded,Bhokar,Bhokar Town,19.4,29.49,44.78,64.96,35.04,13.2,3,Semi-Urban Market Town,"Bhokar Town serves as a pivotal commercial hub for surrounding rural agrarian villages, providing essential retail, agricultural supplies, and trade services.","Scope for agro-input supply centers, hardware and cement stores, mobile repair shops, local restaurants, and daily consumer goods distribution.",1,High Opportunity (Affordable / High Upside),27.55,8.15,42.0
Nanded,Bhokar,Matul,10.83,15.58,24.1,59.91,40.09,7.68,3,Semi-Urban Market Town,"Matul serves as a pivotal commercial hub for surrounding rural agrarian villages, providing essential retail, agricultural supplies, and trade services.","Scope for agro-input supply centers, hardware and cement stores, mobile repair shops, local restaurants, and daily consumer goods distribution.",1,High Opportunity (Affordable / High Upside),15.38,4.55,42.0
Nanded,Bhokar,Massa,17.13,25.8,36.36,73.41,26.59,12.55,3,Semi-Urban Market Town,"Massa serves as a pivotal commercial hub for surrounding rural agrarian villages, providing essential retail, agricultural supplies, and trade services.","Scope for agro-input supply centers, hardware and cement stores, mobile repair shops, local restaurants, and daily consumer goods distribution.",0,Developing Market (Mid Tier),24.32,7.19,42.0
Nanded,Bhokar,Palaj,11.32,16.43,26.18,71.7,28.3,8.57,3,Semi-Urban Market Town,"Palaj serves as a pivotal commercial hub for surrounding rural agrarian villages, providing essential retail, agricultural supplies, and trade services.","Scope for agro-input supply centers, hardware and cement stores, mobile repair shops, local restaurants, and daily consumer goods distribution.",0,Developing Market (Mid Tier),16.07,4.75,42.0
Nanded,Mudkhed,Mudkhed Railway Town,13.69,19.83,31.09,58.86,41.14,10.02,3,Semi-Urban Market Town,"Mudkhed Railway Town serves as a pivotal commercial hub for surrounding rural agrarian villages, providing essential retail, agricultural supplies, and trade services.","Scope for agro-input supply centers, hardware and cement stores, mobile repair shops, local restaurants, and daily consumer goods distribution.",1,High Opportunity (Affordable / High Upside),19.44,5.75,42.0
Nanded,Mudkhed,Mugad,11.42,17.01,24.67,74.1,25.9,8.46,3,Semi-Urban Market Town,"Mugad serves as a pivotal commercial hub for surrounding rural agrarian villages, providing essential retail, agricultural supplies, and trade services.","Scope for agro-input supply centers, hardware and cement stores, mobile repair shops, local restaurants, and daily consumer goods distribution.",0,Developing Market (Mid Tier),16.22,4.8,42.0
Nanded,Mudkhed,Wadgaon Mudkhed,8.52,13.11,20.07,61.52,38.48,6.33,3,Semi-Urban Market Town,"Wadgaon Mudkhed serves as a pivotal commercial hub for surrounding rural agrarian villages, providing essential retail, agricultural supplies, and trade services.","Scope for agro-input supply centers, hardware and cement stores, mobile repair shops, local restaurants, and daily consumer goods distribution.",1,High Opportunity (Affordable / High Upside),12.1,3.58,42.0
Nanded,Mudkhed,Pimpalkhuta,13.82,19.88,32.41,72.43,27.57,10.05,3,Semi-Urban Market Town,"Pimpalkhuta serves as a pivotal commercial hub for surrounding rural agrarian villages, providing essential retail, agricultural supplies, and trade services.","Scope for agro-input supply centers, hardware and cement stores, mobile repair shops, local restaurants, and daily consumer goods distribution.",0,Developing Market (Mid Tier),19.62,5.8,42.0
Beed,Beed,Beed City,9.93,14.42,22.57,61.51,38.49,7.37,3,Semi-Urban Market Town,"Beed City serves as a pivotal commercial hub for surrounding rural agrarian villages, providing essential retail, agricultural supplies, and trade services.","Scope for agro-input supply centers, hardware and cement stores, mobile repair shops, local restaurants, and daily consumer goods distribution.",1,High Opportunity (Affordable / High Upside),14.1,4.17,42.0
Beed,Beed,Kankaleshwar Temple Area,9.94,14.27,22.8,72.4,27.6,7.06,3,Pilgrimage & Heritage Tourism,"Kankaleshwar Temple Area is a sacred pilgrimage and historical landmark attracting millions of spiritual seekers, cultural travelers, and weekend tourists throughout the year.","High scope for modern budget hotels, devotional souvenir retail, pure-veg multi-cuisine restaurants, passenger cab services, and travel booking desks.",0,Developing Market (Mid Tier),14.11,4.17,42.0
Beed,Beed,Barshi Naka,8.99,13.44,19.87,72.81,27.19,6.22,3,Semi-Urban Market Town,"Barshi Naka serves as a pivotal commercial hub for surrounding rural agrarian villages, providing essential retail, agricultural supplies, and trade services.","Scope for agro-input supply centers, hardware and cement stores, mobile repair shops, local restaurants, and daily consumer goods distribution.",0,Developing Market (Mid Tier),12.77,3.78,42.0
Beed,Beed,Jalna Road,15.35,22.91,33.43,57.73,42.27,11.32,3,Semi-Urban Market Town,"Jalna Road serves as a pivotal commercial hub for surrounding rural agrarian villages, providing essential retail, agricultural supplies, and trade services.","Scope for agro-input supply centers, hardware and cement stores, mobile repair shops, local restaurants, and daily consumer goods distribution.",1,High Opportunity (Affordable / High Upside),21.8,6.45,42.0
Beed,Beed,MIDC Beed,12.69,20.0,26.86,57.54,42.46,9.33,3,Industrial & Automotive MIDC,"MIDC Beed is a planned industrial manufacturing ecosystem supporting heavy engineering, automotive assembly, chemical plants, and precision component fabrication.","Robust scope for industrial hardware supply, scrap recycling, contractual worker transport, industrial safety gear, and CNC tooling services.",1,High Opportunity (Affordable / High Upside),18.02,5.33,42.0
Beed,Beed,Pali Beed,7.54,10.87,17.58,64.17,35.83,5.23,3,Semi-Urban Market Town,"Pali Beed serves as a pivotal commercial hub for surrounding rural agrarian villages, providing essential retail, agricultural supplies, and trade services.","Scope for agro-input supply centers, hardware and cement stores, mobile repair shops, local restaurants, and daily consumer goods distribution.",1,High Opportunity (Affordable / High Upside),10.71,3.17,42.0
Beed,Parli,Parli Vaijnath Jyotirlinga,10.09,15.76,22.69,70.79,29.21,7.38,3,Pilgrimage & Heritage Tourism,"Parli Vaijnath Jyotirlinga is a sacred pilgrimage and historical landmark attracting millions of spiritual seekers, cultural travelers, and weekend tourists throughout the year.","High scope for modern budget hotels, devotional souvenir retail, pure-veg multi-cuisine restaurants, passenger cab services, and travel booking desks.",0,Developing Market (Mid Tier),14.33,4.24,42.0
Beed,Parli,Thermal Power Colony,12.5,18.09,29.63,72.1,27.9,8.59,3,Industrial & Automotive MIDC,"Thermal Power Colony is a planned industrial manufacturing ecosystem supporting heavy engineering, automotive assembly, chemical plants, and precision component fabrication.","Robust scope for industrial hardware supply, scrap recycling, contractual worker transport, industrial safety gear, and CNC tooling services.",0,Developing Market (Mid Tier),17.75,5.25,42.0
Beed,Parli,Ghatnandur,14.71,22.04,34.99,66.83,33.17,10.99,3,Semi-Urban Market Town,"Ghatnandur serves as a pivotal commercial hub for surrounding rural agrarian villages, providing essential retail, agricultural supplies, and trade services.","Scope for agro-input supply centers, hardware and cement stores, mobile repair shops, local restaurants, and daily consumer goods distribution.",1,High Opportunity (Affordable / High Upside),20.89,6.18,42.0
Beed,Parli,Dharmapuri,9.51,14.61,21.81,59.93,40.07,6.72,3,Semi-Urban Market Town,"Dharmapuri serves as a pivotal commercial hub for surrounding rural agrarian villages, providing essential retail, agricultural supplies, and trade services.","Scope for agro-input supply centers, hardware and cement stores, mobile repair shops, local restaurants, and daily consumer goods distribution.",1,High Opportunity (Affordable / High Upside),13.5,3.99,42.0
Beed,Ambajogai,Ambajogai Yogeshwari Heritage Town,12.22,19.1,27.44,57.98,42.02,8.87,3,Pilgrimage & Heritage Tourism,"Ambajogai Yogeshwari Heritage Town is a sacred pilgrimage and historical landmark attracting millions of spiritual seekers, cultural travelers, and weekend tourists throughout the year.","High scope for modern budget hotels, devotional souvenir retail, pure-veg multi-cuisine restaurants, passenger cab services, and travel booking desks.",1,High Opportunity (Affordable / High Upside),17.35,5.13,42.0
Beed,Ambajogai,Bardapur,7.05,11.12,14.55,64.41,35.59,5.23,3,Semi-Urban Market Town,"Bardapur serves as a pivotal commercial hub for surrounding rural agrarian villages, providing essential retail, agricultural supplies, and trade services.","Scope for agro-input supply centers, hardware and cement stores, mobile repair shops, local restaurants, and daily consumer goods distribution.",1,High Opportunity (Affordable / High Upside),10.01,2.96,42.0
Beed,Ambajogai,Locality Kholeshwar,7.3,10.99,16.12,70.96,29.04,5.44,3,Semi-Urban Market Town,"Locality Kholeshwar serves as a pivotal commercial hub for surrounding rural agrarian villages, providing essential retail, agricultural supplies, and trade services.","Scope for agro-input supply centers, hardware and cement stores, mobile repair shops, local restaurants, and daily consumer goods distribution.",0,Developing Market (Mid Tier),10.37,3.07,42.1
Beed,Ambajogai,Pangri,11.07,16.15,24.73,55.25,44.75,8.18,3,Semi-Urban Market Town,"Pangri serves as a pivotal commercial hub for surrounding rural agrarian villages, providing essential retail, agricultural supplies, and trade services.","Scope for agro-input supply centers, hardware and cement stores, mobile repair shops, local restaurants, and daily consumer goods distribution.",1,High Opportunity (Affordable / High Upside),15.72,4.65,42.0
Beed,Majalgaon,Majalgaon Dam Area,15.55,22.41,33.4,67.95,32.05,10.69,3,Semi-Urban Market Town,"Majalgaon Dam Area serves as a pivotal commercial hub for surrounding rural agrarian villages, providing essential retail, agricultural supplies, and trade services.","Scope for agro-input supply centers, hardware and cement stores, mobile repair shops, local restaurants, and daily consumer goods distribution.",1,High Opportunity (Affordable / High Upside),22.08,6.53,42.0
Beed,Majalgaon,Kitti Adgaon,11.32,16.63,25.83,72.16,27.84,8.37,3,Semi-Urban Market Town,"Kitti Adgaon serves as a pivotal commercial hub for surrounding rural agrarian villages, providing essential retail, agricultural supplies, and trade services.","Scope for agro-input supply centers, hardware and cement stores, mobile repair shops, local restaurants, and daily consumer goods distribution.",0,Developing Market (Mid Tier),16.07,4.75,42.0
Beed,Majalgaon,Pathrud,7.22,10.78,16.64,72.48,27.52,5.14,3,Semi-Urban Market Town,"Pathrud serves as a pivotal commercial hub for surrounding rural agrarian villages, providing essential retail, agricultural supplies, and trade services.","Scope for agro-input supply centers, hardware and cement stores, mobile repair shops, local restaurants, and daily consumer goods distribution.",0,Developing Market (Mid Tier),10.25,3.03,42.0
Beed,Majalgaon,Talkhed,14.11,20.87,31.09,67.67,32.33,10.57,3,Semi-Urban Market Town,"Talkhed serves as a pivotal commercial hub for surrounding rural agrarian villages, providing essential retail, agricultural supplies, and trade services.","Scope for agro-input supply centers, hardware and cement stores, mobile repair shops, local restaurants, and daily consumer goods distribution.",1,High Opportunity (Affordable / High Upside),20.04,5.93,42.0
Beed,Georai,Georai Town,7.64,11.94,16.5,55.65,44.35,5.46,3,Semi-Urban Market Town,"Georai Town serves as a pivotal commercial hub for surrounding rural agrarian villages, providing essential retail, agricultural supplies, and trade services.","Scope for agro-input supply centers, hardware and cement stores, mobile repair shops, local restaurants, and daily consumer goods distribution.",1,High Opportunity (Affordable / High Upside),10.85,3.21,42.0
Beed,Georai,Umapur,9.43,14.82,21.02,70.89,29.11,7.01,3,Semi-Urban Market Town,"Umapur serves as a pivotal commercial hub for surrounding rural agrarian villages, providing essential retail, agricultural supplies, and trade services.","Scope for agro-input supply centers, hardware and cement stores, mobile repair shops, local restaurants, and daily consumer goods distribution.",0,Developing Market (Mid Tier),13.39,3.96,42.0
Beed,Georai,Gevrai Rural,7.73,12.07,17.72,56.1,43.9,5.84,3,Semi-Urban Market Town,"Gevrai Rural serves as a pivotal commercial hub for surrounding rural agrarian villages, providing essential retail, agricultural supplies, and trade services.","Scope for agro-input supply centers, hardware and cement stores, mobile repair shops, local restaurants, and daily consumer goods distribution.",1,High Opportunity (Affordable / High Upside),10.98,3.25,42.0
Beed,Georai,Talwada,13.07,20.42,27.27,62.31,37.69,9.53,3,Semi-Urban Market Town,"Talwada serves as a pivotal commercial hub for surrounding rural agrarian villages, providing essential retail, agricultural supplies, and trade services.","Scope for agro-input supply centers, hardware and cement stores, mobile repair shops, local restaurants, and daily consumer goods distribution.",1,High Opportunity (Affordable / High Upside),18.56,5.49,42.0
Beed,Kaij,Kaij Town,10.29,14.9,22.99,56.34,43.66,7.58,3,Semi-Urban Market Town,"Kaij Town serves as a pivotal commercial hub for surrounding rural agrarian villages, providing essential retail, agricultural supplies, and trade services.","Scope for agro-input supply centers, hardware and cement stores, mobile repair shops, local restaurants, and daily consumer goods distribution.",1,High Opportunity (Affordable / High Upside),14.61,4.32,42.0
Beed,Kaij,Yevate,8.84,13.94,18.82,57.27,42.73,6.35,3,Semi-Urban Market Town,"Yevate serves as a pivotal commercial hub for surrounding rural agrarian villages, providing essential retail, agricultural supplies, and trade services.","Scope for agro-input supply centers, hardware and cement stores, mobile repair shops, local restaurants, and daily consumer goods distribution.",1,High Opportunity (Affordable / High Upside),12.55,3.71,42.0
Beed,Kaij,Yusufwadgaon,15.45,23.37,36.56,59.2,40.8,11.43,3,Semi-Urban Market Town,"Yusufwadgaon serves as a pivotal commercial hub for surrounding rural agrarian villages, providing essential retail, agricultural supplies, and trade services.","Scope for agro-input supply centers, hardware and cement stores, mobile repair shops, local restaurants, and daily consumer goods distribution.",1,High Opportunity (Affordable / High Upside),21.94,6.49,42.0
Beed,Kaij,Nandurghat,9.03,13.33,19.31,68.6,31.4,6.34,3,Semi-Urban Market Town,"Nandurghat serves as a pivotal commercial hub for surrounding rural agrarian villages, providing essential retail, agricultural supplies, and trade services.","Scope for agro-input supply centers, hardware and cement stores, mobile repair shops, local restaurants, and daily consumer goods distribution.",1,High Opportunity (Affordable / High Upside),12.82,3.79,42.0
Beed,Ashti,Ashti Town,7.57,11.17,16.73,65.53,34.47,5.22,3,Semi-Urban Market Town,"Ashti Town serves as a pivotal commercial hub for surrounding rural agrarian villages, providing essential retail, agricultural supplies, and trade services.","Scope for agro-input supply centers, hardware and cement stores, mobile repair shops, local restaurants, and daily consumer goods distribution.",1,High Opportunity (Affordable / High Upside),10.75,3.18,42.0
Beed,Ashti,Kada Commercial Hub,13.39,20.47,29.8,60.85,39.15,9.77,3,Semi-Urban Market Town,"Kada Commercial Hub serves as a pivotal commercial hub for surrounding rural agrarian villages, providing essential retail, agricultural supplies, and trade services.","Scope for agro-input supply centers, hardware and cement stores, mobile repair shops, local restaurants, and daily consumer goods distribution.",1,High Opportunity (Affordable / High Upside),19.01,5.62,42.0
Beed,Ashti,Karanji Road,14.2,22.31,32.9,73.82,26.18,9.73,3,Semi-Urban Market Town,"Karanji Road serves as a pivotal commercial hub for surrounding rural agrarian villages, providing essential retail, agricultural supplies, and trade services.","Scope for agro-input supply centers, hardware and cement stores, mobile repair shops, local restaurants, and daily consumer goods distribution.",0,Developing Market (Mid Tier),20.16,5.96,42.0
Beed,Ashti,Doithan,15.03,22.44,31.21,72.96,27.04,10.57,3,Semi-Urban Market Town,"Doithan serves as a pivotal commercial hub for surrounding rural agrarian villages, providing essential retail, agricultural supplies, and trade services.","Scope for agro-input supply centers, hardware and cement stores, mobile repair shops, local restaurants, and daily consumer goods distribution.",0,Developing Market (Mid Tier),21.34,6.31,42.0
Beed,Patoda,Patoda Town,15.61,22.44,33.42,68.94,31.06,11.23,3,Semi-Urban Market Town,"Patoda Town serves as a pivotal commercial hub for surrounding rural agrarian villages, providing essential retail, agricultural supplies, and trade services.","Scope for agro-input supply centers, hardware and cement stores, mobile repair shops, local restaurants, and daily consumer goods distribution.",1,High Opportunity (Affordable / High Upside),22.17,6.56,42.0
Beed,Patoda,Sautada Waterfall,14.87,22.35,33.56,60.86,39.14,11.27,3,Semi-Urban Market Town,"Sautada Waterfall serves as a pivotal commercial hub for surrounding rural agrarian villages, providing essential retail, agricultural supplies, and trade services.","Scope for agro-input supply centers, hardware and cement stores, mobile repair shops, local restaurants, and daily consumer goods distribution.",1,High Opportunity (Affordable / High Upside),21.12,6.25,42.0
Beed,Patoda,Amalner Beed,11.87,17.11,25.69,63.88,36.12,8.68,3,Education & Knowledge Hub,"Amalner Beed is a prominent regional education destination with colleges, competitive exam coaching institutes, and a large annual influx of students.","High scope for student hostels, PG rentals, reading libraries/study spaces, stationery publishing, and quick-service student food stalls.",1,High Opportunity (Affordable / High Upside),16.86,4.99,42.0
Beed,Patoda,Rohatwadi,9.62,13.76,22.49,59.65,40.35,7.27,3,Semi-Urban Market Town,"Rohatwadi serves as a pivotal commercial hub for surrounding rural agrarian villages, providing essential retail, agricultural supplies, and trade services.","Scope for agro-input supply centers, hardware and cement stores, mobile repair shops, local restaurants, and daily consumer goods distribution.",1,High Opportunity (Affordable / High Upside),13.66,4.04,42.0
Beed,Shirur Kasar,Shirur Kasar Town,12.8,19.02,27.69,67.92,32.08,9.04,3,Semi-Urban Market Town,"Shirur Kasar Town serves as a pivotal commercial hub for surrounding rural agrarian villages, providing essential retail, agricultural supplies, and trade services.","Scope for agro-input supply centers, hardware and cement stores, mobile repair shops, local restaurants, and daily consumer goods distribution.",1,High Opportunity (Affordable / High Upside),18.18,5.38,42.0
Beed,Shirur Kasar,Takarwan,12.34,18.9,28.73,63.91,36.09,8.69,3,Semi-Urban Market Town,"Takarwan serves as a pivotal commercial hub for surrounding rural agrarian villages, providing essential retail, agricultural supplies, and trade services.","Scope for agro-input supply centers, hardware and cement stores, mobile repair shops, local restaurants, and daily consumer goods distribution.",1,High Opportunity (Affordable / High Upside),17.52,5.18,42.0
Beed,Shirur Kasar,Rai Moha,8.19,12.66,17.25,60.2,39.8,5.89,3,Semi-Urban Market Town,"Rai Moha serves as a pivotal commercial hub for surrounding rural agrarian villages, providing essential retail, agricultural supplies, and trade services.","Scope for agro-input supply centers, hardware and cement stores, mobile repair shops, local restaurants, and daily consumer goods distribution.",1,High Opportunity (Affordable / High Upside),11.63,3.44,42.0
Beed,Shirur Kasar,Gomalwada,15.74,24.29,32.51,62.06,37.94,11.28,3,Semi-Urban Market Town,"Gomalwada serves as a pivotal commercial hub for surrounding rural agrarian villages, providing essential retail, agricultural supplies, and trade services.","Scope for agro-input supply centers, hardware and cement stores, mobile repair shops, local restaurants, and daily consumer goods distribution.",1,High Opportunity (Affordable / High Upside),22.35,6.61,42.0
Beed,Wadwani,Wadwani Town,8.5,13.33,19.42,60.7,39.3,6.44,3,Semi-Urban Market Town,"Wadwani Town serves as a pivotal commercial hub for surrounding rural agrarian villages, providing essential retail, agricultural supplies, and trade services.","Scope for agro-input supply centers, hardware and cement stores, mobile repair shops, local restaurants, and daily consumer goods distribution.",1,High Opportunity (Affordable / High Upside),12.07,3.57,42.0
Beed,Wadwani,Chinchwan,14.55,22.27,33.03,58.07,41.93,10.17,3,Semi-Urban Market Town,"Chinchwan serves as a pivotal commercial hub for surrounding rural agrarian villages, providing essential retail, agricultural supplies, and trade services.","Scope for agro-input supply centers, hardware and cement stores, mobile repair shops, local restaurants, and daily consumer goods distribution.",1,High Opportunity (Affordable / High Upside),20.66,6.11,42.0
Beed,Wadwani,Kotharban,7.37,10.84,15.42,60.21,39.79,5.12,3,Semi-Urban Market Town,"Kotharban serves as a pivotal commercial hub for surrounding rural agrarian villages, providing essential retail, agricultural supplies, and trade services.","Scope for agro-input supply centers, hardware and cement stores, mobile repair shops, local restaurants, and daily consumer goods distribution.",1,High Opportunity (Affordable / High Upside),10.47,3.1,42.1
Beed,Wadwani,Devgaon Wadwani,12.06,17.19,25.98,61.88,38.12,8.56,3,Semi-Urban Market Town,"Devgaon Wadwani serves as a pivotal commercial hub for surrounding rural agrarian villages, providing essential retail, agricultural supplies, and trade services.","Scope for agro-input supply centers, hardware and cement stores, mobile repair shops, local restaurants, and daily consumer goods distribution.",1,High Opportunity (Affordable / High Upside),17.13,5.07,42.0
Beed,Dharur,Dharur Fort Town,11.86,17.15,25.49,73.41,26.59,8.45,3,Pilgrimage & Heritage Tourism,"Dharur Fort Town is a sacred pilgrimage and historical landmark attracting millions of spiritual seekers, cultural travelers, and weekend tourists throughout the year.","High scope for modern budget hotels, devotional souvenir retail, pure-veg multi-cuisine restaurants, passenger cab services, and travel booking desks.",0,Developing Market (Mid Tier),16.84,4.98,42.0
Beed,Dharur,Kasarwadi,11.49,16.58,25.29,61.4,38.6,7.82,3,Semi-Urban Market Town,"Kasarwadi serves as a pivotal commercial hub for surrounding rural agrarian villages, providing essential retail, agricultural supplies, and trade services.","Scope for agro-input supply centers, hardware and cement stores, mobile repair shops, local restaurants, and daily consumer goods distribution.",1,High Opportunity (Affordable / High Upside),16.32,4.83,42.0
Beed,Dharur,Chinchpur,13.65,21.51,29.47,69.11,30.89,9.8,3,Semi-Urban Market Town,"Chinchpur serves as a pivotal commercial hub for surrounding rural agrarian villages, providing essential retail, agricultural supplies, and trade services.","Scope for agro-input supply centers, hardware and cement stores, mobile repair shops, local restaurants, and daily consumer goods distribution.",1,High Opportunity (Affordable / High Upside),19.38,5.73,42.0
Beed,Dharur,Telgaon,9.61,15.1,22.81,66.47,33.53,6.65,3,Semi-Urban Market Town,"Telgaon serves as a pivotal commercial hub for surrounding rural agrarian villages, providing essential retail, agricultural supplies, and trade services.","Scope for agro-input supply centers, hardware and cement stores, mobile repair shops, local restaurants, and daily consumer goods distribution.",1,High Opportunity (Affordable / High Upside),13.65,4.04,42.0
Latur,Latur,Latur City Education Hub,16.78,26.26,36.85,73.78,26.22,12.39,3,Education & Knowledge Hub,"Latur City Education Hub is a prominent regional education destination with colleges, competitive exam coaching institutes, and a large annual influx of students.","High scope for student hostels, PG rentals, reading libraries/study spaces, stationery publishing, and quick-service student food stalls.",0,Developing Market (Mid Tier),23.83,7.05,42.0
Latur,Latur,MIDC Latur,20.8,30.0,46.42,66.16,33.84,14.81,3,Industrial & Automotive MIDC,"MIDC Latur is a planned industrial manufacturing ecosystem supporting heavy engineering, automotive assembly, chemical plants, and precision component fabrication.","Robust scope for industrial hardware supply, scrap recycling, contractual worker transport, industrial safety gear, and CNC tooling services.",1,High Opportunity (Affordable / High Upside),29.54,8.74,42.0
Latur,Latur,Ausa Road,20.09,29.96,41.8,61.1,38.9,14.69,3,Education & Knowledge Hub,"Ausa Road is a prominent regional education destination with colleges, competitive exam coaching institutes, and a large annual influx of students.","High scope for student hostels, PG rentals, reading libraries/study spaces, stationery publishing, and quick-service student food stalls.",1,High Opportunity (Affordable / High Upside),28.53,8.44,42.0
Latur,Latur,Ganjgolai,17.0,24.74,40.1,65.56,34.44,11.59,3,Education & Knowledge Hub,"Ganjgolai is a prominent regional education destination with colleges, competitive exam coaching institutes, and a large annual influx of students.","High scope for student hostels, PG rentals, reading libraries/study spaces, stationery publishing, and quick-service student food stalls.",1,High Opportunity (Affordable / High Upside),24.14,7.14,42.0
Latur,Latur,Harangul,16.46,24.55,37.39,61.75,38.25,11.87,3,Education & Knowledge Hub,"Harangul is a prominent regional education destination with colleges, competitive exam coaching institutes, and a large annual influx of students.","High scope for student hostels, PG rentals, reading libraries/study spaces, stationery publishing, and quick-service student food stalls.",1,High Opportunity (Affordable / High Upside),23.37,6.91,42.0
Latur,Latur,Murud Latur,12.33,18.14,27.74,78.87,21.13,9.28,3,Coastal Tourism & Fishery Hub,"Murud Latur is a scenic Konkan coastal haven known for untouched sandy beaches, rich marine fisheries, water sports, and thriving seaside eco-resort tourism.","Exceptional scope for beach resorts, water sports operations, seafood cold processing and export, agro-tourism villas, and tourist boat services.",0,Developing Market (Mid Tier),17.51,5.18,42.0
Latur,Latur,Khadgaon,14.33,20.69,33.41,67.39,32.61,10.17,3,Education & Knowledge Hub,"Khadgaon is a prominent regional education destination with colleges, competitive exam coaching institutes, and a large annual influx of students.","High scope for student hostels, PG rentals, reading libraries/study spaces, stationery publishing, and quick-service student food stalls.",1,High Opportunity (Affordable / High Upside),20.35,6.02,42.0
Latur,Udgir,Udgir Historical City,13.42,19.81,31.84,77.49,22.51,9.22,3,Semi-Urban Market Town,"Udgir Historical City serves as a pivotal commercial hub for surrounding rural agrarian villages, providing essential retail, agricultural supplies, and trade services.","Scope for agro-input supply centers, hardware and cement stores, mobile repair shops, local restaurants, and daily consumer goods distribution.",0,Developing Market (Mid Tier),19.06,5.64,42.0
Latur,Udgir,MIDC Udgir,18.73,27.93,44.53,76.07,23.93,13.17,3,Industrial & Automotive MIDC,"MIDC Udgir is a planned industrial manufacturing ecosystem supporting heavy engineering, automotive assembly, chemical plants, and precision component fabrication.","Robust scope for industrial hardware supply, scrap recycling, contractual worker transport, industrial safety gear, and CNC tooling services.",0,Developing Market (Mid Tier),26.6,7.87,42.0
Latur,Udgir,Devarjan,19.67,30.99,43.07,77.93,22.07,13.6,3,Semi-Urban Market Town,"Devarjan serves as a pivotal commercial hub for surrounding rural agrarian villages, providing essential retail, agricultural supplies, and trade services.","Scope for agro-input supply centers, hardware and cement stores, mobile repair shops, local restaurants, and daily consumer goods distribution.",0,Developing Market (Mid Tier),27.93,8.26,42.0
Latur,Udgir,Her,17.05,24.45,36.12,69.49,30.51,12.78,3,Semi-Urban Market Town,"Her serves as a pivotal commercial hub for surrounding rural agrarian villages, providing essential retail, agricultural supplies, and trade services.","Scope for agro-input supply centers, hardware and cement stores, mobile repair shops, local restaurants, and daily consumer goods distribution.",1,High Opportunity (Affordable / High Upside),24.21,7.16,42.0
Latur,Udgir,Nideban,21.84,31.24,51.69,75.12,24.88,15.01,3,Semi-Urban Market Town,"Nideban serves as a pivotal commercial hub for surrounding rural agrarian villages, providing essential retail, agricultural supplies, and trade services.","Scope for agro-input supply centers, hardware and cement stores, mobile repair shops, local restaurants, and daily consumer goods distribution.",0,Developing Market (Mid Tier),31.01,9.17,42.0
Latur,Udgir,Mogha,14.91,23.35,32.61,71.12,28.88,10.99,3,Semi-Urban Market Town,"Mogha serves as a pivotal commercial hub for surrounding rural agrarian villages, providing essential retail, agricultural supplies, and trade services.","Scope for agro-input supply centers, hardware and cement stores, mobile repair shops, local restaurants, and daily consumer goods distribution.",0,Developing Market (Mid Tier),21.17,6.26,42.0
Latur,Ausa,Ausa Fort Town,19.06,27.48,40.24,67.64,32.36,13.81,3,Pilgrimage & Heritage Tourism,"Ausa Fort Town is a sacred pilgrimage and historical landmark attracting millions of spiritual seekers, cultural travelers, and weekend tourists throughout the year.","High scope for modern budget hotels, devotional souvenir retail, pure-veg multi-cuisine restaurants, passenger cab services, and travel booking desks.",1,High Opportunity (Affordable / High Upside),27.07,8.01,42.0
Latur,Ausa,Killari Earthquake Memorial,10.51,16.31,24.44,66.08,33.92,7.62,3,Semi-Urban Market Town,"Killari Earthquake Memorial serves as a pivotal commercial hub for surrounding rural agrarian villages, providing essential retail, agricultural supplies, and trade services.","Scope for agro-input supply centers, hardware and cement stores, mobile repair shops, local restaurants, and daily consumer goods distribution.",1,High Opportunity (Affordable / High Upside),14.92,4.41,42.0
Latur,Ausa,Matola,15.56,22.16,31.91,65.25,34.75,11.77,3,Semi-Urban Market Town,"Matola serves as a pivotal commercial hub for surrounding rural agrarian villages, providing essential retail, agricultural supplies, and trade services.","Scope for agro-input supply centers, hardware and cement stores, mobile repair shops, local restaurants, and daily consumer goods distribution.",1,High Opportunity (Affordable / High Upside),22.1,6.54,42.0
Latur,Ausa,Lodga,20.01,29.93,45.34,77.85,22.15,14.27,3,Semi-Urban Market Town,"Lodga serves as a pivotal commercial hub for surrounding rural agrarian villages, providing essential retail, agricultural supplies, and trade services.","Scope for agro-input supply centers, hardware and cement stores, mobile repair shops, local restaurants, and daily consumer goods distribution.",0,Developing Market (Mid Tier),28.41,8.4,42.0
Latur,Ausa,Almala,15.9,24.33,33.88,62.39,37.61,11.16,3,Semi-Urban Market Town,"Almala serves as a pivotal commercial hub for surrounding rural agrarian villages, providing essential retail, agricultural supplies, and trade services.","Scope for agro-input supply centers, hardware and cement stores, mobile repair shops, local restaurants, and daily consumer goods distribution.",1,High Opportunity (Affordable / High Upside),22.58,6.68,42.0
Latur,Nilanga,Nilanga Town,21.93,31.37,50.35,71.62,28.38,15.9,3,Semi-Urban Market Town,"Nilanga Town serves as a pivotal commercial hub for surrounding rural agrarian villages, providing essential retail, agricultural supplies, and trade services.","Scope for agro-input supply centers, hardware and cement stores, mobile repair shops, local restaurants, and daily consumer goods distribution.",0,Developing Market (Mid Tier),31.14,9.21,42.0
Latur,Nilanga,Aurad Shahajani,20.42,31.05,45.07,73.88,26.12,14.08,3,Semi-Urban Market Town,"Aurad Shahajani serves as a pivotal commercial hub for surrounding rural agrarian villages, providing essential retail, agricultural supplies, and trade services.","Scope for agro-input supply centers, hardware and cement stores, mobile repair shops, local restaurants, and daily consumer goods distribution.",0,Developing Market (Mid Tier),29.0,8.58,42.0
Latur,Nilanga,Kasarsirshi,16.15,24.42,37.61,63.26,36.74,11.06,3,Semi-Urban Market Town,"Kasarsirshi serves as a pivotal commercial hub for surrounding rural agrarian villages, providing essential retail, agricultural supplies, and trade services.","Scope for agro-input supply centers, hardware and cement stores, mobile repair shops, local restaurants, and daily consumer goods distribution.",1,High Opportunity (Affordable / High Upside),22.93,6.78,42.0
Latur,Nilanga,Madansuri,13.84,21.6,28.99,63.27,36.73,9.71,3,Semi-Urban Market Town,"Madansuri serves as a pivotal commercial hub for surrounding rural agrarian villages, providing essential retail, agricultural supplies, and trade services.","Scope for agro-input supply centers, hardware and cement stores, mobile repair shops, local restaurants, and daily consumer goods distribution.",1,High Opportunity (Affordable / High Upside),19.65,5.81,42.0
Latur,Nilanga,Ambegao,15.03,23.54,32.58,65.8,34.2,10.86,3,Semi-Urban Market Town,"Ambegao serves as a pivotal commercial hub for surrounding rural agrarian villages, providing essential retail, agricultural supplies, and trade services.","Scope for agro-input supply centers, hardware and cement stores, mobile repair shops, local restaurants, and daily consumer goods distribution.",1,High Opportunity (Affordable / High Upside),21.34,6.31,42.0
Latur,Ahmedpur,Ahmedpur Town,21.24,31.91,48.91,63.66,36.34,14.6,3,Semi-Urban Market Town,"Ahmedpur Town serves as a pivotal commercial hub for surrounding rural agrarian villages, providing essential retail, agricultural supplies, and trade services.","Scope for agro-input supply centers, hardware and cement stores, mobile repair shops, local restaurants, and daily consumer goods distribution.",1,High Opportunity (Affordable / High Upside),30.16,8.92,42.0
Latur,Ahmedpur,Shirur Tajband,19.03,28.68,44.49,76.54,23.46,13.98,3,Semi-Urban Market Town,"Shirur Tajband serves as a pivotal commercial hub for surrounding rural agrarian villages, providing essential retail, agricultural supplies, and trade services.","Scope for agro-input supply centers, hardware and cement stores, mobile repair shops, local restaurants, and daily consumer goods distribution.",0,Developing Market (Mid Tier),27.02,7.99,42.0
Latur,Ahmedpur,Khandali,13.61,20.82,30.99,61.92,38.08,9.89,3,Semi-Urban Market Town,"Khandali serves as a pivotal commercial hub for surrounding rural agrarian villages, providing essential retail, agricultural supplies, and trade services.","Scope for agro-input supply centers, hardware and cement stores, mobile repair shops, local restaurants, and daily consumer goods distribution.",1,High Opportunity (Affordable / High Upside),19.33,5.72,42.0
Latur,Ahmedpur,Andhori,19.88,28.27,44.15,67.46,32.54,14.29,3,Semi-Urban Market Town,"Andhori serves as a pivotal commercial hub for surrounding rural agrarian villages, providing essential retail, agricultural supplies, and trade services.","Scope for agro-input supply centers, hardware and cement stores, mobile repair shops, local restaurants, and daily consumer goods distribution.",1,High Opportunity (Affordable / High Upside),28.23,8.35,42.0
Latur,Chakur,Chakur Town,14.08,22.05,29.34,63.09,36.91,9.82,3,Semi-Urban Market Town,"Chakur Town serves as a pivotal commercial hub for surrounding rural agrarian villages, providing essential retail, agricultural supplies, and trade services.","Scope for agro-input supply centers, hardware and cement stores, mobile repair shops, local restaurants, and daily consumer goods distribution.",1,High Opportunity (Affordable / High Upside),19.99,5.91,42.0
Latur,Chakur,Nalegaon,12.26,19.17,27.61,76.63,23.37,8.85,3,Semi-Urban Market Town,"Nalegaon serves as a pivotal commercial hub for surrounding rural agrarian villages, providing essential retail, agricultural supplies, and trade services.","Scope for agro-input supply centers, hardware and cement stores, mobile repair shops, local restaurants, and daily consumer goods distribution.",0,Developing Market (Mid Tier),17.41,5.15,42.0
Latur,Chakur,Chapoli Dam,16.39,24.72,37.69,62.28,37.72,11.75,3,Semi-Urban Market Town,"Chapoli Dam serves as a pivotal commercial hub for surrounding rural agrarian villages, providing essential retail, agricultural supplies, and trade services.","Scope for agro-input supply centers, hardware and cement stores, mobile repair shops, local restaurants, and daily consumer goods distribution.",1,High Opportunity (Affordable / High Upside),23.27,6.88,42.0
Latur,Chakur,Wadwal Nagnath Herbal Hill,10.92,16.94,25.71,69.59,30.41,7.7,3,Semi-Urban Market Town,"Wadwal Nagnath Herbal Hill serves as a pivotal commercial hub for surrounding rural agrarian villages, providing essential retail, agricultural supplies, and trade services.","Scope for agro-input supply centers, hardware and cement stores, mobile repair shops, local restaurants, and daily consumer goods distribution.",1,High Opportunity (Affordable / High Upside),15.51,4.59,42.0
Latur,Renapur,Renapur Town,14.35,22.25,33.63,71.95,28.05,10.63,3,Semi-Urban Market Town,"Renapur Town serves as a pivotal commercial hub for surrounding rural agrarian villages, providing essential retail, agricultural supplies, and trade services.","Scope for agro-input supply centers, hardware and cement stores, mobile repair shops, local restaurants, and daily consumer goods distribution.",0,Developing Market (Mid Tier),20.38,6.03,42.0
Latur,Renapur,Pangaon,14.1,21.62,29.04,76.29,23.71,9.84,3,Semi-Urban Market Town,"Pangaon serves as a pivotal commercial hub for surrounding rural agrarian villages, providing essential retail, agricultural supplies, and trade services.","Scope for agro-input supply centers, hardware and cement stores, mobile repair shops, local restaurants, and daily consumer goods distribution.",0,Developing Market (Mid Tier),20.02,5.92,42.0
Latur,Renapur,Motegaon,20.28,29.26,43.09,62.51,37.49,14.0,3,Semi-Urban Market Town,"Motegaon serves as a pivotal commercial hub for surrounding rural agrarian villages, providing essential retail, agricultural supplies, and trade services.","Scope for agro-input supply centers, hardware and cement stores, mobile repair shops, local restaurants, and daily consumer goods distribution.",1,High Opportunity (Affordable / High Upside),28.8,8.52,42.0
Latur,Renapur,Khamaswadi,10.94,16.74,25.26,61.55,38.45,8.12,3,Semi-Urban Market Town,"Khamaswadi serves as a pivotal commercial hub for surrounding rural agrarian villages, providing essential retail, agricultural supplies, and trade services.","Scope for agro-input supply centers, hardware and cement stores, mobile repair shops, local restaurants, and daily consumer goods distribution.",1,High Opportunity (Affordable / High Upside),15.53,4.59,42.0
Latur,Deoni,Deoni Cattle Breed Hub,19.09,27.24,39.81,75.86,24.14,13.77,3,Semi-Urban Market Town,"Deoni Cattle Breed Hub serves as a pivotal commercial hub for surrounding rural agrarian villages, providing essential retail, agricultural supplies, and trade services.","Scope for agro-input supply centers, hardware and cement stores, mobile repair shops, local restaurants, and daily consumer goods distribution.",0,Developing Market (Mid Tier),27.11,8.02,42.0
Latur,Deoni,Walandi,10.71,15.41,22.85,61.32,38.68,7.85,3,Semi-Urban Market Town,"Walandi serves as a pivotal commercial hub for surrounding rural agrarian villages, providing essential retail, agricultural supplies, and trade services.","Scope for agro-input supply centers, hardware and cement stores, mobile repair shops, local restaurants, and daily consumer goods distribution.",1,High Opportunity (Affordable / High Upside),15.21,4.5,42.0
Latur,Deoni,Dhanegaon,19.05,29.44,44.84,64.11,35.89,14.33,3,Semi-Urban Market Town,"Dhanegaon serves as a pivotal commercial hub for surrounding rural agrarian villages, providing essential retail, agricultural supplies, and trade services.","Scope for agro-input supply centers, hardware and cement stores, mobile repair shops, local restaurants, and daily consumer goods distribution.",1,High Opportunity (Affordable / High Upside),27.05,8.0,42.0
Latur,Deoni,Bopala,12.22,18.04,25.42,76.92,23.08,9.23,3,Semi-Urban Market Town,"Bopala serves as a pivotal commercial hub for surrounding rural agrarian villages, providing essential retail, agricultural supplies, and trade services.","Scope for agro-input supply centers, hardware and cement stores, mobile repair shops, local restaurants, and daily consumer goods distribution.",0,Developing Market (Mid Tier),17.35,5.13,42.0
Latur,Shirur Anantpal,Shirur Anantpal Town,21.39,31.56,44.98,70.01,29.99,15.79,3,Semi-Urban Market Town,"Shirur Anantpal Town serves as a pivotal commercial hub for surrounding rural agrarian villages, providing essential retail, agricultural supplies, and trade services.","Scope for agro-input supply centers, hardware and cement stores, mobile repair shops, local restaurants, and daily consumer goods distribution.",0,Developing Market (Mid Tier),30.37,8.98,42.0
Latur,Shirur Anantpal,Sakol,12.9,19.49,26.87,71.56,28.44,8.79,3,Semi-Urban Market Town,"Sakol serves as a pivotal commercial hub for surrounding rural agrarian villages, providing essential retail, agricultural supplies, and trade services.","Scope for agro-input supply centers, hardware and cement stores, mobile repair shops, local restaurants, and daily consumer goods distribution.",0,Developing Market (Mid Tier),18.32,5.42,42.0
Latur,Shirur Anantpal,Dholegaon,12.6,18.28,27.0,78.03,21.97,9.11,3,Semi-Urban Market Town,"Dholegaon serves as a pivotal commercial hub for surrounding rural agrarian villages, providing essential retail, agricultural supplies, and trade services.","Scope for agro-input supply centers, hardware and cement stores, mobile repair shops, local restaurants, and daily consumer goods distribution.",0,Developing Market (Mid Tier),17.89,5.29,42.0
Latur,Jalkot,Jalkot Town,21.68,31.13,45.98,70.08,29.92,15.97,3,Semi-Urban Market Town,"Jalkot Town serves as a pivotal commercial hub for surrounding rural agrarian villages, providing essential retail, agricultural supplies, and trade services.","Scope for agro-input supply centers, hardware and cement stores, mobile repair shops, local restaurants, and daily consumer goods distribution.",0,Developing Market (Mid Tier),30.79,9.11,42.0
Latur,Jalkot,Kallur,14.4,21.81,31.61,79.15,20.85,10.0,3,Semi-Urban Market Town,"Kallur serves as a pivotal commercial hub for surrounding rural agrarian villages, providing essential retail, agricultural supplies, and trade services.","Scope for agro-input supply centers, hardware and cement stores, mobile repair shops, local restaurants, and daily consumer goods distribution.",0,Developing Market (Mid Tier),20.45,6.05,42.0
Latur,Jalkot,Dhamangaon Jalkot,14.26,21.12,30.24,64.55,35.45,9.83,3,Semi-Urban Market Town,"Dhamangaon Jalkot serves as a pivotal commercial hub for surrounding rural agrarian villages, providing essential retail, agricultural supplies, and trade services.","Scope for agro-input supply centers, hardware and cement stores, mobile repair shops, local restaurants, and daily consumer goods distribution.",1,High Opportunity (Affordable / High Upside),20.25,5.99,42.0
Dharashiv (Osmanabad),Dharashiv,Dharashiv City,15.86,22.83,33.09,57.85,42.15,11.75,3,Semi-Urban Market Town,"Dharashiv City serves as a pivotal commercial hub for surrounding rural agrarian villages, providing essential retail, agricultural supplies, and trade services.","Scope for agro-input supply centers, hardware and cement stores, mobile repair shops, local restaurants, and daily consumer goods distribution.",1,High Opportunity (Affordable / High Upside),22.52,6.66,42.0
Dharashiv (Osmanabad),Dharashiv,Caves Area,13.34,20.13,27.53,61.89,38.11,9.19,3,Pilgrimage & Heritage Tourism,"Caves Area is a sacred pilgrimage and historical landmark attracting millions of spiritual seekers, cultural travelers, and weekend tourists throughout the year.","High scope for modern budget hotels, devotional souvenir retail, pure-veg multi-cuisine restaurants, passenger cab services, and travel booking desks.",1,High Opportunity (Affordable / High Upside),18.94,5.6,42.0
Dharashiv (Osmanabad),Dharashiv,MIDC Dharashiv,9.55,14.48,20.56,75.5,24.5,6.83,3,Industrial & Automotive MIDC,"MIDC Dharashiv is a planned industrial manufacturing ecosystem supporting heavy engineering, automotive assembly, chemical plants, and precision component fabrication.","Robust scope for industrial hardware supply, scrap recycling, contractual worker transport, industrial safety gear, and CNC tooling services.",0,Developing Market (Mid Tier),13.56,4.01,42.0
Dharashiv (Osmanabad),Dharashiv,Yedshi Ramling Sanctuary,11.99,17.58,27.96,58.96,41.04,8.22,3,Semi-Urban Market Town,"Yedshi Ramling Sanctuary serves as a pivotal commercial hub for surrounding rural agrarian villages, providing essential retail, agricultural supplies, and trade services.","Scope for agro-input supply centers, hardware and cement stores, mobile repair shops, local restaurants, and daily consumer goods distribution.",1,High Opportunity (Affordable / High Upside),17.03,5.04,42.0
Dharashiv (Osmanabad),Dharashiv,Ter Historic Town,14.57,21.8,33.13,58.77,41.23,11.07,3,Semi-Urban Market Town,"Ter Historic Town serves as a pivotal commercial hub for surrounding rural agrarian villages, providing essential retail, agricultural supplies, and trade services.","Scope for agro-input supply centers, hardware and cement stores, mobile repair shops, local restaurants, and daily consumer goods distribution.",1,High Opportunity (Affordable / High Upside),20.69,6.12,42.0
Dharashiv (Osmanabad),Dharashiv,Dhoki,11.42,16.41,25.06,68.83,31.17,7.84,3,Semi-Urban Market Town,"Dhoki serves as a pivotal commercial hub for surrounding rural agrarian villages, providing essential retail, agricultural supplies, and trade services.","Scope for agro-input supply centers, hardware and cement stores, mobile repair shops, local restaurants, and daily consumer goods distribution.",1,High Opportunity (Affordable / High Upside),16.22,4.8,42.0
Dharashiv (Osmanabad),Tuljapur,Tuljapur Bhavani Mata Temple City,8.29,12.3,18.61,57.14,42.86,6.25,3,Pilgrimage & Heritage Tourism,"Tuljapur Bhavani Mata Temple City is a sacred pilgrimage and historical landmark attracting millions of spiritual seekers, cultural travelers, and weekend tourists throughout the year.","High scope for modern budget hotels, devotional souvenir retail, pure-veg multi-cuisine restaurants, passenger cab services, and travel booking desks.",1,High Opportunity (Affordable / High Upside),11.77,3.48,42.0
Dharashiv (Osmanabad),Tuljapur,Naldurg Historical Fort Town,15.8,22.6,37.47,62.11,37.89,11.5,3,Pilgrimage & Heritage Tourism,"Naldurg Historical Fort Town is a sacred pilgrimage and historical landmark attracting millions of spiritual seekers, cultural travelers, and weekend tourists throughout the year.","High scope for modern budget hotels, devotional souvenir retail, pure-veg multi-cuisine restaurants, passenger cab services, and travel booking desks.",1,High Opportunity (Affordable / High Upside),22.44,6.64,42.0
Dharashiv (Osmanabad),Tuljapur,Ganjoti,15.92,22.92,37.04,70.23,29.77,11.18,3,Pilgrimage & Heritage Tourism,"Ganjoti is a sacred pilgrimage and historical landmark attracting millions of spiritual seekers, cultural travelers, and weekend tourists throughout the year.","High scope for modern budget hotels, devotional souvenir retail, pure-veg multi-cuisine restaurants, passenger cab services, and travel booking desks.",0,Developing Market (Mid Tier),22.61,6.69,42.0
Dharashiv (Osmanabad),Tuljapur,Mangrul,13.42,20.31,28.72,71.58,28.42,9.82,3,Pilgrimage & Heritage Tourism,"Mangrul is a sacred pilgrimage and historical landmark attracting millions of spiritual seekers, cultural travelers, and weekend tourists throughout the year.","High scope for modern budget hotels, devotional souvenir retail, pure-veg multi-cuisine restaurants, passenger cab services, and travel booking desks.",0,Developing Market (Mid Tier),19.06,5.64,42.0
Dharashiv (Osmanabad),Tuljapur,Sindhphal,10.6,15.86,23.84,63.49,36.51,7.62,3,Pilgrimage & Heritage Tourism,"Sindhphal is a sacred pilgrimage and historical landmark attracting millions of spiritual seekers, cultural travelers, and weekend tourists throughout the year.","High scope for modern budget hotels, devotional souvenir retail, pure-veg multi-cuisine restaurants, passenger cab services, and travel booking desks.",1,High Opportunity (Affordable / High Upside),15.05,4.45,42.0
Dharashiv (Osmanabad),Omerga,Omerga Town,9.51,14.67,19.83,60.26,39.74,6.85,3,Semi-Urban Market Town,"Omerga Town serves as a pivotal commercial hub for surrounding rural agrarian villages, providing essential retail, agricultural supplies, and trade services.","Scope for agro-input supply centers, hardware and cement stores, mobile repair shops, local restaurants, and daily consumer goods distribution.",1,High Opportunity (Affordable / High Upside),13.5,3.99,42.0
Dharashiv (Osmanabad),Omerga,Murum Commercial Hub,12.66,18.25,26.37,56.11,43.89,8.68,3,Semi-Urban Market Town,"Murum Commercial Hub serves as a pivotal commercial hub for surrounding rural agrarian villages, providing essential retail, agricultural supplies, and trade services.","Scope for agro-input supply centers, hardware and cement stores, mobile repair shops, local restaurants, and daily consumer goods distribution.",1,High Opportunity (Affordable / High Upside),17.98,5.32,42.0
Dharashiv (Osmanabad),Omerga,Madaj,13.1,20.64,28.51,69.26,30.74,9.07,3,Semi-Urban Market Town,"Madaj serves as a pivotal commercial hub for surrounding rural agrarian villages, providing essential retail, agricultural supplies, and trade services.","Scope for agro-input supply centers, hardware and cement stores, mobile repair shops, local restaurants, and daily consumer goods distribution.",1,High Opportunity (Affordable / High Upside),18.6,5.5,42.0
Dharashiv (Osmanabad),Omerga,Turori,12.6,18.09,26.15,70.78,29.22,9.34,3,Semi-Urban Market Town,"Turori serves as a pivotal commercial hub for surrounding rural agrarian villages, providing essential retail, agricultural supplies, and trade services.","Scope for agro-input supply centers, hardware and cement stores, mobile repair shops, local restaurants, and daily consumer goods distribution.",0,Developing Market (Mid Tier),17.89,5.29,42.0
Dharashiv (Osmanabad),Omerga,Yenegur,14.13,20.52,32.05,65.3,34.7,9.9,3,Semi-Urban Market Town,"Yenegur serves as a pivotal commercial hub for surrounding rural agrarian villages, providing essential retail, agricultural supplies, and trade services.","Scope for agro-input supply centers, hardware and cement stores, mobile repair shops, local restaurants, and daily consumer goods distribution.",1,High Opportunity (Affordable / High Upside),20.06,5.93,42.0
Dharashiv (Osmanabad),Kalamb,Kalamb Town,10.09,15.72,22.5,75.0,25.0,6.89,3,Semi-Urban Market Town,"Kalamb Town serves as a pivotal commercial hub for surrounding rural agrarian villages, providing essential retail, agricultural supplies, and trade services.","Scope for agro-input supply centers, hardware and cement stores, mobile repair shops, local restaurants, and daily consumer goods distribution.",0,Developing Market (Mid Tier),14.33,4.24,42.0
Dharashiv (Osmanabad),Kalamb,Dhiksal,10.87,17.03,23.66,61.61,38.39,7.72,3,Semi-Urban Market Town,"Dhiksal serves as a pivotal commercial hub for surrounding rural agrarian villages, providing essential retail, agricultural supplies, and trade services.","Scope for agro-input supply centers, hardware and cement stores, mobile repair shops, local restaurants, and daily consumer goods distribution.",1,High Opportunity (Affordable / High Upside),15.44,4.57,42.0
Dharashiv (Osmanabad),Kalamb,Shiradhon,11.14,15.88,24.88,73.07,26.93,7.85,3,Semi-Urban Market Town,"Shiradhon serves as a pivotal commercial hub for surrounding rural agrarian villages, providing essential retail, agricultural supplies, and trade services.","Scope for agro-input supply centers, hardware and cement stores, mobile repair shops, local restaurants, and daily consumer goods distribution.",0,Developing Market (Mid Tier),15.82,4.68,42.0
Dharashiv (Osmanabad),Kalamb,Ekurka,13.35,20.01,27.96,70.03,29.97,9.6,3,Semi-Urban Market Town,"Ekurka serves as a pivotal commercial hub for surrounding rural agrarian villages, providing essential retail, agricultural supplies, and trade services.","Scope for agro-input supply centers, hardware and cement stores, mobile repair shops, local restaurants, and daily consumer goods distribution.",1,High Opportunity (Affordable / High Upside),18.96,5.61,42.0
Dharashiv (Osmanabad),Bhum,Bhum Town,7.98,12.19,18.1,69.39,30.61,5.79,3,Semi-Urban Market Town,"Bhum Town serves as a pivotal commercial hub for surrounding rural agrarian villages, providing essential retail, agricultural supplies, and trade services.","Scope for agro-input supply centers, hardware and cement stores, mobile repair shops, local restaurants, and daily consumer goods distribution.",1,High Opportunity (Affordable / High Upside),11.33,3.35,42.0
Dharashiv (Osmanabad),Bhum,Walwad,11.28,17.56,25.01,63.22,36.78,8.12,3,Dairy & Cooperative Sugar Belt,"Walwad is a prosperous cooperative powerhouse known for intensive sugarcane farming, modern milk processing plants, and robust agrarian entrepreneurship.","High scope for dairy value-add processing (cheese, paneer), cattle feed distribution, agricultural machinery repair, and solar pumps.",1,High Opportunity (Affordable / High Upside),16.02,4.74,42.0
Dharashiv (Osmanabad),Bhum,It,15.74,23.9,34.1,75.53,24.47,11.11,3,Semi-Urban Market Town,"It serves as a pivotal commercial hub for surrounding rural agrarian villages, providing essential retail, agricultural supplies, and trade services.","Scope for agro-input supply centers, hardware and cement stores, mobile repair shops, local restaurants, and daily consumer goods distribution.",0,Developing Market (Mid Tier),22.35,6.61,42.0
Dharashiv (Osmanabad),Bhum,Pakharud,7.25,10.35,16.86,62.33,37.67,5.36,3,Semi-Urban Market Town,"Pakharud serves as a pivotal commercial hub for surrounding rural agrarian villages, providing essential retail, agricultural supplies, and trade services.","Scope for agro-input supply centers, hardware and cement stores, mobile repair shops, local restaurants, and daily consumer goods distribution.",1,High Opportunity (Affordable / High Upside),10.29,3.04,41.9
Dharashiv (Osmanabad),Paranda,Paranda Fort Town,7.24,11.31,15.66,57.04,42.96,5.12,3,Pilgrimage & Heritage Tourism,"Paranda Fort Town is a sacred pilgrimage and historical landmark attracting millions of spiritual seekers, cultural travelers, and weekend tourists throughout the year.","High scope for modern budget hotels, devotional souvenir retail, pure-veg multi-cuisine restaurants, passenger cab services, and travel booking desks.",1,High Opportunity (Affordable / High Upside),10.28,3.04,42.0
Dharashiv (Osmanabad),Paranda,Khandeshwar,10.22,15.09,23.18,60.2,39.8,7.48,3,Semi-Urban Market Town,"Khandeshwar serves as a pivotal commercial hub for surrounding rural agrarian villages, providing essential retail, agricultural supplies, and trade services.","Scope for agro-input supply centers, hardware and cement stores, mobile repair shops, local restaurants, and daily consumer goods distribution.",1,High Opportunity (Affordable / High Upside),14.51,4.29,42.0
Dharashiv (Osmanabad),Paranda,Anala,12.33,19.3,25.54,61.4,38.6,8.72,3,Semi-Urban Market Town,"Anala serves as a pivotal commercial hub for surrounding rural agrarian villages, providing essential retail, agricultural supplies, and trade services.","Scope for agro-input supply centers, hardware and cement stores, mobile repair shops, local restaurants, and daily consumer goods distribution.",1,High Opportunity (Affordable / High Upside),17.51,5.18,42.0
Dharashiv (Osmanabad),Paranda,Domgaon,7.18,10.57,15.81,73.13,26.87,5.21,3,Semi-Urban Market Town,"Domgaon serves as a pivotal commercial hub for surrounding rural agrarian villages, providing essential retail, agricultural supplies, and trade services.","Scope for agro-input supply centers, hardware and cement stores, mobile repair shops, local restaurants, and daily consumer goods distribution.",0,Developing Market (Mid Tier),10.2,3.02,42.1
Dharashiv (Osmanabad),Lohara,Lohara Town,15.11,22.1,34.45,67.35,32.65,11.47,3,Semi-Urban Market Town,"Lohara Town serves as a pivotal commercial hub for surrounding rural agrarian villages, providing essential retail, agricultural supplies, and trade services.","Scope for agro-input supply centers, hardware and cement stores, mobile repair shops, local restaurants, and daily consumer goods distribution.",1,High Opportunity (Affordable / High Upside),21.46,6.35,42.0
Dharashiv (Osmanabad),Lohara,Mardi,10.4,15.42,23.28,71.97,28.03,7.16,3,Semi-Urban Market Town,"Mardi serves as a pivotal commercial hub for surrounding rural agrarian villages, providing essential retail, agricultural supplies, and trade services.","Scope for agro-input supply centers, hardware and cement stores, mobile repair shops, local restaurants, and daily consumer goods distribution.",0,Developing Market (Mid Tier),14.77,4.37,42.0
Dharashiv (Osmanabad),Lohara,Toramba,13.08,19.28,28.98,71.06,28.94,9.25,3,Semi-Urban Market Town,"Toramba serves as a pivotal commercial hub for surrounding rural agrarian villages, providing essential retail, agricultural supplies, and trade services.","Scope for agro-input supply centers, hardware and cement stores, mobile repair shops, local restaurants, and daily consumer goods distribution.",0,Developing Market (Mid Tier),18.57,5.49,42.0
Dharashiv (Osmanabad),Lohara,Sasti,12.53,18.52,27.49,65.44,34.56,9.37,3,Semi-Urban Market Town,"Sasti serves as a pivotal commercial hub for surrounding rural agrarian villages, providing essential retail, agricultural supplies, and trade services.","Scope for agro-input supply centers, hardware and cement stores, mobile repair shops, local restaurants, and daily consumer goods distribution.",1,High Opportunity (Affordable / High Upside),17.79,5.26,42.0
Dharashiv (Osmanabad),Washi,Washi Town,14.08,21.89,31.35,61.03,38.97,9.63,3,Semi-Urban Market Town,"Washi Town serves as a pivotal commercial hub for surrounding rural agrarian villages, providing essential retail, agricultural supplies, and trade services.","Scope for agro-input supply centers, hardware and cement stores, mobile repair shops, local restaurants, and daily consumer goods distribution.",1,High Opportunity (Affordable / High Upside),19.99,5.91,42.0
Dharashiv (Osmanabad),Washi,Terkhada,15.97,23.7,33.93,70.6,29.4,10.98,3,Semi-Urban Market Town,"Terkhada serves as a pivotal commercial hub for surrounding rural agrarian villages, providing essential retail, agricultural supplies, and trade services.","Scope for agro-input supply centers, hardware and cement stores, mobile repair shops, local restaurants, and daily consumer goods distribution.",0,Developing Market (Mid Tier),22.68,6.71,42.0
Dharashiv (Osmanabad),Washi,Sarola,14.6,20.95,31.55,56.41,43.59,10.86,3,Semi-Urban Market Town,"Sarola serves as a pivotal commercial hub for surrounding rural agrarian villages, providing essential retail, agricultural supplies, and trade services.","Scope for agro-input supply centers, hardware and cement stores, mobile repair shops, local restaurants, and daily consumer goods distribution.",1,High Opportunity (Affordable / High Upside),20.73,6.13,42.0
Dharashiv (Osmanabad),Washi,Pardhi,11.28,16.4,26.09,68.68,31.32,7.94,3,Semi-Urban Market Town,"Pardhi serves as a pivotal commercial hub for surrounding rural agrarian villages, providing essential retail, agricultural supplies, and trade services.","Scope for agro-input supply centers, hardware and cement stores, mobile repair shops, local restaurants, and daily consumer goods distribution.",1,High Opportunity (Affordable / High Upside),16.02,4.74,42.0
Amravati,Amravati,Camp Amravati,19.65,29.26,43.78,64.0,36.0,13.99,3,Semi-Urban Market Town,"Camp Amravati serves as a pivotal commercial hub for surrounding rural agrarian villages, providing essential retail, agricultural supplies, and trade services.","Scope for agro-input supply centers, hardware and cement stores, mobile repair shops, local restaurants, and daily consumer goods distribution.",1,High Opportunity (Affordable / High Upside),27.9,8.25,42.0
Amravati,Amravati,Rajapeth,17.5,26.12,40.28,63.61,36.39,11.93,3,Semi-Urban Market Town,"Rajapeth serves as a pivotal commercial hub for surrounding rural agrarian villages, providing essential retail, agricultural supplies, and trade services.","Scope for agro-input supply centers, hardware and cement stores, mobile repair shops, local restaurants, and daily consumer goods distribution.",1,High Opportunity (Affordable / High Upside),24.85,7.35,42.0
Amravati,Amravati,Badnera Railway Junction,18.44,28.73,41.31,64.26,35.74,13.96,3,Semi-Urban Market Town,"Badnera Railway Junction serves as a pivotal commercial hub for surrounding rural agrarian villages, providing essential retail, agricultural supplies, and trade services.","Scope for agro-input supply centers, hardware and cement stores, mobile repair shops, local restaurants, and daily consumer goods distribution.",1,High Opportunity (Affordable / High Upside),26.18,7.74,42.0
Amravati,Amravati,Maltekdi,18.91,28.27,44.61,70.65,29.35,13.79,3,Semi-Urban Market Town,"Maltekdi serves as a pivotal commercial hub for surrounding rural agrarian villages, providing essential retail, agricultural supplies, and trade services.","Scope for agro-input supply centers, hardware and cement stores, mobile repair shops, local restaurants, and daily consumer goods distribution.",0,Developing Market (Mid Tier),26.85,7.94,42.0
Amravati,Amravati,Kathora Road,19.23,28.64,43.01,72.54,27.46,13.88,3,Semi-Urban Market Town,"Kathora Road serves as a pivotal commercial hub for surrounding rural agrarian villages, providing essential retail, agricultural supplies, and trade services.","Scope for agro-input supply centers, hardware and cement stores, mobile repair shops, local restaurants, and daily consumer goods distribution.",0,Developing Market (Mid Tier),27.31,8.08,42.0
Amravati,Amravati,MIDC Nandgaon Peth,14.37,20.75,30.17,73.71,26.29,10.12,3,Industrial & Automotive MIDC,"MIDC Nandgaon Peth is a planned industrial manufacturing ecosystem supporting heavy engineering, automotive assembly, chemical plants, and precision component fabrication.","Robust scope for industrial hardware supply, scrap recycling, contractual worker transport, industrial safety gear, and CNC tooling services.",0,Developing Market (Mid Tier),20.41,6.04,42.0
Amravati,Achalpur,Achalpur Twin City,15.22,22.39,35.37,61.29,38.71,10.6,3,Semi-Urban Market Town,"Achalpur Twin City serves as a pivotal commercial hub for surrounding rural agrarian villages, providing essential retail, agricultural supplies, and trade services.","Scope for agro-input supply centers, hardware and cement stores, mobile repair shops, local restaurants, and daily consumer goods distribution.",1,High Opportunity (Affordable / High Upside),21.61,6.39,42.0
Amravati,Achalpur,Paratwada Commercial Hub,14.95,23.2,33.83,65.13,34.87,10.89,3,Semi-Urban Market Town,"Paratwada Commercial Hub serves as a pivotal commercial hub for surrounding rural agrarian villages, providing essential retail, agricultural supplies, and trade services.","Scope for agro-input supply centers, hardware and cement stores, mobile repair shops, local restaurants, and daily consumer goods distribution.",1,High Opportunity (Affordable / High Upside),21.23,6.28,42.0
Amravati,Achalpur,Pathrot,14.87,21.39,31.43,64.91,35.09,11.1,3,Semi-Urban Market Town,"Pathrot serves as a pivotal commercial hub for surrounding rural agrarian villages, providing essential retail, agricultural supplies, and trade services.","Scope for agro-input supply centers, hardware and cement stores, mobile repair shops, local restaurants, and daily consumer goods distribution.",1,High Opportunity (Affordable / High Upside),21.12,6.25,42.0
Amravati,Achalpur,Rasegaon,15.57,23.5,34.16,72.94,27.06,10.63,3,Semi-Urban Market Town,"Rasegaon serves as a pivotal commercial hub for surrounding rural agrarian villages, providing essential retail, agricultural supplies, and trade services.","Scope for agro-input supply centers, hardware and cement stores, mobile repair shops, local restaurants, and daily consumer goods distribution.",0,Developing Market (Mid Tier),22.11,6.54,42.0
Amravati,Achalpur,Sirasgaon Band,11.91,17.17,25.43,76.07,23.93,8.73,3,Semi-Urban Market Town,"Sirasgaon Band serves as a pivotal commercial hub for surrounding rural agrarian villages, providing essential retail, agricultural supplies, and trade services.","Scope for agro-input supply centers, hardware and cement stores, mobile repair shops, local restaurants, and daily consumer goods distribution.",0,Developing Market (Mid Tier),16.91,5.0,42.0
Amravati,Morshi,Morshi Orange Hub,12.11,18.85,28.68,69.72,30.28,8.25,3,Horticulture & Cash Crop Hub,"Morshi Orange Hub is an internationally recognized horticulture hub famous for high-yield produce (grapes, onions, citrus), wholesale APMC markets, and agro-processing facilities.","Prime scope for agro-dehydration units, post-harvest sorting and grading sheds, wine tasting tourism, and direct export brokerage.",1,High Opportunity (Affordable / High Upside),17.2,5.09,42.0
Amravati,Morshi,Upper Wardha Dam,20.32,29.13,45.69,77.34,22.66,15.28,3,Horticulture & Cash Crop Hub,"Upper Wardha Dam is an internationally recognized horticulture hub famous for high-yield produce (grapes, onions, citrus), wholesale APMC markets, and agro-processing facilities.","Prime scope for agro-dehydration units, post-harvest sorting and grading sheds, wine tasting tourism, and direct export brokerage.",0,Developing Market (Mid Tier),28.85,8.53,42.0
Amravati,Morshi,Pahu,14.88,21.99,33.73,61.81,38.19,11.24,3,Horticulture & Cash Crop Hub,"Pahu is an internationally recognized horticulture hub famous for high-yield produce (grapes, onions, citrus), wholesale APMC markets, and agro-processing facilities.","Prime scope for agro-dehydration units, post-harvest sorting and grading sheds, wine tasting tourism, and direct export brokerage.",1,High Opportunity (Affordable / High Upside),21.13,6.25,42.0
Amravati,Morshi,Dhamangaon Morshi,18.69,26.96,39.0,74.69,25.31,14.1,3,Horticulture & Cash Crop Hub,"Dhamangaon Morshi is an internationally recognized horticulture hub famous for high-yield produce (grapes, onions, citrus), wholesale APMC markets, and agro-processing facilities.","Prime scope for agro-dehydration units, post-harvest sorting and grading sheds, wine tasting tourism, and direct export brokerage.",0,Developing Market (Mid Tier),26.54,7.85,42.0
Amravati,Morshi,Lehegaon,16.26,25.25,38.43,78.63,21.37,11.38,3,Horticulture & Cash Crop Hub,"Lehegaon is an internationally recognized horticulture hub famous for high-yield produce (grapes, onions, citrus), wholesale APMC markets, and agro-processing facilities.","Prime scope for agro-dehydration units, post-harvest sorting and grading sheds, wine tasting tourism, and direct export brokerage.",0,Developing Market (Mid Tier),23.09,6.83,42.0
Amravati,Warud,Warud California of Vidarbha (Orange Export),20.61,30.05,43.08,76.13,23.87,14.56,3,Horticulture & Cash Crop Hub,"Warud California of Vidarbha (Orange Export) is an internationally recognized horticulture hub famous for high-yield produce (grapes, onions, citrus), wholesale APMC markets, and agro-processing facilities.","Prime scope for agro-dehydration units, post-harvest sorting and grading sheds, wine tasting tourism, and direct export brokerage.",0,Developing Market (Mid Tier),29.27,8.66,42.0
Amravati,Warud,Shendurjana Ghat,17.01,25.22,39.07,64.72,35.28,12.14,3,Horticulture & Cash Crop Hub,"Shendurjana Ghat is an internationally recognized horticulture hub famous for high-yield produce (grapes, onions, citrus), wholesale APMC markets, and agro-processing facilities.","Prime scope for agro-dehydration units, post-harvest sorting and grading sheds, wine tasting tourism, and direct export brokerage.",1,High Opportunity (Affordable / High Upside),24.15,7.14,42.0
Amravati,Warud,Benoda,11.73,16.99,27.8,68.79,31.21,8.22,3,Horticulture & Cash Crop Hub,"Benoda is an internationally recognized horticulture hub famous for high-yield produce (grapes, onions, citrus), wholesale APMC markets, and agro-processing facilities.","Prime scope for agro-dehydration units, post-harvest sorting and grading sheds, wine tasting tourism, and direct export brokerage.",1,High Opportunity (Affordable / High Upside),16.66,4.93,42.0
Amravati,Warud,Pusla,17.07,25.58,37.1,78.97,21.03,12.04,3,Horticulture & Cash Crop Hub,"Pusla is an internationally recognized horticulture hub famous for high-yield produce (grapes, onions, citrus), wholesale APMC markets, and agro-processing facilities.","Prime scope for agro-dehydration units, post-harvest sorting and grading sheds, wine tasting tourism, and direct export brokerage.",0,Developing Market (Mid Tier),24.24,7.17,42.0
Amravati,Warud,Loni Warud,15.09,23.08,35.73,77.59,22.41,11.39,3,Horticulture & Cash Crop Hub,"Loni Warud is an internationally recognized horticulture hub famous for high-yield produce (grapes, onions, citrus), wholesale APMC markets, and agro-processing facilities.","Prime scope for agro-dehydration units, post-harvest sorting and grading sheds, wine tasting tourism, and direct export brokerage.",0,Developing Market (Mid Tier),21.43,6.34,42.0
Amravati,Chandur Bazar,Chandur Bazar Town,14.36,22.04,33.33,60.42,39.58,10.88,3,Semi-Urban Market Town,"Chandur Bazar Town serves as a pivotal commercial hub for surrounding rural agrarian villages, providing essential retail, agricultural supplies, and trade services.","Scope for agro-input supply centers, hardware and cement stores, mobile repair shops, local restaurants, and daily consumer goods distribution.",1,High Opportunity (Affordable / High Upside),20.39,6.03,42.0
Amravati,Chandur Bazar,Brahmanwada Thadi,17.27,26.85,39.18,78.82,21.18,12.7,3,Semi-Urban Market Town,"Brahmanwada Thadi serves as a pivotal commercial hub for surrounding rural agrarian villages, providing essential retail, agricultural supplies, and trade services.","Scope for agro-input supply centers, hardware and cement stores, mobile repair shops, local restaurants, and daily consumer goods distribution.",0,Developing Market (Mid Tier),24.52,7.25,42.0
Amravati,Chandur Bazar,Shirala Amravati,19.47,28.39,43.46,66.19,33.81,14.73,3,Semi-Urban Market Town,"Shirala Amravati serves as a pivotal commercial hub for surrounding rural agrarian villages, providing essential retail, agricultural supplies, and trade services.","Scope for agro-input supply centers, hardware and cement stores, mobile repair shops, local restaurants, and daily consumer goods distribution.",1,High Opportunity (Affordable / High Upside),27.65,8.18,42.0
Amravati,Chandur Bazar,Kural,14.35,22.24,30.0,77.34,22.66,10.74,3,Semi-Urban Market Town,"Kural serves as a pivotal commercial hub for surrounding rural agrarian villages, providing essential retail, agricultural supplies, and trade services.","Scope for agro-input supply centers, hardware and cement stores, mobile repair shops, local restaurants, and daily consumer goods distribution.",0,Developing Market (Mid Tier),20.38,6.03,42.0
Amravati,Daryapur,Daryapur Town,14.66,22.95,31.95,79.56,20.44,10.27,3,Semi-Urban Market Town,"Daryapur Town serves as a pivotal commercial hub for surrounding rural agrarian villages, providing essential retail, agricultural supplies, and trade services.","Scope for agro-input supply centers, hardware and cement stores, mobile repair shops, local restaurants, and daily consumer goods distribution.",0,Developing Market (Mid Tier),20.82,6.16,42.0
Amravati,Daryapur,Banosa,11.08,17.19,23.57,64.21,35.79,8.32,3,Semi-Urban Market Town,"Banosa serves as a pivotal commercial hub for surrounding rural agrarian villages, providing essential retail, agricultural supplies, and trade services.","Scope for agro-input supply centers, hardware and cement stores, mobile repair shops, local restaurants, and daily consumer goods distribution.",1,High Opportunity (Affordable / High Upside),15.73,4.65,42.0
Amravati,Daryapur,Yeoda,20.99,31.93,49.12,75.33,24.67,14.96,3,Semi-Urban Market Town,"Yeoda serves as a pivotal commercial hub for surrounding rural agrarian villages, providing essential retail, agricultural supplies, and trade services.","Scope for agro-input supply centers, hardware and cement stores, mobile repair shops, local restaurants, and daily consumer goods distribution.",0,Developing Market (Mid Tier),29.81,8.82,42.0
Amravati,Daryapur,Kholapur Cotton Market,10.41,16.23,24.17,78.81,21.19,7.47,3,Cotton & Agrarian Trade Center,"Kholapur Cotton Market is situated in Vidarbha's core cotton cultivation belt, supported by active ginning mills, oil extraction units, and agricultural marketing cooperatives.","Strong commercial potential for cotton seed oil refineries, bio-mass briquette production, and micro-irrigation system dealerships.",0,Developing Market (Mid Tier),14.78,4.37,42.0
Amravati,Anjangaon Surji,Anjangaon Surji Piper Betel Leaf Town,14.96,23.26,34.21,77.54,22.46,11.15,3,Semi-Urban Market Town,"Anjangaon Surji Piper Betel Leaf Town serves as a pivotal commercial hub for surrounding rural agrarian villages, providing essential retail, agricultural supplies, and trade services.","Scope for agro-input supply centers, hardware and cement stores, mobile repair shops, local restaurants, and daily consumer goods distribution.",0,Developing Market (Mid Tier),21.24,6.28,42.0
Amravati,Anjangaon Surji,Panattur,19.89,30.47,44.1,67.04,32.96,14.48,3,Semi-Urban Market Town,"Panattur serves as a pivotal commercial hub for surrounding rural agrarian villages, providing essential retail, agricultural supplies, and trade services.","Scope for agro-input supply centers, hardware and cement stores, mobile repair shops, local restaurants, and daily consumer goods distribution.",1,High Opportunity (Affordable / High Upside),28.24,8.35,42.0
Amravati,Anjangaon Surji,Chincholi,19.76,30.39,43.46,60.55,39.45,13.52,3,Semi-Urban Market Town,"Chincholi serves as a pivotal commercial hub for surrounding rural agrarian villages, providing essential retail, agricultural supplies, and trade services.","Scope for agro-input supply centers, hardware and cement stores, mobile repair shops, local restaurants, and daily consumer goods distribution.",1,High Opportunity (Affordable / High Upside),28.06,8.3,42.0
Amravati,Anjangaon Surji,Khandala Surji,17.7,26.92,40.91,62.72,37.28,12.6,3,Semi-Urban Market Town,"Khandala Surji serves as a pivotal commercial hub for surrounding rural agrarian villages, providing essential retail, agricultural supplies, and trade services.","Scope for agro-input supply centers, hardware and cement stores, mobile repair shops, local restaurants, and daily consumer goods distribution.",1,High Opportunity (Affordable / High Upside),25.13,7.43,42.0
Amravati,Nandgaon Khandeshwar,Nandgaon Khandeshwar Town,17.54,25.79,36.43,63.16,36.84,12.65,3,Semi-Urban Market Town,"Nandgaon Khandeshwar Town serves as a pivotal commercial hub for surrounding rural agrarian villages, providing essential retail, agricultural supplies, and trade services.","Scope for agro-input supply centers, hardware and cement stores, mobile repair shops, local restaurants, and daily consumer goods distribution.",1,High Opportunity (Affordable / High Upside),24.91,7.37,42.0
Amravati,Nandgaon Khandeshwar,Loni Gurav,21.64,33.6,49.81,76.94,23.06,15.9,3,Semi-Urban Market Town,"Loni Gurav serves as a pivotal commercial hub for surrounding rural agrarian villages, providing essential retail, agricultural supplies, and trade services.","Scope for agro-input supply centers, hardware and cement stores, mobile repair shops, local restaurants, and daily consumer goods distribution.",0,Developing Market (Mid Tier),30.73,9.09,42.0
Amravati,Nandgaon Khandeshwar,Kusumkot,19.51,28.7,43.08,74.7,25.3,13.67,3,Semi-Urban Market Town,"Kusumkot serves as a pivotal commercial hub for surrounding rural agrarian villages, providing essential retail, agricultural supplies, and trade services.","Scope for agro-input supply centers, hardware and cement stores, mobile repair shops, local restaurants, and daily consumer goods distribution.",0,Developing Market (Mid Tier),27.7,8.19,42.0
Amravati,Nandgaon Khandeshwar,Papal,18.25,28.33,42.23,63.97,36.03,13.02,3,Semi-Urban Market Town,"Papal serves as a pivotal commercial hub for surrounding rural agrarian villages, providing essential retail, agricultural supplies, and trade services.","Scope for agro-input supply centers, hardware and cement stores, mobile repair shops, local restaurants, and daily consumer goods distribution.",1,High Opportunity (Affordable / High Upside),25.91,7.66,42.0
Amravati,Chikhaldara,Chikhaldara Hill Station,12.18,19.0,28.77,77.69,22.31,8.5,3,Semi-Urban Market Town,"Chikhaldara Hill Station serves as a pivotal commercial hub for surrounding rural agrarian villages, providing essential retail, agricultural supplies, and trade services.","Scope for agro-input supply centers, hardware and cement stores, mobile repair shops, local restaurants, and daily consumer goods distribution.",0,Developing Market (Mid Tier),17.3,5.12,42.0
Amravati,Chikhaldara,Gawilghur Fort,21.38,33.52,48.39,72.53,27.47,16.09,3,Pilgrimage & Heritage Tourism,"Gawilghur Fort is a sacred pilgrimage and historical landmark attracting millions of spiritual seekers, cultural travelers, and weekend tourists throughout the year.","High scope for modern budget hotels, devotional souvenir retail, pure-veg multi-cuisine restaurants, passenger cab services, and travel booking desks.",0,Developing Market (Mid Tier),30.36,8.98,42.0
Amravati,Chikhaldara,Harisal,21.69,31.49,49.48,63.38,36.62,15.45,3,Semi-Urban Market Town,"Harisal serves as a pivotal commercial hub for surrounding rural agrarian villages, providing essential retail, agricultural supplies, and trade services.","Scope for agro-input supply centers, hardware and cement stores, mobile repair shops, local restaurants, and daily consumer goods distribution.",1,High Opportunity (Affordable / High Upside),30.8,9.11,42.0
Amravati,Chikhaldara,Semadoh Melghat Tiger Reserve,15.15,22.14,31.5,67.36,32.64,11.45,3,Semi-Urban Market Town,"Semadoh Melghat Tiger Reserve serves as a pivotal commercial hub for surrounding rural agrarian villages, providing essential retail, agricultural supplies, and trade services.","Scope for agro-input supply centers, hardware and cement stores, mobile repair shops, local restaurants, and daily consumer goods distribution.",1,High Opportunity (Affordable / High Upside),21.51,6.36,42.0
Amravati,Chikhaldara,Katkumbh,11.41,17.51,25.03,78.4,21.6,8.17,3,Semi-Urban Market Town,"Katkumbh serves as a pivotal commercial hub for surrounding rural agrarian villages, providing essential retail, agricultural supplies, and trade services.","Scope for agro-input supply centers, hardware and cement stores, mobile repair shops, local restaurants, and daily consumer goods distribution.",0,Developing Market (Mid Tier),16.2,4.79,42.0
Amravati,Dharni,Dharni Melghat Town,18.08,26.02,41.32,63.81,36.19,13.54,3,Cotton & Agrarian Trade Center,"Dharni Melghat Town is situated in Vidarbha's core cotton cultivation belt, supported by active ginning mills, oil extraction units, and agricultural marketing cooperatives.","Strong commercial potential for cotton seed oil refineries, bio-mass briquette production, and micro-irrigation system dealerships.",1,High Opportunity (Affordable / High Upside),25.67,7.59,42.0
Amravati,Dharni,Bairagarh,19.39,28.43,42.91,62.6,37.4,14.51,3,Cotton & Agrarian Trade Center,"Bairagarh is situated in Vidarbha's core cotton cultivation belt, supported by active ginning mills, oil extraction units, and agricultural marketing cooperatives.","Strong commercial potential for cotton seed oil refineries, bio-mass briquette production, and micro-irrigation system dealerships.",1,High Opportunity (Affordable / High Upside),27.53,8.14,42.0
Amravati,Dharni,Kalamkhar,17.2,27.16,36.87,73.54,26.46,12.27,3,Cotton & Agrarian Trade Center,"Kalamkhar is situated in Vidarbha's core cotton cultivation belt, supported by active ginning mills, oil extraction units, and agricultural marketing cooperatives.","Strong commercial potential for cotton seed oil refineries, bio-mass briquette production, and micro-irrigation system dealerships.",0,Developing Market (Mid Tier),24.42,7.22,42.0
Amravati,Dharni,Chakarda,14.9,21.51,31.97,65.24,34.76,10.87,3,Cotton & Agrarian Trade Center,"Chakarda is situated in Vidarbha's core cotton cultivation belt, supported by active ginning mills, oil extraction units, and agricultural marketing cooperatives.","Strong commercial potential for cotton seed oil refineries, bio-mass briquette production, and micro-irrigation system dealerships.",1,High Opportunity (Affordable / High Upside),21.16,6.26,42.0
Akola,Akola,Akola City Cotton Hub,17.07,25.25,38.85,67.16,32.84,11.62,3,Cotton & Agrarian Trade Center,"Akola City Cotton Hub is situated in Vidarbha's core cotton cultivation belt, supported by active ginning mills, oil extraction units, and agricultural marketing cooperatives.","Strong commercial potential for cotton seed oil refineries, bio-mass briquette production, and micro-irrigation system dealerships.",1,High Opportunity (Affordable / High Upside),24.24,7.17,42.0
Akola,Akola,MIDC Phase 1-4,9.33,13.73,21.26,71.74,28.26,6.88,3,Cotton & Agrarian Trade Center,"MIDC Phase 1-4 is situated in Vidarbha's core cotton cultivation belt, supported by active ginning mills, oil extraction units, and agricultural marketing cooperatives.","Strong commercial potential for cotton seed oil refineries, bio-mass briquette production, and micro-irrigation system dealerships.",0,Developing Market (Mid Tier),13.25,3.92,42.0
Akola,Akola,Old City,15.08,23.19,32.19,59.91,40.09,10.33,3,Cotton & Agrarian Trade Center,"Old City is situated in Vidarbha's core cotton cultivation belt, supported by active ginning mills, oil extraction units, and agricultural marketing cooperatives.","Strong commercial potential for cotton seed oil refineries, bio-mass briquette production, and micro-irrigation system dealerships.",1,High Opportunity (Affordable / High Upside),21.41,6.33,42.0
Akola,Akola,Civil Lines,11.33,16.51,26.62,77.93,22.07,8.56,3,Cotton & Agrarian Trade Center,"Civil Lines is situated in Vidarbha's core cotton cultivation belt, supported by active ginning mills, oil extraction units, and agricultural marketing cooperatives.","Strong commercial potential for cotton seed oil refineries, bio-mass briquette production, and micro-irrigation system dealerships.",0,Developing Market (Mid Tier),16.09,4.76,42.0
Akola,Akola,Kaulkhed,17.67,26.78,40.59,58.91,41.09,12.37,3,Cotton & Agrarian Trade Center,"Kaulkhed is situated in Vidarbha's core cotton cultivation belt, supported by active ginning mills, oil extraction units, and agricultural marketing cooperatives.","Strong commercial potential for cotton seed oil refineries, bio-mass briquette production, and micro-irrigation system dealerships.",1,High Opportunity (Affordable / High Upside),25.09,7.42,42.0
Akola,Akola,Toshniwal Layout,14.2,20.85,30.96,65.42,34.58,10.76,3,Cotton & Agrarian Trade Center,"Toshniwal Layout is situated in Vidarbha's core cotton cultivation belt, supported by active ginning mills, oil extraction units, and agricultural marketing cooperatives.","Strong commercial potential for cotton seed oil refineries, bio-mass briquette production, and micro-irrigation system dealerships.",1,High Opportunity (Affordable / High Upside),20.16,5.96,42.0
Akola,Akola,Malkapur Akola,13.6,20.58,29.05,68.07,31.93,10.26,3,Cotton & Agrarian Trade Center,"Malkapur Akola is situated in Vidarbha's core cotton cultivation belt, supported by active ginning mills, oil extraction units, and agricultural marketing cooperatives.","Strong commercial potential for cotton seed oil refineries, bio-mass briquette production, and micro-irrigation system dealerships.",1,High Opportunity (Affordable / High Upside),19.31,5.71,42.0
Akola,Akot,Akot Cotton & Textile Town,16.78,24.18,36.16,68.61,31.39,11.6,3,Cotton & Agrarian Trade Center,"Akot Cotton & Textile Town is situated in Vidarbha's core cotton cultivation belt, supported by active ginning mills, oil extraction units, and agricultural marketing cooperatives.","Strong commercial potential for cotton seed oil refineries, bio-mass briquette production, and micro-irrigation system dealerships.",1,High Opportunity (Affordable / High Upside),23.83,7.05,42.0
Akola,Akot,Narsing Maharaj Shrine,9.17,13.09,19.19,75.43,24.57,6.85,3,Semi-Urban Market Town,"Narsing Maharaj Shrine serves as a pivotal commercial hub for surrounding rural agrarian villages, providing essential retail, agricultural supplies, and trade services.","Scope for agro-input supply centers, hardware and cement stores, mobile repair shops, local restaurants, and daily consumer goods distribution.",0,Developing Market (Mid Tier),13.02,3.85,42.0
Akola,Akot,Chohatta Bazar,15.48,24.28,33.18,75.54,24.46,11.29,3,Semi-Urban Market Town,"Chohatta Bazar serves as a pivotal commercial hub for surrounding rural agrarian villages, providing essential retail, agricultural supplies, and trade services.","Scope for agro-input supply centers, hardware and cement stores, mobile repair shops, local restaurants, and daily consumer goods distribution.",0,Developing Market (Mid Tier),21.98,6.5,42.0
Akola,Akot,Adgaon,15.62,22.84,33.63,75.85,24.15,11.02,3,Semi-Urban Market Town,"Adgaon serves as a pivotal commercial hub for surrounding rural agrarian villages, providing essential retail, agricultural supplies, and trade services.","Scope for agro-input supply centers, hardware and cement stores, mobile repair shops, local restaurants, and daily consumer goods distribution.",0,Developing Market (Mid Tier),22.18,6.56,42.0
Akola,Akot,Kutasa,17.95,27.68,37.69,75.06,24.94,13.15,3,Semi-Urban Market Town,"Kutasa serves as a pivotal commercial hub for surrounding rural agrarian villages, providing essential retail, agricultural supplies, and trade services.","Scope for agro-input supply centers, hardware and cement stores, mobile repair shops, local restaurants, and daily consumer goods distribution.",0,Developing Market (Mid Tier),25.49,7.54,42.0
Akola,Balapur,Balapur Historical Chhatri,15.98,22.83,33.54,62.6,37.4,10.91,3,Semi-Urban Market Town,"Balapur Historical Chhatri serves as a pivotal commercial hub for surrounding rural agrarian villages, providing essential retail, agricultural supplies, and trade services.","Scope for agro-input supply centers, hardware and cement stores, mobile repair shops, local restaurants, and daily consumer goods distribution.",1,High Opportunity (Affordable / High Upside),22.69,6.71,42.0
Akola,Balapur,Paras Thermal Power Station,10.6,16.25,23.26,77.9,22.1,7.99,3,Industrial & Automotive MIDC,"Paras Thermal Power Station is a planned industrial manufacturing ecosystem supporting heavy engineering, automotive assembly, chemical plants, and precision component fabrication.","Robust scope for industrial hardware supply, scrap recycling, contractual worker transport, industrial safety gear, and CNC tooling services.",0,Developing Market (Mid Tier),15.05,4.45,42.0
Akola,Balapur,Wadegaon,8.41,12.42,19.21,67.7,32.3,6.05,3,Semi-Urban Market Town,"Wadegaon serves as a pivotal commercial hub for surrounding rural agrarian villages, providing essential retail, agricultural supplies, and trade services.","Scope for agro-input supply centers, hardware and cement stores, mobile repair shops, local restaurants, and daily consumer goods distribution.",1,High Opportunity (Affordable / High Upside),11.94,3.53,42.0
Akola,Balapur,Ural,16.46,25.66,34.41,59.87,40.13,12.34,3,Semi-Urban Market Town,"Ural serves as a pivotal commercial hub for surrounding rural agrarian villages, providing essential retail, agricultural supplies, and trade services.","Scope for agro-input supply centers, hardware and cement stores, mobile repair shops, local restaurants, and daily consumer goods distribution.",1,High Opportunity (Affordable / High Upside),23.37,6.91,42.0
Akola,Murtizapur,Murtizapur Railway Junction,9.81,14.19,21.76,63.46,36.54,7.37,3,Semi-Urban Market Town,"Murtizapur Railway Junction serves as a pivotal commercial hub for surrounding rural agrarian villages, providing essential retail, agricultural supplies, and trade services.","Scope for agro-input supply centers, hardware and cement stores, mobile repair shops, local restaurants, and daily consumer goods distribution.",1,High Opportunity (Affordable / High Upside),13.93,4.12,42.0
Akola,Murtizapur,Mana,13.86,20.98,32.86,68.52,31.48,10.06,3,Semi-Urban Market Town,"Mana serves as a pivotal commercial hub for surrounding rural agrarian villages, providing essential retail, agricultural supplies, and trade services.","Scope for agro-input supply centers, hardware and cement stores, mobile repair shops, local restaurants, and daily consumer goods distribution.",1,High Opportunity (Affordable / High Upside),19.68,5.82,42.0
Akola,Murtizapur,Hatgaon,12.16,17.42,28.01,71.54,28.46,9.13,3,Semi-Urban Market Town,"Hatgaon serves as a pivotal commercial hub for surrounding rural agrarian villages, providing essential retail, agricultural supplies, and trade services.","Scope for agro-input supply centers, hardware and cement stores, mobile repair shops, local restaurants, and daily consumer goods distribution.",0,Developing Market (Mid Tier),17.27,5.11,42.0
Akola,Murtizapur,Karanje Murtizapur,8.26,12.63,18.79,65.88,34.12,6.01,3,Semi-Urban Market Town,"Karanje Murtizapur serves as a pivotal commercial hub for surrounding rural agrarian villages, providing essential retail, agricultural supplies, and trade services.","Scope for agro-input supply centers, hardware and cement stores, mobile repair shops, local restaurants, and daily consumer goods distribution.",1,High Opportunity (Affordable / High Upside),11.73,3.47,42.0
Akola,Patur,Patur Caves Town,17.51,27.21,36.78,59.62,40.38,13.07,3,Pilgrimage & Heritage Tourism,"Patur Caves Town is a sacred pilgrimage and historical landmark attracting millions of spiritual seekers, cultural travelers, and weekend tourists throughout the year.","High scope for modern budget hotels, devotional souvenir retail, pure-veg multi-cuisine restaurants, passenger cab services, and travel booking desks.",1,High Opportunity (Affordable / High Upside),24.86,7.35,42.0
Akola,Patur,Alegaon,14.6,21.79,34.53,69.88,30.12,9.93,3,Semi-Urban Market Town,"Alegaon serves as a pivotal commercial hub for surrounding rural agrarian villages, providing essential retail, agricultural supplies, and trade services.","Scope for agro-input supply centers, hardware and cement stores, mobile repair shops, local restaurants, and daily consumer goods distribution.",1,High Opportunity (Affordable / High Upside),20.73,6.13,42.0
Akola,Patur,Babulgaon Patur,17.7,26.99,41.84,64.5,35.5,13.07,3,Semi-Urban Market Town,"Babulgaon Patur serves as a pivotal commercial hub for surrounding rural agrarian villages, providing essential retail, agricultural supplies, and trade services.","Scope for agro-input supply centers, hardware and cement stores, mobile repair shops, local restaurants, and daily consumer goods distribution.",1,High Opportunity (Affordable / High Upside),25.13,7.43,42.0
Akola,Patur,Channi,15.34,24.13,34.33,62.23,37.77,10.49,3,Semi-Urban Market Town,"Channi serves as a pivotal commercial hub for surrounding rural agrarian villages, providing essential retail, agricultural supplies, and trade services.","Scope for agro-input supply centers, hardware and cement stores, mobile repair shops, local restaurants, and daily consumer goods distribution.",1,High Opportunity (Affordable / High Upside),21.78,6.44,42.0
Akola,Telhara,Telhara Town,14.44,21.25,29.87,59.41,40.59,10.92,3,Semi-Urban Market Town,"Telhara Town serves as a pivotal commercial hub for surrounding rural agrarian villages, providing essential retail, agricultural supplies, and trade services.","Scope for agro-input supply centers, hardware and cement stores, mobile repair shops, local restaurants, and daily consumer goods distribution.",1,High Opportunity (Affordable / High Upside),20.5,6.06,42.0
Akola,Telhara,Hivkhed,11.81,17.52,24.9,77.3,22.7,8.85,3,Semi-Urban Market Town,"Hivkhed serves as a pivotal commercial hub for surrounding rural agrarian villages, providing essential retail, agricultural supplies, and trade services.","Scope for agro-input supply centers, hardware and cement stores, mobile repair shops, local restaurants, and daily consumer goods distribution.",0,Developing Market (Mid Tier),16.77,4.96,42.0
Akola,Telhara,Ghoda,8.89,13.84,18.7,73.59,26.41,6.25,3,Semi-Urban Market Town,"Ghoda serves as a pivotal commercial hub for surrounding rural agrarian villages, providing essential retail, agricultural supplies, and trade services.","Scope for agro-input supply centers, hardware and cement stores, mobile repair shops, local restaurants, and daily consumer goods distribution.",0,Developing Market (Mid Tier),12.62,3.73,42.0
Akola,Telhara,Adool,15.53,23.68,32.45,67.82,32.18,11.1,3,Semi-Urban Market Town,"Adool serves as a pivotal commercial hub for surrounding rural agrarian villages, providing essential retail, agricultural supplies, and trade services.","Scope for agro-input supply centers, hardware and cement stores, mobile repair shops, local restaurants, and daily consumer goods distribution.",1,High Opportunity (Affordable / High Upside),22.05,6.52,42.0
Akola,Barshitakli,Barshitakli Town,16.06,23.6,36.55,60.63,39.37,11.78,3,Semi-Urban Market Town,"Barshitakli Town serves as a pivotal commercial hub for surrounding rural agrarian villages, providing essential retail, agricultural supplies, and trade services.","Scope for agro-input supply centers, hardware and cement stores, mobile repair shops, local restaurants, and daily consumer goods distribution.",1,High Opportunity (Affordable / High Upside),22.81,6.75,42.0
Akola,Barshitakli,Pinjar,16.32,24.51,36.09,75.71,24.29,11.72,3,Semi-Urban Market Town,"Pinjar serves as a pivotal commercial hub for surrounding rural agrarian villages, providing essential retail, agricultural supplies, and trade services.","Scope for agro-input supply centers, hardware and cement stores, mobile repair shops, local restaurants, and daily consumer goods distribution.",0,Developing Market (Mid Tier),23.17,6.85,42.0
Akola,Barshitakli,Dhaba,13.63,20.28,31.34,74.22,25.78,9.94,3,Semi-Urban Market Town,"Dhaba serves as a pivotal commercial hub for surrounding rural agrarian villages, providing essential retail, agricultural supplies, and trade services.","Scope for agro-input supply centers, hardware and cement stores, mobile repair shops, local restaurants, and daily consumer goods distribution.",0,Developing Market (Mid Tier),19.35,5.72,42.0
Akola,Barshitakli,Kholeshwar,12.34,18.36,25.46,64.83,35.17,8.85,3,Semi-Urban Market Town,"Kholeshwar serves as a pivotal commercial hub for surrounding rural agrarian villages, providing essential retail, agricultural supplies, and trade services.","Scope for agro-input supply centers, hardware and cement stores, mobile repair shops, local restaurants, and daily consumer goods distribution.",1,High Opportunity (Affordable / High Upside),17.52,5.18,42.0
Buldhana,Buldhana,Buldhana Hilltop City,9.02,13.8,18.95,66.91,33.09,6.59,3,Semi-Urban Market Town,"Buldhana Hilltop City serves as a pivotal commercial hub for surrounding rural agrarian villages, providing essential retail, agricultural supplies, and trade services.","Scope for agro-input supply centers, hardware and cement stores, mobile repair shops, local restaurants, and daily consumer goods distribution.",1,High Opportunity (Affordable / High Upside),12.81,3.79,42.0
Buldhana,Buldhana,Sundarkhed,11.72,17.19,25.72,75.14,24.86,8.42,3,Semi-Urban Market Town,"Sundarkhed serves as a pivotal commercial hub for surrounding rural agrarian villages, providing essential retail, agricultural supplies, and trade services.","Scope for agro-input supply centers, hardware and cement stores, mobile repair shops, local restaurants, and daily consumer goods distribution.",0,Developing Market (Mid Tier),16.64,4.92,42.0
Buldhana,Buldhana,Rajur Buldhana,8.34,12.01,19.58,73.83,26.17,6.02,3,Semi-Urban Market Town,"Rajur Buldhana serves as a pivotal commercial hub for surrounding rural agrarian villages, providing essential retail, agricultural supplies, and trade services.","Scope for agro-input supply centers, hardware and cement stores, mobile repair shops, local restaurants, and daily consumer goods distribution.",0,Developing Market (Mid Tier),11.84,3.5,42.0
Buldhana,Buldhana,Dhad,9.66,13.79,20.05,57.9,42.1,6.65,3,Semi-Urban Market Town,"Dhad serves as a pivotal commercial hub for surrounding rural agrarian villages, providing essential retail, agricultural supplies, and trade services.","Scope for agro-input supply centers, hardware and cement stores, mobile repair shops, local restaurants, and daily consumer goods distribution.",1,High Opportunity (Affordable / High Upside),13.72,4.06,42.0
Buldhana,Buldhana,Motala Road,10.82,15.53,24.54,68.37,31.63,7.58,3,Semi-Urban Market Town,"Motala Road serves as a pivotal commercial hub for surrounding rural agrarian villages, providing essential retail, agricultural supplies, and trade services.","Scope for agro-input supply centers, hardware and cement stores, mobile repair shops, local restaurants, and daily consumer goods distribution.",1,High Opportunity (Affordable / High Upside),15.36,4.54,42.0
Buldhana,Khamgaon,Khamgaon Silver & Oil City,9.29,13.31,20.59,59.28,40.72,6.81,3,Semi-Urban Market Town,"Khamgaon Silver & Oil City serves as a pivotal commercial hub for surrounding rural agrarian villages, providing essential retail, agricultural supplies, and trade services.","Scope for agro-input supply centers, hardware and cement stores, mobile repair shops, local restaurants, and daily consumer goods distribution.",1,High Opportunity (Affordable / High Upside),13.19,3.9,42.0
Buldhana,Khamgaon,Ghatpuri,8.62,12.49,18.79,58.67,41.33,6.47,3,Semi-Urban Market Town,"Ghatpuri serves as a pivotal commercial hub for surrounding rural agrarian villages, providing essential retail, agricultural supplies, and trade services.","Scope for agro-input supply centers, hardware and cement stores, mobile repair shops, local restaurants, and daily consumer goods distribution.",1,High Opportunity (Affordable / High Upside),12.24,3.62,42.0
Buldhana,Khamgaon,Jalamb Junction,9.68,14.66,21.3,70.41,29.59,7.07,3,Semi-Urban Market Town,"Jalamb Junction serves as a pivotal commercial hub for surrounding rural agrarian villages, providing essential retail, agricultural supplies, and trade services.","Scope for agro-input supply centers, hardware and cement stores, mobile repair shops, local restaurants, and daily consumer goods distribution.",1,High Opportunity (Affordable / High Upside),13.75,4.07,42.0
Buldhana,Khamgaon,Pimpalgaon Raja,9.39,14.79,21.95,60.74,39.26,6.52,3,Horticulture & Cash Crop Hub,"Pimpalgaon Raja is an internationally recognized horticulture hub famous for high-yield produce (grapes, onions, citrus), wholesale APMC markets, and agro-processing facilities.","Prime scope for agro-dehydration units, post-harvest sorting and grading sheds, wine tasting tourism, and direct export brokerage.",1,High Opportunity (Affordable / High Upside),13.33,3.94,42.0
Buldhana,Khamgaon,MIDC Khamgaon,13.72,20.81,32.07,59.13,40.87,9.92,3,Industrial & Automotive MIDC,"MIDC Khamgaon is a planned industrial manufacturing ecosystem supporting heavy engineering, automotive assembly, chemical plants, and precision component fabrication.","Robust scope for industrial hardware supply, scrap recycling, contractual worker transport, industrial safety gear, and CNC tooling services.",1,High Opportunity (Affordable / High Upside),19.48,5.76,42.0
Buldhana,Shegaon,Shegaon Shri Gajanan Maharaj Shrine,7.05,10.14,14.85,66.54,33.46,5.18,3,Pilgrimage & Heritage Tourism,"Shegaon Shri Gajanan Maharaj Shrine is a sacred pilgrimage and historical landmark attracting millions of spiritual seekers, cultural travelers, and weekend tourists throughout the year.","High scope for modern budget hotels, devotional souvenir retail, pure-veg multi-cuisine restaurants, passenger cab services, and travel booking desks.",1,High Opportunity (Affordable / High Upside),10.01,2.96,42.0
Buldhana,Shegaon,Anand Sagar,14.82,23.33,33.32,66.73,33.27,10.81,3,Pilgrimage & Heritage Tourism,"Anand Sagar is a sacred pilgrimage and historical landmark attracting millions of spiritual seekers, cultural travelers, and weekend tourists throughout the year.","High scope for modern budget hotels, devotional souvenir retail, pure-veg multi-cuisine restaurants, passenger cab services, and travel booking desks.",1,High Opportunity (Affordable / High Upside),21.04,6.22,42.0
Buldhana,Shegaon,Javala,15.77,23.3,35.84,70.81,29.19,11.22,3,Pilgrimage & Heritage Tourism,"Javala is a sacred pilgrimage and historical landmark attracting millions of spiritual seekers, cultural travelers, and weekend tourists throughout the year.","High scope for modern budget hotels, devotional souvenir retail, pure-veg multi-cuisine restaurants, passenger cab services, and travel booking desks.",0,Developing Market (Mid Tier),22.39,6.62,42.0
Buldhana,Shegaon,Nagzari,9.72,14.0,19.97,59.24,40.76,6.62,3,Pilgrimage & Heritage Tourism,"Nagzari is a sacred pilgrimage and historical landmark attracting millions of spiritual seekers, cultural travelers, and weekend tourists throughout the year.","High scope for modern budget hotels, devotional souvenir retail, pure-veg multi-cuisine restaurants, passenger cab services, and travel booking desks.",1,High Opportunity (Affordable / High Upside),13.8,4.08,42.0
Buldhana,Shegaon,Alasana,15.73,24.5,33.33,69.97,30.03,11.51,3,Pilgrimage & Heritage Tourism,"Alasana is a sacred pilgrimage and historical landmark attracting millions of spiritual seekers, cultural travelers, and weekend tourists throughout the year.","High scope for modern budget hotels, devotional souvenir retail, pure-veg multi-cuisine restaurants, passenger cab services, and travel booking desks.",1,High Opportunity (Affordable / High Upside),22.34,6.61,42.0
Buldhana,Malkapur,Malkapur Grain Market,10.92,16.6,25.23,60.82,39.18,7.69,3,Semi-Urban Market Town,"Malkapur Grain Market serves as a pivotal commercial hub for surrounding rural agrarian villages, providing essential retail, agricultural supplies, and trade services.","Scope for agro-input supply centers, hardware and cement stores, mobile repair shops, local restaurants, and daily consumer goods distribution.",1,High Opportunity (Affordable / High Upside),15.51,4.59,42.0
Buldhana,Malkapur,Dharangaon Malkapur,11.17,16.71,22.98,60.32,39.68,7.73,3,Semi-Urban Market Town,"Dharangaon Malkapur serves as a pivotal commercial hub for surrounding rural agrarian villages, providing essential retail, agricultural supplies, and trade services.","Scope for agro-input supply centers, hardware and cement stores, mobile repair shops, local restaurants, and daily consumer goods distribution.",1,High Opportunity (Affordable / High Upside),15.86,4.69,42.0
Buldhana,Malkapur,Datala,13.32,20.97,29.38,74.2,25.8,9.68,3,Semi-Urban Market Town,"Datala serves as a pivotal commercial hub for surrounding rural agrarian villages, providing essential retail, agricultural supplies, and trade services.","Scope for agro-input supply centers, hardware and cement stores, mobile repair shops, local restaurants, and daily consumer goods distribution.",0,Developing Market (Mid Tier),18.91,5.59,42.0
Buldhana,Malkapur,Wadoda,8.81,13.31,20.48,58.02,41.98,6.0,3,Semi-Urban Market Town,"Wadoda serves as a pivotal commercial hub for surrounding rural agrarian villages, providing essential retail, agricultural supplies, and trade services.","Scope for agro-input supply centers, hardware and cement stores, mobile repair shops, local restaurants, and daily consumer goods distribution.",1,High Opportunity (Affordable / High Upside),12.51,3.7,42.0
Buldhana,Chikhli,Chikhli Town,12.67,19.44,30.07,73.97,26.03,9.36,3,Semi-Urban Market Town,"Chikhli Town serves as a pivotal commercial hub for surrounding rural agrarian villages, providing essential retail, agricultural supplies, and trade services.","Scope for agro-input supply centers, hardware and cement stores, mobile repair shops, local restaurants, and daily consumer goods distribution.",0,Developing Market (Mid Tier),17.99,5.32,42.0
Buldhana,Chikhli,Undri,12.36,18.65,26.52,66.75,33.25,8.89,3,Semi-Urban Market Town,"Undri serves as a pivotal commercial hub for surrounding rural agrarian villages, providing essential retail, agricultural supplies, and trade services.","Scope for agro-input supply centers, hardware and cement stores, mobile repair shops, local restaurants, and daily consumer goods distribution.",1,High Opportunity (Affordable / High Upside),17.55,5.19,42.0
Buldhana,Chikhli,Kharbadi,12.32,18.7,28.02,73.33,26.67,8.86,3,Semi-Urban Market Town,"Kharbadi serves as a pivotal commercial hub for surrounding rural agrarian villages, providing essential retail, agricultural supplies, and trade services.","Scope for agro-input supply centers, hardware and cement stores, mobile repair shops, local restaurants, and daily consumer goods distribution.",0,Developing Market (Mid Tier),17.49,5.17,42.0
Buldhana,Chikhli,Amrapur Buldhana,13.43,20.21,29.4,63.32,36.68,9.2,3,Semi-Urban Market Town,"Amrapur Buldhana serves as a pivotal commercial hub for surrounding rural agrarian villages, providing essential retail, agricultural supplies, and trade services.","Scope for agro-input supply centers, hardware and cement stores, mobile repair shops, local restaurants, and daily consumer goods distribution.",1,High Opportunity (Affordable / High Upside),19.07,5.64,42.0
Buldhana,Chikhli,Eklara,15.04,22.36,33.18,66.9,33.1,11.36,3,Semi-Urban Market Town,"Eklara serves as a pivotal commercial hub for surrounding rural agrarian villages, providing essential retail, agricultural supplies, and trade services.","Scope for agro-input supply centers, hardware and cement stores, mobile repair shops, local restaurants, and daily consumer goods distribution.",1,High Opportunity (Affordable / High Upside),21.36,6.32,42.0
Buldhana,Mehkar,Mehkar Town,10.12,15.5,20.82,62.76,37.24,7.04,3,Semi-Urban Market Town,"Mehkar Town serves as a pivotal commercial hub for surrounding rural agrarian villages, providing essential retail, agricultural supplies, and trade services.","Scope for agro-input supply centers, hardware and cement stores, mobile repair shops, local restaurants, and daily consumer goods distribution.",1,High Opportunity (Affordable / High Upside),14.37,4.25,42.0
Buldhana,Mehkar,Dongaon,10.09,14.7,21.42,75.18,24.82,7.13,3,Semi-Urban Market Town,"Dongaon serves as a pivotal commercial hub for surrounding rural agrarian villages, providing essential retail, agricultural supplies, and trade services.","Scope for agro-input supply centers, hardware and cement stores, mobile repair shops, local restaurants, and daily consumer goods distribution.",0,Developing Market (Mid Tier),14.33,4.24,42.0
Buldhana,Mehkar,Janefal,12.42,19.31,28.15,59.62,40.38,8.74,3,Semi-Urban Market Town,"Janefal serves as a pivotal commercial hub for surrounding rural agrarian villages, providing essential retail, agricultural supplies, and trade services.","Scope for agro-input supply centers, hardware and cement stores, mobile repair shops, local restaurants, and daily consumer goods distribution.",1,High Opportunity (Affordable / High Upside),17.64,5.22,42.0
Buldhana,Mehkar,Janephal,13.4,21.09,31.15,70.46,29.54,9.9,3,Semi-Urban Market Town,"Janephal serves as a pivotal commercial hub for surrounding rural agrarian villages, providing essential retail, agricultural supplies, and trade services.","Scope for agro-input supply centers, hardware and cement stores, mobile repair shops, local restaurants, and daily consumer goods distribution.",0,Developing Market (Mid Tier),19.03,5.63,42.0
Buldhana,Mehkar,Loni Gawali,14.16,21.92,32.97,69.44,30.56,9.95,3,Semi-Urban Market Town,"Loni Gawali serves as a pivotal commercial hub for surrounding rural agrarian villages, providing essential retail, agricultural supplies, and trade services.","Scope for agro-input supply centers, hardware and cement stores, mobile repair shops, local restaurants, and daily consumer goods distribution.",1,High Opportunity (Affordable / High Upside),20.11,5.95,42.0
Buldhana,Lonar,Lonar Meteor Crater World Heritage,13.74,20.98,28.75,60.99,39.01,10.01,3,Pilgrimage & Heritage Tourism,"Lonar Meteor Crater World Heritage is a sacred pilgrimage and historical landmark attracting millions of spiritual seekers, cultural travelers, and weekend tourists throughout the year.","High scope for modern budget hotels, devotional souvenir retail, pure-veg multi-cuisine restaurants, passenger cab services, and travel booking desks.",1,High Opportunity (Affordable / High Upside),19.51,5.77,42.0
Buldhana,Lonar,Sultanpur,7.91,11.76,18.81,63.07,36.93,5.51,3,Semi-Urban Market Town,"Sultanpur serves as a pivotal commercial hub for surrounding rural agrarian villages, providing essential retail, agricultural supplies, and trade services.","Scope for agro-input supply centers, hardware and cement stores, mobile repair shops, local restaurants, and daily consumer goods distribution.",1,High Opportunity (Affordable / High Upside),11.23,3.32,42.0
Buldhana,Lonar,Titwi,7.42,10.56,17.37,64.14,35.86,5.14,3,Semi-Urban Market Town,"Titwi serves as a pivotal commercial hub for surrounding rural agrarian villages, providing essential retail, agricultural supplies, and trade services.","Scope for agro-input supply centers, hardware and cement stores, mobile repair shops, local restaurants, and daily consumer goods distribution.",1,High Opportunity (Affordable / High Upside),10.54,3.12,42.0
Buldhana,Lonar,Wadhona,14.45,22.59,29.77,58.27,41.73,10.32,3,Semi-Urban Market Town,"Wadhona serves as a pivotal commercial hub for surrounding rural agrarian villages, providing essential retail, agricultural supplies, and trade services.","Scope for agro-input supply centers, hardware and cement stores, mobile repair shops, local restaurants, and daily consumer goods distribution.",1,High Opportunity (Affordable / High Upside),20.52,6.07,42.0
Buldhana,Deulgaon Raja,Deulgaon Raja Balaji Shrine,12.56,18.08,26.68,62.16,37.84,8.88,3,Semi-Urban Market Town,"Deulgaon Raja Balaji Shrine serves as a pivotal commercial hub for surrounding rural agrarian villages, providing essential retail, agricultural supplies, and trade services.","Scope for agro-input supply centers, hardware and cement stores, mobile repair shops, local restaurants, and daily consumer goods distribution.",1,High Opportunity (Affordable / High Upside),17.84,5.28,42.0
Buldhana,Deulgaon Raja,Sindkhed Raja Jijau Janmabhoomi,10.2,14.56,23.86,62.35,37.65,7.06,3,Semi-Urban Market Town,"Sindkhed Raja Jijau Janmabhoomi serves as a pivotal commercial hub for surrounding rural agrarian villages, providing essential retail, agricultural supplies, and trade services.","Scope for agro-input supply centers, hardware and cement stores, mobile repair shops, local restaurants, and daily consumer goods distribution.",1,High Opportunity (Affordable / High Upside),14.48,4.28,42.0
Buldhana,Deulgaon Raja,Mhasla Raja,13.21,19.85,30.0,71.13,28.87,9.96,3,Semi-Urban Market Town,"Mhasla Raja serves as a pivotal commercial hub for surrounding rural agrarian villages, providing essential retail, agricultural supplies, and trade services.","Scope for agro-input supply centers, hardware and cement stores, mobile repair shops, local restaurants, and daily consumer goods distribution.",0,Developing Market (Mid Tier),18.76,5.55,42.0
Buldhana,Deulgaon Raja,Bajirao Peth,10.94,16.33,25.47,59.22,40.78,7.53,3,Semi-Urban Market Town,"Bajirao Peth serves as a pivotal commercial hub for surrounding rural agrarian villages, providing essential retail, agricultural supplies, and trade services.","Scope for agro-input supply centers, hardware and cement stores, mobile repair shops, local restaurants, and daily consumer goods distribution.",1,High Opportunity (Affordable / High Upside),15.53,4.59,42.0
Buldhana,Nandura,Nandura 105ft Hanuman Statue,12.5,19.31,29.53,73.47,26.53,8.54,3,Semi-Urban Market Town,"Nandura 105ft Hanuman Statue serves as a pivotal commercial hub for surrounding rural agrarian villages, providing essential retail, agricultural supplies, and trade services.","Scope for agro-input supply centers, hardware and cement stores, mobile repair shops, local restaurants, and daily consumer goods distribution.",0,Developing Market (Mid Tier),17.75,5.25,42.0
Buldhana,Nandura,Wadner Bholji,7.95,12.09,18.58,75.22,24.78,5.51,3,Semi-Urban Market Town,"Wadner Bholji serves as a pivotal commercial hub for surrounding rural agrarian villages, providing essential retail, agricultural supplies, and trade services.","Scope for agro-input supply centers, hardware and cement stores, mobile repair shops, local restaurants, and daily consumer goods distribution.",0,Developing Market (Mid Tier),11.29,3.34,42.0
Buldhana,Nandura,Nimgaon,9.63,14.35,21.35,71.65,28.35,6.62,3,Semi-Urban Market Town,"Nimgaon serves as a pivotal commercial hub for surrounding rural agrarian villages, providing essential retail, agricultural supplies, and trade services.","Scope for agro-input supply centers, hardware and cement stores, mobile repair shops, local restaurants, and daily consumer goods distribution.",0,Developing Market (Mid Tier),13.67,4.04,42.0
Buldhana,Nandura,Chandur Biswa,12.82,18.89,26.86,73.97,26.03,9.17,3,Semi-Urban Market Town,"Chandur Biswa serves as a pivotal commercial hub for surrounding rural agrarian villages, providing essential retail, agricultural supplies, and trade services.","Scope for agro-input supply centers, hardware and cement stores, mobile repair shops, local restaurants, and daily consumer goods distribution.",0,Developing Market (Mid Tier),18.2,5.38,42.0
Buldhana,Jalgaon Jamod,Jalgaon Jamod Town,10.74,16.57,22.89,73.18,26.82,7.6,3,Semi-Urban Market Town,"Jalgaon Jamod Town serves as a pivotal commercial hub for surrounding rural agrarian villages, providing essential retail, agricultural supplies, and trade services.","Scope for agro-input supply centers, hardware and cement stores, mobile repair shops, local restaurants, and daily consumer goods distribution.",0,Developing Market (Mid Tier),15.25,4.51,42.0
Buldhana,Jalgaon Jamod,Khamkhed,11.55,16.56,25.1,72.1,27.9,8.19,3,Semi-Urban Market Town,"Khamkhed serves as a pivotal commercial hub for surrounding rural agrarian villages, providing essential retail, agricultural supplies, and trade services.","Scope for agro-input supply centers, hardware and cement stores, mobile repair shops, local restaurants, and daily consumer goods distribution.",0,Developing Market (Mid Tier),16.4,4.85,42.0
Buldhana,Jalgaon Jamod,Asalgaon,12.98,18.75,29.84,65.43,34.57,9.06,3,Semi-Urban Market Town,"Asalgaon serves as a pivotal commercial hub for surrounding rural agrarian villages, providing essential retail, agricultural supplies, and trade services.","Scope for agro-input supply centers, hardware and cement stores, mobile repair shops, local restaurants, and daily consumer goods distribution.",1,High Opportunity (Affordable / High Upside),18.43,5.45,42.0
Buldhana,Jalgaon Jamod,Pimpalgaon Kale,14.22,21.13,31.07,66.18,33.82,10.64,3,Horticulture & Cash Crop Hub,"Pimpalgaon Kale is an internationally recognized horticulture hub famous for high-yield produce (grapes, onions, citrus), wholesale APMC markets, and agro-processing facilities.","Prime scope for agro-dehydration units, post-harvest sorting and grading sheds, wine tasting tourism, and direct export brokerage.",1,High Opportunity (Affordable / High Upside),20.19,5.97,42.0
Yavatmal,Yavatmal,Yavatmal Cotton City,13.15,19.43,27.09,57.91,42.09,8.95,3,Cotton & Agrarian Trade Center,"Yavatmal Cotton City is situated in Vidarbha's core cotton cultivation belt, supported by active ginning mills, oil extraction units, and agricultural marketing cooperatives.","Strong commercial potential for cotton seed oil refineries, bio-mass briquette production, and micro-irrigation system dealerships.",1,High Opportunity (Affordable / High Upside),18.67,5.52,42.0
Yavatmal,Yavatmal,Lohara MIDC,13.26,20.83,27.55,61.3,38.7,10.06,3,Cotton & Agrarian Trade Center,"Lohara MIDC is situated in Vidarbha's core cotton cultivation belt, supported by active ginning mills, oil extraction units, and agricultural marketing cooperatives.","Strong commercial potential for cotton seed oil refineries, bio-mass briquette production, and micro-irrigation system dealerships.",1,High Opportunity (Affordable / High Upside),18.83,5.57,42.0
Yavatmal,Yavatmal,Wadgaon Yavatmal,7.48,10.7,17.21,68.2,31.8,5.47,3,Cotton & Agrarian Trade Center,"Wadgaon Yavatmal is situated in Vidarbha's core cotton cultivation belt, supported by active ginning mills, oil extraction units, and agricultural marketing cooperatives.","Strong commercial potential for cotton seed oil refineries, bio-mass briquette production, and micro-irrigation system dealerships.",1,High Opportunity (Affordable / High Upside),10.62,3.14,42.0
Yavatmal,Yavatmal,Pimpalgaon Yavatmal,14.12,20.18,31.89,69.27,30.73,10.35,3,Horticulture & Cash Crop Hub,"Pimpalgaon Yavatmal is an internationally recognized horticulture hub famous for high-yield produce (grapes, onions, citrus), wholesale APMC markets, and agro-processing facilities.","Prime scope for agro-dehydration units, post-harvest sorting and grading sheds, wine tasting tourism, and direct export brokerage.",1,High Opportunity (Affordable / High Upside),20.05,5.93,42.0
Yavatmal,Yavatmal,Bori Arab,10.68,15.67,23.31,68.62,31.38,7.74,3,Cotton & Agrarian Trade Center,"Bori Arab is situated in Vidarbha's core cotton cultivation belt, supported by active ginning mills, oil extraction units, and agricultural marketing cooperatives.","Strong commercial potential for cotton seed oil refineries, bio-mass briquette production, and micro-irrigation system dealerships.",1,High Opportunity (Affordable / High Upside),15.17,4.49,42.0
Yavatmal,Pusad,Pusad Education Town,8.74,13.45,20.54,55.16,44.84,6.14,3,Semi-Urban Market Town,"Pusad Education Town serves as a pivotal commercial hub for surrounding rural agrarian villages, providing essential retail, agricultural supplies, and trade services.","Scope for agro-input supply centers, hardware and cement stores, mobile repair shops, local restaurants, and daily consumer goods distribution.",1,High Opportunity (Affordable / High Upside),12.41,3.67,42.0
Yavatmal,Pusad,Vasantnagar,10.75,16.85,24.52,63.92,36.08,7.49,3,Semi-Urban Market Town,"Vasantnagar serves as a pivotal commercial hub for surrounding rural agrarian villages, providing essential retail, agricultural supplies, and trade services.","Scope for agro-input supply centers, hardware and cement stores, mobile repair shops, local restaurants, and daily consumer goods distribution.",1,High Opportunity (Affordable / High Upside),15.26,4.51,42.0
Yavatmal,Pusad,Kumbhari Pusad,10.9,16.85,24.69,68.95,31.05,8.19,3,Semi-Urban Market Town,"Kumbhari Pusad serves as a pivotal commercial hub for surrounding rural agrarian villages, providing essential retail, agricultural supplies, and trade services.","Scope for agro-input supply centers, hardware and cement stores, mobile repair shops, local restaurants, and daily consumer goods distribution.",1,High Opportunity (Affordable / High Upside),15.48,4.58,42.0
Yavatmal,Pusad,Shembalpimpri,13.03,19.35,27.56,61.03,38.97,8.9,3,Semi-Urban Market Town,"Shembalpimpri serves as a pivotal commercial hub for surrounding rural agrarian villages, providing essential retail, agricultural supplies, and trade services.","Scope for agro-input supply centers, hardware and cement stores, mobile repair shops, local restaurants, and daily consumer goods distribution.",1,High Opportunity (Affordable / High Upside),18.5,5.47,42.0
Yavatmal,Pusad,Ghaat,9.01,13.84,20.67,57.52,42.48,6.84,3,Semi-Urban Market Town,"Ghaat serves as a pivotal commercial hub for surrounding rural agrarian villages, providing essential retail, agricultural supplies, and trade services.","Scope for agro-input supply centers, hardware and cement stores, mobile repair shops, local restaurants, and daily consumer goods distribution.",1,High Opportunity (Affordable / High Upside),12.79,3.78,42.0
Yavatmal,Wani,Wani Coal Capital,8.56,12.28,19.11,65.43,34.57,6.34,3,Semi-Urban Market Town,"Wani Coal Capital serves as a pivotal commercial hub for surrounding rural agrarian villages, providing essential retail, agricultural supplies, and trade services.","Scope for agro-input supply centers, hardware and cement stores, mobile repair shops, local restaurants, and daily consumer goods distribution.",1,High Opportunity (Affordable / High Upside),12.16,3.6,42.1
Yavatmal,Wani,Kayar,7.44,10.6,17.21,66.85,33.15,5.2,3,Semi-Urban Market Town,"Kayar serves as a pivotal commercial hub for surrounding rural agrarian villages, providing essential retail, agricultural supplies, and trade services.","Scope for agro-input supply centers, hardware and cement stores, mobile repair shops, local restaurants, and daily consumer goods distribution.",1,High Opportunity (Affordable / High Upside),10.56,3.12,41.9
Yavatmal,Wani,Maregaon Road,12.97,19.93,30.81,57.21,42.79,8.88,3,Semi-Urban Market Town,"Maregaon Road serves as a pivotal commercial hub for surrounding rural agrarian villages, providing essential retail, agricultural supplies, and trade services.","Scope for agro-input supply centers, hardware and cement stores, mobile repair shops, local restaurants, and daily consumer goods distribution.",1,High Opportunity (Affordable / High Upside),18.42,5.45,42.0
Yavatmal,Wani,Mukutban Limestone Hub,9.36,14.23,20.28,55.95,44.05,6.85,3,Semi-Urban Market Town,"Mukutban Limestone Hub serves as a pivotal commercial hub for surrounding rural agrarian villages, providing essential retail, agricultural supplies, and trade services.","Scope for agro-input supply centers, hardware and cement stores, mobile repair shops, local restaurants, and daily consumer goods distribution.",1,High Opportunity (Affordable / High Upside),13.29,3.93,42.0
Yavatmal,Umarkhed,Umarkhed Town,7.12,10.45,16.33,64.06,35.94,5.4,3,Semi-Urban Market Town,"Umarkhed Town serves as a pivotal commercial hub for surrounding rural agrarian villages, providing essential retail, agricultural supplies, and trade services.","Scope for agro-input supply centers, hardware and cement stores, mobile repair shops, local restaurants, and daily consumer goods distribution.",1,High Opportunity (Affordable / High Upside),10.11,2.99,42.0
Yavatmal,Umarkhed,Dhanki,13.25,20.91,29.64,72.89,27.11,9.68,3,Semi-Urban Market Town,"Dhanki serves as a pivotal commercial hub for surrounding rural agrarian villages, providing essential retail, agricultural supplies, and trade services.","Scope for agro-input supply centers, hardware and cement stores, mobile repair shops, local restaurants, and daily consumer goods distribution.",0,Developing Market (Mid Tier),18.81,5.56,42.0
Yavatmal,Umarkhed,Vidul,10.8,16.37,23.39,60.69,39.31,8.02,3,Semi-Urban Market Town,"Vidul serves as a pivotal commercial hub for surrounding rural agrarian villages, providing essential retail, agricultural supplies, and trade services.","Scope for agro-input supply centers, hardware and cement stores, mobile repair shops, local restaurants, and daily consumer goods distribution.",1,High Opportunity (Affordable / High Upside),15.34,4.54,42.0
Yavatmal,Umarkhed,Chatari,12.43,18.99,28.41,65.39,34.61,8.7,3,Semi-Urban Market Town,"Chatari serves as a pivotal commercial hub for surrounding rural agrarian villages, providing essential retail, agricultural supplies, and trade services.","Scope for agro-input supply centers, hardware and cement stores, mobile repair shops, local restaurants, and daily consumer goods distribution.",1,High Opportunity (Affordable / High Upside),17.65,5.22,42.0
Yavatmal,Digras,Digras Town,8.95,13.54,20.78,62.23,37.77,6.16,3,Semi-Urban Market Town,"Digras Town serves as a pivotal commercial hub for surrounding rural agrarian villages, providing essential retail, agricultural supplies, and trade services.","Scope for agro-input supply centers, hardware and cement stores, mobile repair shops, local restaurants, and daily consumer goods distribution.",1,High Opportunity (Affordable / High Upside),12.71,3.76,42.0
Yavatmal,Digras,Tuptakli,12.4,19.25,25.76,56.24,43.76,9.31,3,Semi-Urban Market Town,"Tuptakli serves as a pivotal commercial hub for surrounding rural agrarian villages, providing essential retail, agricultural supplies, and trade services.","Scope for agro-input supply centers, hardware and cement stores, mobile repair shops, local restaurants, and daily consumer goods distribution.",1,High Opportunity (Affordable / High Upside),17.61,5.21,42.0
Yavatmal,Digras,Singad,10.29,15.35,22.35,65.53,34.47,7.48,3,Semi-Urban Market Town,"Singad serves as a pivotal commercial hub for surrounding rural agrarian villages, providing essential retail, agricultural supplies, and trade services.","Scope for agro-input supply centers, hardware and cement stores, mobile repair shops, local restaurants, and daily consumer goods distribution.",1,High Opportunity (Affordable / High Upside),14.61,4.32,42.0
Yavatmal,Digras,Dehali,10.67,15.83,22.8,64.98,35.02,7.62,3,Semi-Urban Market Town,"Dehali serves as a pivotal commercial hub for surrounding rural agrarian villages, providing essential retail, agricultural supplies, and trade services.","Scope for agro-input supply centers, hardware and cement stores, mobile repair shops, local restaurants, and daily consumer goods distribution.",1,High Opportunity (Affordable / High Upside),15.15,4.48,42.0
Yavatmal,Darwha,Darwha Town,9.96,15.63,22.03,74.47,25.53,7.43,3,Semi-Urban Market Town,"Darwha Town serves as a pivotal commercial hub for surrounding rural agrarian villages, providing essential retail, agricultural supplies, and trade services.","Scope for agro-input supply centers, hardware and cement stores, mobile repair shops, local restaurants, and daily consumer goods distribution.",0,Developing Market (Mid Tier),14.14,4.18,42.0
Yavatmal,Darwha,Bhandegaon,7.3,10.51,16.68,57.59,42.41,5.38,3,Semi-Urban Market Town,"Bhandegaon serves as a pivotal commercial hub for surrounding rural agrarian villages, providing essential retail, agricultural supplies, and trade services.","Scope for agro-input supply centers, hardware and cement stores, mobile repair shops, local restaurants, and daily consumer goods distribution.",1,High Opportunity (Affordable / High Upside),10.37,3.07,42.1
Yavatmal,Darwha,Ladkhed,13.77,19.81,29.19,64.47,35.53,10.19,3,Semi-Urban Market Town,"Ladkhed serves as a pivotal commercial hub for surrounding rural agrarian villages, providing essential retail, agricultural supplies, and trade services.","Scope for agro-input supply centers, hardware and cement stores, mobile repair shops, local restaurants, and daily consumer goods distribution.",1,High Opportunity (Affordable / High Upside),19.55,5.78,42.0
Yavatmal,Darwha,Chikhali Darwha,14.5,21.45,34.28,67.03,32.97,10.33,3,Semi-Urban Market Town,"Chikhali Darwha serves as a pivotal commercial hub for surrounding rural agrarian villages, providing essential retail, agricultural supplies, and trade services.","Scope for agro-input supply centers, hardware and cement stores, mobile repair shops, local restaurants, and daily consumer goods distribution.",1,High Opportunity (Affordable / High Upside),20.59,6.09,42.0
Yavatmal,Ghatanji,Ghatanji Cotton Market,7.09,10.72,14.63,58.07,41.93,5.03,3,Cotton & Agrarian Trade Center,"Ghatanji Cotton Market is situated in Vidarbha's core cotton cultivation belt, supported by active ginning mills, oil extraction units, and agricultural marketing cooperatives.","Strong commercial potential for cotton seed oil refineries, bio-mass briquette production, and micro-irrigation system dealerships.",1,High Opportunity (Affordable / High Upside),10.07,2.98,42.0
Yavatmal,Ghatanji,Parwa,14.92,21.91,32.98,70.82,29.18,10.32,3,Semi-Urban Market Town,"Parwa serves as a pivotal commercial hub for surrounding rural agrarian villages, providing essential retail, agricultural supplies, and trade services.","Scope for agro-input supply centers, hardware and cement stores, mobile repair shops, local restaurants, and daily consumer goods distribution.",0,Developing Market (Mid Tier),21.19,6.27,42.0
Yavatmal,Ghatanji,Sayfal,11.31,16.15,26.52,72.78,27.22,7.89,3,Semi-Urban Market Town,"Sayfal serves as a pivotal commercial hub for surrounding rural agrarian villages, providing essential retail, agricultural supplies, and trade services.","Scope for agro-input supply centers, hardware and cement stores, mobile repair shops, local restaurants, and daily consumer goods distribution.",0,Developing Market (Mid Tier),16.06,4.75,42.0
Yavatmal,Ghatanji,Koli Ghatanji,13.37,20.03,27.95,61.97,38.03,10.02,3,Semi-Urban Market Town,"Koli Ghatanji serves as a pivotal commercial hub for surrounding rural agrarian villages, providing essential retail, agricultural supplies, and trade services.","Scope for agro-input supply centers, hardware and cement stores, mobile repair shops, local restaurants, and daily consumer goods distribution.",1,High Opportunity (Affordable / High Upside),18.99,5.62,42.0
Yavatmal,Pandharkawada (Kelapur),Pandharkawada Town,9.76,14.75,21.83,73.01,26.99,7.25,3,Semi-Urban Market Town,"Pandharkawada Town serves as a pivotal commercial hub for surrounding rural agrarian villages, providing essential retail, agricultural supplies, and trade services.","Scope for agro-input supply centers, hardware and cement stores, mobile repair shops, local restaurants, and daily consumer goods distribution.",0,Developing Market (Mid Tier),13.86,4.1,42.0
Yavatmal,Pandharkawada (Kelapur),Tipeshwar Wildlife Sanctuary,10.28,15.78,23.13,70.24,29.76,7.41,3,Semi-Urban Market Town,"Tipeshwar Wildlife Sanctuary serves as a pivotal commercial hub for surrounding rural agrarian villages, providing essential retail, agricultural supplies, and trade services.","Scope for agro-input supply centers, hardware and cement stores, mobile repair shops, local restaurants, and daily consumer goods distribution.",1,High Opportunity (Affordable / High Upside),14.6,4.32,42.0
Yavatmal,Pandharkawada (Kelapur),Patangao,10.15,15.14,22.31,72.33,27.67,7.17,3,Semi-Urban Market Town,"Patangao serves as a pivotal commercial hub for surrounding rural agrarian villages, providing essential retail, agricultural supplies, and trade services.","Scope for agro-input supply centers, hardware and cement stores, mobile repair shops, local restaurants, and daily consumer goods distribution.",0,Developing Market (Mid Tier),14.41,4.26,42.0
Yavatmal,Pandharkawada (Kelapur),Bori Kelapur,13.2,20.15,28.84,59.66,40.34,9.39,3,Semi-Urban Market Town,"Bori Kelapur serves as a pivotal commercial hub for surrounding rural agrarian villages, providing essential retail, agricultural supplies, and trade services.","Scope for agro-input supply centers, hardware and cement stores, mobile repair shops, local restaurants, and daily consumer goods distribution.",1,High Opportunity (Affordable / High Upside),18.74,5.54,42.0
Yavatmal,Ralegaon,Ralegaon Town,10.87,17.1,25.48,69.72,30.28,7.95,3,Semi-Urban Market Town,"Ralegaon Town serves as a pivotal commercial hub for surrounding rural agrarian villages, providing essential retail, agricultural supplies, and trade services.","Scope for agro-input supply centers, hardware and cement stores, mobile repair shops, local restaurants, and daily consumer goods distribution.",1,High Opportunity (Affordable / High Upside),15.44,4.57,42.0
Yavatmal,Ralegaon,Wadhona Ralegaon,13.79,21.14,30.87,70.92,29.08,10.16,3,Semi-Urban Market Town,"Wadhona Ralegaon serves as a pivotal commercial hub for surrounding rural agrarian villages, providing essential retail, agricultural supplies, and trade services.","Scope for agro-input supply centers, hardware and cement stores, mobile repair shops, local restaurants, and daily consumer goods distribution.",0,Developing Market (Mid Tier),19.58,5.79,42.0
Yavatmal,Ralegaon,Jalka,11.05,15.91,24.69,58.85,41.15,8.06,3,Semi-Urban Market Town,"Jalka serves as a pivotal commercial hub for surrounding rural agrarian villages, providing essential retail, agricultural supplies, and trade services.","Scope for agro-input supply centers, hardware and cement stores, mobile repair shops, local restaurants, and daily consumer goods distribution.",1,High Opportunity (Affordable / High Upside),15.69,4.64,42.0
Yavatmal,Ralegaon,Guhikhed,11.19,15.98,25.05,58.79,41.21,8.04,3,Semi-Urban Market Town,"Guhikhed serves as a pivotal commercial hub for surrounding rural agrarian villages, providing essential retail, agricultural supplies, and trade services.","Scope for agro-input supply centers, hardware and cement stores, mobile repair shops, local restaurants, and daily consumer goods distribution.",1,High Opportunity (Affordable / High Upside),15.89,4.7,42.0
Yavatmal,Ner,Ner Parsopant,14.07,20.25,33.19,58.59,41.41,9.59,3,Semi-Urban Market Town,"Ner Parsopant serves as a pivotal commercial hub for surrounding rural agrarian villages, providing essential retail, agricultural supplies, and trade services.","Scope for agro-input supply centers, hardware and cement stores, mobile repair shops, local restaurants, and daily consumer goods distribution.",1,High Opportunity (Affordable / High Upside),19.98,5.91,42.0
Yavatmal,Ner,Ajanti,13.08,19.09,29.86,72.75,27.25,9.36,3,Semi-Urban Market Town,"Ajanti serves as a pivotal commercial hub for surrounding rural agrarian villages, providing essential retail, agricultural supplies, and trade services.","Scope for agro-input supply centers, hardware and cement stores, mobile repair shops, local restaurants, and daily consumer goods distribution.",0,Developing Market (Mid Tier),18.57,5.49,42.0
Yavatmal,Ner,Malkhed,13.26,20.12,28.94,55.9,44.1,9.93,3,Semi-Urban Market Town,"Malkhed serves as a pivotal commercial hub for surrounding rural agrarian villages, providing essential retail, agricultural supplies, and trade services.","Scope for agro-input supply centers, hardware and cement stores, mobile repair shops, local restaurants, and daily consumer goods distribution.",1,High Opportunity (Affordable / High Upside),18.83,5.57,42.0
Yavatmal,Ner,Indrathana,6.21,9.25,13.58,72.19,27.81,4.38,3,Semi-Urban Market Town,"Indrathana serves as a pivotal commercial hub for surrounding rural agrarian villages, providing essential retail, agricultural supplies, and trade services.","Scope for agro-input supply centers, hardware and cement stores, mobile repair shops, local restaurants, and daily consumer goods distribution.",0,Developing Market (Mid Tier),8.82,2.61,42.0
Washim,Washim,Washim Holy City,7.06,10.15,14.7,55.36,44.64,4.88,4,Rural Agrarian & Forest Landscape,"Washim Holy City is a scenic rural agrarian settlement situated amidst natural forest and farmland, characterized by traditional agriculture and close community ties.","Scope for village grocery stores, solar micro-power installations, eco-tourism homestays, non-timber forest produce collection, and farm equipment hire.",1,High Opportunity (Affordable / High Upside),10.03,2.97,42.1
Washim,Washim,Balaji Mandir Area,7.04,10.1,15.14,60.15,39.85,4.88,4,Rural Agrarian & Forest Landscape,"Balaji Mandir Area is a scenic rural agrarian settlement situated amidst natural forest and farmland, characterized by traditional agriculture and close community ties.","Scope for village grocery stores, solar micro-power installations, eco-tourism homestays, non-timber forest produce collection, and farm equipment hire.",1,High Opportunity (Affordable / High Upside),10.0,2.96,42.0
Washim,Washim,Civil Lines,9.92,14.6,20.42,53.17,46.83,7.06,4,Rural Agrarian & Forest Landscape,"Civil Lines is a scenic rural agrarian settlement situated amidst natural forest and farmland, characterized by traditional agriculture and close community ties.","Scope for village grocery stores, solar micro-power installations, eco-tourism homestays, non-timber forest produce collection, and farm equipment hire.",1,High Opportunity (Affordable / High Upside),14.09,4.17,42.0
Washim,Washim,MIDC Lakhala,7.56,11.23,16.31,59.51,40.49,5.64,4,Industrial & Automotive MIDC,"MIDC Lakhala is a planned industrial manufacturing ecosystem supporting heavy engineering, automotive assembly, chemical plants, and precision component fabrication.","Robust scope for industrial hardware supply, scrap recycling, contractual worker transport, industrial safety gear, and CNC tooling services.",1,High Opportunity (Affordable / High Upside),10.74,3.18,42.1
Washim,Washim,Kata,5.97,8.67,13.72,63.72,36.28,4.3,4,Rural Agrarian & Forest Landscape,"Kata is a scenic rural agrarian settlement situated amidst natural forest and farmland, characterized by traditional agriculture and close community ties.","Scope for village grocery stores, solar micro-power installations, eco-tourism homestays, non-timber forest produce collection, and farm equipment hire.",1,High Opportunity (Affordable / High Upside),8.48,2.51,42.0
Washim,Washim,Shelgaon,11.02,16.33,23.01,53.21,46.79,7.9,4,Rural Agrarian & Forest Landscape,"Shelgaon is a scenic rural agrarian settlement situated amidst natural forest and farmland, characterized by traditional agriculture and close community ties.","Scope for village grocery stores, solar micro-power installations, eco-tourism homestays, non-timber forest produce collection, and farm equipment hire.",1,High Opportunity (Affordable / High Upside),15.65,4.63,42.0
Washim,Karanja Lad,Karanja Lad Narsimha Saraswati Shrine,8.26,12.37,18.04,56.67,43.33,6.2,4,Rural Agrarian & Forest Landscape,"Karanja Lad Narsimha Saraswati Shrine is a scenic rural agrarian settlement situated amidst natural forest and farmland, characterized by traditional agriculture and close community ties.","Scope for village grocery stores, solar micro-power installations, eco-tourism homestays, non-timber forest produce collection, and farm equipment hire.",1,High Opportunity (Affordable / High Upside),11.73,3.47,42.0
Washim,Karanja Lad,Karanja Town,7.15,11.26,16.25,56.93,43.07,5.18,4,Rural Agrarian & Forest Landscape,"Karanja Town is a scenic rural agrarian settlement situated amidst natural forest and farmland, characterized by traditional agriculture and close community ties.","Scope for village grocery stores, solar micro-power installations, eco-tourism homestays, non-timber forest produce collection, and farm equipment hire.",1,High Opportunity (Affordable / High Upside),10.15,3.0,42.0
Washim,Karanja Lad,Kamargaon,11.28,16.57,24.64,53.68,46.32,8.24,4,Rural Agrarian & Forest Landscape,"Kamargaon is a scenic rural agrarian settlement situated amidst natural forest and farmland, characterized by traditional agriculture and close community ties.","Scope for village grocery stores, solar micro-power installations, eco-tourism homestays, non-timber forest produce collection, and farm equipment hire.",1,High Opportunity (Affordable / High Upside),16.02,4.74,42.0
Washim,Karanja Lad,Manora Road,6.63,10.44,14.41,71.71,28.29,4.92,4,Rural Agrarian & Forest Landscape,"Manora Road is a scenic rural agrarian settlement situated amidst natural forest and farmland, characterized by traditional agriculture and close community ties.","Scope for village grocery stores, solar micro-power installations, eco-tourism homestays, non-timber forest produce collection, and farm equipment hire.",0,Developing Market (Mid Tier),9.41,2.78,41.9
Washim,Karanja Lad,Poha,9.3,13.84,21.86,61.03,38.97,6.32,4,Rural Agrarian & Forest Landscape,"Poha is a scenic rural agrarian settlement situated amidst natural forest and farmland, characterized by traditional agriculture and close community ties.","Scope for village grocery stores, solar micro-power installations, eco-tourism homestays, non-timber forest produce collection, and farm equipment hire.",1,High Opportunity (Affordable / High Upside),13.21,3.91,42.0
Washim,Risod,Risod Town,8.72,13.54,18.71,71.44,28.56,5.93,4,Rural Agrarian & Forest Landscape,"Risod Town is a scenic rural agrarian settlement situated amidst natural forest and farmland, characterized by traditional agriculture and close community ties.","Scope for village grocery stores, solar micro-power installations, eco-tourism homestays, non-timber forest produce collection, and farm equipment hire.",0,Developing Market (Mid Tier),12.38,3.66,42.0
Washim,Risod,Karakhel,12.47,18.67,28.02,68.79,31.21,8.86,4,Rural Agrarian & Forest Landscape,"Karakhel is a scenic rural agrarian settlement situated amidst natural forest and farmland, characterized by traditional agriculture and close community ties.","Scope for village grocery stores, solar micro-power installations, eco-tourism homestays, non-timber forest produce collection, and farm equipment hire.",1,High Opportunity (Affordable / High Upside),17.71,5.24,42.0
Washim,Risod,Asegaon Pen,7.81,11.88,17.52,62.21,37.79,5.34,4,Rural Agrarian & Forest Landscape,"Asegaon Pen is a scenic rural agrarian settlement situated amidst natural forest and farmland, characterized by traditional agriculture and close community ties.","Scope for village grocery stores, solar micro-power installations, eco-tourism homestays, non-timber forest produce collection, and farm equipment hire.",1,High Opportunity (Affordable / High Upside),11.09,3.28,42.0
Washim,Risod,Shirpur Jain Historical Shrine,10.91,16.48,23.45,59.91,40.09,7.53,4,Education & Knowledge Hub,"Shirpur Jain Historical Shrine is a prominent regional education destination with colleges, competitive exam coaching institutes, and a large annual influx of students.","High scope for student hostels, PG rentals, reading libraries/study spaces, stationery publishing, and quick-service student food stalls.",1,High Opportunity (Affordable / High Upside),15.49,4.58,42.0
Washim,Malegaon Washim,Malegaon Jahangir,6.12,9.24,13.11,60.64,39.36,4.46,4,Textile & Powerloom Cluster,"Malegaon Jahangir is a famous textile manufacturing center with a rich legacy of powerloom weaving, yarn trading, sizing mills, and traditional artisanal fabric craft.","Excellent scope for loom automation spares, textile dyes and chemicals trading, garment finishing and packaging, and solar rooftop power.",1,High Opportunity (Affordable / High Upside),8.69,2.57,42.0
Washim,Malegaon Washim,Sirpur,12.66,18.62,28.8,58.85,41.15,8.87,4,Textile & Powerloom Cluster,"Sirpur is a famous textile manufacturing center with a rich legacy of powerloom weaving, yarn trading, sizing mills, and traditional artisanal fabric craft.","Excellent scope for loom automation spares, textile dyes and chemicals trading, garment finishing and packaging, and solar rooftop power.",1,High Opportunity (Affordable / High Upside),17.98,5.32,42.0
Washim,Malegaon Washim,Kenwad,11.02,16.45,23.49,71.66,28.34,7.79,4,Textile & Powerloom Cluster,"Kenwad is a famous textile manufacturing center with a rich legacy of powerloom weaving, yarn trading, sizing mills, and traditional artisanal fabric craft.","Excellent scope for loom automation spares, textile dyes and chemicals trading, garment finishing and packaging, and solar rooftop power.",0,Developing Market (Mid Tier),15.65,4.63,42.0
Washim,Malegaon Washim,Medshi,8.68,13.16,17.84,65.84,34.16,6.35,4,Textile & Powerloom Cluster,"Medshi is a famous textile manufacturing center with a rich legacy of powerloom weaving, yarn trading, sizing mills, and traditional artisanal fabric craft.","Excellent scope for loom automation spares, textile dyes and chemicals trading, garment finishing and packaging, and solar rooftop power.",1,High Opportunity (Affordable / High Upside),12.33,3.65,42.1
Washim,Mangrulpir,Mangrulpir Dargah Town,5.02,7.51,11.78,65.45,34.55,3.58,4,Rural Agrarian & Forest Landscape,"Mangrulpir Dargah Town is a scenic rural agrarian settlement situated amidst natural forest and farmland, characterized by traditional agriculture and close community ties.","Scope for village grocery stores, solar micro-power installations, eco-tourism homestays, non-timber forest produce collection, and farm equipment hire.",1,High Opportunity (Affordable / High Upside),7.13,2.11,42.0
Washim,Mangrulpir,Arola,12.16,18.64,27.99,62.76,37.24,9.03,4,Rural Agrarian & Forest Landscape,"Arola is a scenic rural agrarian settlement situated amidst natural forest and farmland, characterized by traditional agriculture and close community ties.","Scope for village grocery stores, solar micro-power installations, eco-tourism homestays, non-timber forest produce collection, and farm equipment hire.",1,High Opportunity (Affordable / High Upside),17.27,5.11,42.0
Washim,Mangrulpir,Manabha,10.19,14.6,20.99,68.64,31.36,7.48,4,Rural Agrarian & Forest Landscape,"Manabha is a scenic rural agrarian settlement situated amidst natural forest and farmland, characterized by traditional agriculture and close community ties.","Scope for village grocery stores, solar micro-power installations, eco-tourism homestays, non-timber forest produce collection, and farm equipment hire.",1,High Opportunity (Affordable / High Upside),14.47,4.28,42.0
Washim,Mangrulpir,Dhamni,10.38,15.33,24.06,68.55,31.45,7.36,4,Rural Agrarian & Forest Landscape,"Dhamni is a scenic rural agrarian settlement situated amidst natural forest and farmland, characterized by traditional agriculture and close community ties.","Scope for village grocery stores, solar micro-power installations, eco-tourism homestays, non-timber forest produce collection, and farm equipment hire.",1,High Opportunity (Affordable / High Upside),14.74,4.36,42.0
Washim,Manora,Manora Town,6.42,9.91,14.64,52.17,47.83,4.6,4,Rural Agrarian & Forest Landscape,"Manora Town is a scenic rural agrarian settlement situated amidst natural forest and farmland, characterized by traditional agriculture and close community ties.","Scope for village grocery stores, solar micro-power installations, eco-tourism homestays, non-timber forest produce collection, and farm equipment hire.",1,High Opportunity (Affordable / High Upside),9.12,2.7,42.1
Washim,Manora,Waigul,12.49,18.62,26.52,52.4,47.6,8.77,4,Rural Agrarian & Forest Landscape,"Waigul is a scenic rural agrarian settlement situated amidst natural forest and farmland, characterized by traditional agriculture and close community ties.","Scope for village grocery stores, solar micro-power installations, eco-tourism homestays, non-timber forest produce collection, and farm equipment hire.",1,High Opportunity (Affordable / High Upside),17.74,5.25,42.0
Washim,Manora,Pohradevi Banjara Shrine,12.37,18.27,25.73,64.27,35.73,8.71,4,Rural Agrarian & Forest Landscape,"Pohradevi Banjara Shrine is a scenic rural agrarian settlement situated amidst natural forest and farmland, characterized by traditional agriculture and close community ties.","Scope for village grocery stores, solar micro-power installations, eco-tourism homestays, non-timber forest produce collection, and farm equipment hire.",1,High Opportunity (Affordable / High Upside),17.57,5.2,42.0
Washim,Manora,Kupta Manora,10.74,15.65,23.77,59.26,40.74,7.54,4,Rural Agrarian & Forest Landscape,"Kupta Manora is a scenic rural agrarian settlement situated amidst natural forest and farmland, characterized by traditional agriculture and close community ties.","Scope for village grocery stores, solar micro-power installations, eco-tourism homestays, non-timber forest produce collection, and farm equipment hire.",1,High Opportunity (Affordable / High Upside),15.25,4.51,42.0
Nagpur,Nagpur Urban,Sitabuldi,45.52,69.79,96.46,71.92,28.08,33.94,2,Growing Tier-2 Urban Center,"Sitabuldi is an emerging urban locality experiencing rapid residential construction, infrastructure modernization, and an influx of middle-income families.","Prime scope for supermarket franchises, two-wheeler dealerships, family apparel retail, coaching classes, and diagnostic medical labs.",0,Developing Market (Mid Tier),64.64,19.12,42.0
Nagpur,Nagpur Urban,Dharampeth,32.3,50.36,72.28,77.88,22.12,23.39,2,Tech & Corporate IT Corridor,"Dharampeth is a premier technology and corporate employment center hosting multinational software companies, modern business towers, and a high-density professional workforce.","High scope for managed co-living spaces, corporate catering, 24/7 cloud kitchens, executive gyms, and electric vehicle charging infrastructure.",0,Developing Market (Mid Tier),45.87,13.57,42.0
Nagpur,Nagpur Urban,Ramdaspeth,39.16,59.15,89.1,79.3,20.7,26.83,2,Growing Tier-2 Urban Center,"Ramdaspeth is an emerging urban locality experiencing rapid residential construction, infrastructure modernization, and an influx of middle-income families.","Prime scope for supermarket franchises, two-wheeler dealerships, family apparel retail, coaching classes, and diagnostic medical labs.",0,Developing Market (Mid Tier),55.61,16.45,42.0
Nagpur,Nagpur Urban,Sadar,25.33,36.23,54.1,79.4,20.6,17.69,2,Growing Tier-2 Urban Center,"Sadar is an emerging urban locality experiencing rapid residential construction, infrastructure modernization, and an influx of middle-income families.","Prime scope for supermarket franchises, two-wheeler dealerships, family apparel retail, coaching classes, and diagnostic medical labs.",0,Developing Market (Mid Tier),35.97,10.64,42.0
Nagpur,Nagpur Urban,Civil Lines Nagpur,35.6,55.01,75.23,81.56,18.44,27.03,2,Growing Tier-2 Urban Center,"Civil Lines Nagpur is an emerging urban locality experiencing rapid residential construction, infrastructure modernization, and an influx of middle-income families.","Prime scope for supermarket franchises, two-wheeler dealerships, family apparel retail, coaching classes, and diagnostic medical labs.",0,Developing Market (Mid Tier),50.55,14.95,42.0
Nagpur,Nagpur Urban,Wardha Road,40.02,60.24,85.38,79.2,20.8,28.67,2,Growing Tier-2 Urban Center,"Wardha Road is an emerging urban locality experiencing rapid residential construction, infrastructure modernization, and an influx of middle-income families.","Prime scope for supermarket franchises, two-wheeler dealerships, family apparel retail, coaching classes, and diagnostic medical labs.",0,Developing Market (Mid Tier),56.83,16.81,42.0
Nagpur,Nagpur Urban,Manish Nagar,46.39,70.63,109.54,69.04,30.96,35.03,2,Growing Tier-2 Urban Center,"Manish Nagar is an emerging urban locality experiencing rapid residential construction, infrastructure modernization, and an influx of middle-income families.","Prime scope for supermarket franchises, two-wheeler dealerships, family apparel retail, coaching classes, and diagnostic medical labs.",0,Developing Market (Mid Tier),65.87,19.48,42.0
Nagpur,Nagpur Urban,Besur,33.25,52.51,71.17,81.6,18.4,23.85,2,Growing Tier-2 Urban Center,"Besur is an emerging urban locality experiencing rapid residential construction, infrastructure modernization, and an influx of middle-income families.","Prime scope for supermarket franchises, two-wheeler dealerships, family apparel retail, coaching classes, and diagnostic medical labs.",0,Developing Market (Mid Tier),47.22,13.97,42.0
Nagpur,Nagpur Urban,Nandanvan,31.4,48.4,73.53,72.49,27.51,22.05,2,Growing Tier-2 Urban Center,"Nandanvan is an emerging urban locality experiencing rapid residential construction, infrastructure modernization, and an influx of middle-income families.","Prime scope for supermarket franchises, two-wheeler dealerships, family apparel retail, coaching classes, and diagnostic medical labs.",0,Developing Market (Mid Tier),44.59,13.19,42.0
Nagpur,Hingna,Hingna MIDC Industrial Zone,32.92,49.11,67.54,71.89,28.11,22.6,2,Industrial & Automotive MIDC,"Hingna MIDC Industrial Zone is a planned industrial manufacturing ecosystem supporting heavy engineering, automotive assembly, chemical plants, and precision component fabrication.","Robust scope for industrial hardware supply, scrap recycling, contractual worker transport, industrial safety gear, and CNC tooling services.",0,Developing Market (Mid Tier),46.75,13.83,42.0
Nagpur,Hingna,MIHAN SEZ AIIMS Area,36.87,52.51,84.56,87.56,12.44,26.32,2,Tech & Corporate IT Corridor,"MIHAN SEZ AIIMS Area is a premier technology and corporate employment center hosting multinational software companies, modern business towers, and a high-density professional workforce.","High scope for managed co-living spaces, corporate catering, 24/7 cloud kitchens, executive gyms, and electric vehicle charging infrastructure.",0,Developing Market (Mid Tier),52.36,15.49,42.0
Nagpur,Hingna,Wadi,23.94,34.95,50.38,74.22,25.78,17.48,2,Growing Tier-2 Urban Center,"Wadi is an emerging urban locality experiencing rapid residential construction, infrastructure modernization, and an influx of middle-income families.","Prime scope for supermarket franchises, two-wheeler dealerships, family apparel retail, coaching classes, and diagnostic medical labs.",0,Developing Market (Mid Tier),33.99,10.05,42.0
Nagpur,Hingna,Wanadongri,24.51,36.69,56.78,79.85,20.15,17.89,2,Growing Tier-2 Urban Center,"Wanadongri is an emerging urban locality experiencing rapid residential construction, infrastructure modernization, and an influx of middle-income families.","Prime scope for supermarket franchises, two-wheeler dealerships, family apparel retail, coaching classes, and diagnostic medical labs.",0,Developing Market (Mid Tier),34.8,10.29,42.0
Nagpur,Hingna,Isasani,30.69,44.81,64.01,72.77,27.23,21.71,2,Growing Tier-2 Urban Center,"Isasani is an emerging urban locality experiencing rapid residential construction, infrastructure modernization, and an influx of middle-income families.","Prime scope for supermarket franchises, two-wheeler dealerships, family apparel retail, coaching classes, and diagnostic medical labs.",0,Developing Market (Mid Tier),43.58,12.89,42.0
Nagpur,Hingna,Nildoh,23.42,34.51,54.15,86.87,13.13,17.38,2,Growing Tier-2 Urban Center,"Nildoh is an emerging urban locality experiencing rapid residential construction, infrastructure modernization, and an influx of middle-income families.","Prime scope for supermarket franchises, two-wheeler dealerships, family apparel retail, coaching classes, and diagnostic medical labs.",0,Developing Market (Mid Tier),33.26,9.84,42.0
Nagpur,Kamptee,Kamptee Cantonment,38.11,58.78,85.99,79.58,20.42,26.18,2,Growing Tier-2 Urban Center,"Kamptee Cantonment is an emerging urban locality experiencing rapid residential construction, infrastructure modernization, and an influx of middle-income families.","Prime scope for supermarket franchises, two-wheeler dealerships, family apparel retail, coaching classes, and diagnostic medical labs.",0,Developing Market (Mid Tier),54.12,16.01,42.0
Nagpur,Kamptee,Dragon Palace Temple,23.58,33.61,50.78,84.95,15.05,16.16,2,Pilgrimage & Heritage Tourism,"Dragon Palace Temple is a sacred pilgrimage and historical landmark attracting millions of spiritual seekers, cultural travelers, and weekend tourists throughout the year.","High scope for modern budget hotels, devotional souvenir retail, pure-veg multi-cuisine restaurants, passenger cab services, and travel booking desks.",0,Developing Market (Mid Tier),33.48,9.9,42.0
Nagpur,Kamptee,Kanhan River Basin,25.32,39.68,55.6,74.03,25.97,18.49,2,Growing Tier-2 Urban Center,"Kanhan River Basin is an emerging urban locality experiencing rapid residential construction, infrastructure modernization, and an influx of middle-income families.","Prime scope for supermarket franchises, two-wheeler dealerships, family apparel retail, coaching classes, and diagnostic medical labs.",0,Developing Market (Mid Tier),35.95,10.63,42.0
Nagpur,Kamptee,Kapsi Logistics Hub,23.71,36.24,52.98,73.9,26.1,16.85,2,Logistics & Warehousing Corridor,"Kapsi Logistics Hub forms part of Maharashtra's crucial logistics and container transit artery, directly serving multi-modal freight corridors, seaports, and e-commerce distribution warehouses.","Tremendous scope for logistics automation, 3PL fulfillment centers, commercial heavy vehicle repairs, and truck driver amenities.",0,Developing Market (Mid Tier),33.67,9.96,42.0
Nagpur,Kamptee,Bhilgaon,24.49,37.72,52.09,79.99,20.01,17.95,2,Growing Tier-2 Urban Center,"Bhilgaon is an emerging urban locality experiencing rapid residential construction, infrastructure modernization, and an influx of middle-income families.","Prime scope for supermarket franchises, two-wheeler dealerships, family apparel retail, coaching classes, and diagnostic medical labs.",0,Developing Market (Mid Tier),34.78,10.29,42.0
Nagpur,Kamptee,Gumthala,22.28,33.01,51.52,85.6,14.4,16.25,2,Growing Tier-2 Urban Center,"Gumthala is an emerging urban locality experiencing rapid residential construction, infrastructure modernization, and an influx of middle-income families.","Prime scope for supermarket franchises, two-wheeler dealerships, family apparel retail, coaching classes, and diagnostic medical labs.",0,Developing Market (Mid Tier),31.64,9.36,42.0
Nagpur,Umred,Umred Karhandla Tiger Reserve Base,30.83,48.4,71.17,77.08,22.92,21.77,2,Growing Tier-2 Urban Center,"Umred Karhandla Tiger Reserve Base is an emerging urban locality experiencing rapid residential construction, infrastructure modernization, and an influx of middle-income families.","Prime scope for supermarket franchises, two-wheeler dealerships, family apparel retail, coaching classes, and diagnostic medical labs.",0,Developing Market (Mid Tier),43.78,12.95,42.0
Nagpur,Umred,MIDC Umred,27.0,38.78,60.65,69.35,30.65,20.07,2,Industrial & Automotive MIDC,"MIDC Umred is a planned industrial manufacturing ecosystem supporting heavy engineering, automotive assembly, chemical plants, and precision component fabrication.","Robust scope for industrial hardware supply, scrap recycling, contractual worker transport, industrial safety gear, and CNC tooling services.",0,Developing Market (Mid Tier),38.34,11.34,42.0
Nagpur,Umred,Sirsi,27.03,40.86,61.1,73.13,26.87,19.29,2,Growing Tier-2 Urban Center,"Sirsi is an emerging urban locality experiencing rapid residential construction, infrastructure modernization, and an influx of middle-income families.","Prime scope for supermarket franchises, two-wheeler dealerships, family apparel retail, coaching classes, and diagnostic medical labs.",0,Developing Market (Mid Tier),38.38,11.35,42.0
Nagpur,Umred,Bhiwapur Road,40.84,60.9,87.0,83.94,16.06,27.97,2,Growing Tier-2 Urban Center,"Bhiwapur Road is an emerging urban locality experiencing rapid residential construction, infrastructure modernization, and an influx of middle-income families.","Prime scope for supermarket franchises, two-wheeler dealerships, family apparel retail, coaching classes, and diagnostic medical labs.",0,Developing Market (Mid Tier),57.99,17.15,42.0
Nagpur,Umred,Makardhokra,30.1,44.84,71.24,83.09,16.91,21.22,2,Growing Tier-2 Urban Center,"Makardhokra is an emerging urban locality experiencing rapid residential construction, infrastructure modernization, and an influx of middle-income families.","Prime scope for supermarket franchises, two-wheeler dealerships, family apparel retail, coaching classes, and diagnostic medical labs.",0,Developing Market (Mid Tier),42.74,12.64,42.0
Nagpur,Katol,Katol Orange Market,45.02,69.51,94.48,74.17,25.83,31.85,2,Horticulture & Cash Crop Hub,"Katol Orange Market is an internationally recognized horticulture hub famous for high-yield produce (grapes, onions, citrus), wholesale APMC markets, and agro-processing facilities.","Prime scope for agro-dehydration units, post-harvest sorting and grading sheds, wine tasting tourism, and direct export brokerage.",0,Developing Market (Mid Tier),63.93,18.91,42.0
Nagpur,Katol,MIDC Katol,31.59,44.9,70.87,81.57,18.43,21.63,2,Industrial & Automotive MIDC,"MIDC Katol is a planned industrial manufacturing ecosystem supporting heavy engineering, automotive assembly, chemical plants, and precision component fabrication.","Robust scope for industrial hardware supply, scrap recycling, contractual worker transport, industrial safety gear, and CNC tooling services.",0,Developing Market (Mid Tier),44.86,13.27,42.0
Nagpur,Katol,Kondhali,35.18,54.66,82.09,76.44,23.56,24.47,2,Growing Tier-2 Urban Center,"Kondhali is an emerging urban locality experiencing rapid residential construction, infrastructure modernization, and an influx of middle-income families.","Prime scope for supermarket franchises, two-wheeler dealerships, family apparel retail, coaching classes, and diagnostic medical labs.",0,Developing Market (Mid Tier),49.96,14.78,42.0
Nagpur,Katol,Paradsinga,27.21,42.59,62.83,74.83,25.17,19.96,2,Growing Tier-2 Urban Center,"Paradsinga is an emerging urban locality experiencing rapid residential construction, infrastructure modernization, and an influx of middle-income families.","Prime scope for supermarket franchises, two-wheeler dealerships, family apparel retail, coaching classes, and diagnostic medical labs.",0,Developing Market (Mid Tier),38.64,11.43,42.0
Nagpur,Katol,Sawargaon Katol,40.06,63.18,90.05,74.62,25.38,29.09,2,Growing Tier-2 Urban Center,"Sawargaon Katol is an emerging urban locality experiencing rapid residential construction, infrastructure modernization, and an influx of middle-income families.","Prime scope for supermarket franchises, two-wheeler dealerships, family apparel retail, coaching classes, and diagnostic medical labs.",0,Developing Market (Mid Tier),56.89,16.83,42.0
Nagpur,Kalmeshwar,Kalmeshwar Steel & Textile MIDC,47.04,71.43,102.93,71.25,28.75,33.7,2,Industrial & Automotive MIDC,"Kalmeshwar Steel & Textile MIDC is a planned industrial manufacturing ecosystem supporting heavy engineering, automotive assembly, chemical plants, and precision component fabrication.","Robust scope for industrial hardware supply, scrap recycling, contractual worker transport, industrial safety gear, and CNC tooling services.",0,Developing Market (Mid Tier),66.8,19.76,42.0
Nagpur,Kalmeshwar,Brahmani,42.52,60.67,90.24,68.07,31.93,29.67,2,Growing Tier-2 Urban Center,"Brahmani is an emerging urban locality experiencing rapid residential construction, infrastructure modernization, and an influx of middle-income families.","Prime scope for supermarket franchises, two-wheeler dealerships, family apparel retail, coaching classes, and diagnostic medical labs.",0,Developing Market (Mid Tier),60.38,17.86,42.0
Nagpur,Kalmeshwar,Dhapewada,27.99,42.54,59.59,82.69,17.31,21.17,2,Growing Tier-2 Urban Center,"Dhapewada is an emerging urban locality experiencing rapid residential construction, infrastructure modernization, and an influx of middle-income families.","Prime scope for supermarket franchises, two-wheeler dealerships, family apparel retail, coaching classes, and diagnostic medical labs.",0,Developing Market (Mid Tier),39.75,11.76,42.0
Nagpur,Kalmeshwar,Mohpa,30.62,47.11,64.85,71.68,28.32,23.25,2,Growing Tier-2 Urban Center,"Mohpa is an emerging urban locality experiencing rapid residential construction, infrastructure modernization, and an influx of middle-income families.","Prime scope for supermarket franchises, two-wheeler dealerships, family apparel retail, coaching classes, and diagnostic medical labs.",0,Developing Market (Mid Tier),43.48,12.86,42.0
Nagpur,Saoner,Saoner Coal Hub,31.43,45.0,64.74,70.3,29.7,22.1,2,Growing Tier-2 Urban Center,"Saoner Coal Hub is an emerging urban locality experiencing rapid residential construction, infrastructure modernization, and an influx of middle-income families.","Prime scope for supermarket franchises, two-wheeler dealerships, family apparel retail, coaching classes, and diagnostic medical labs.",0,Developing Market (Mid Tier),44.63,13.2,42.0
Nagpur,Saoner,Khapa,27.05,40.95,62.29,68.88,31.12,18.46,2,Growing Tier-2 Urban Center,"Khapa is an emerging urban locality experiencing rapid residential construction, infrastructure modernization, and an influx of middle-income families.","Prime scope for supermarket franchises, two-wheeler dealerships, family apparel retail, coaching classes, and diagnostic medical labs.",1,High Opportunity (Affordable / High Upside),38.41,11.36,42.0
Nagpur,Saoner,Kelod,27.14,39.3,63.57,82.38,17.62,19.19,2,Growing Tier-2 Urban Center,"Kelod is an emerging urban locality experiencing rapid residential construction, infrastructure modernization, and an influx of middle-income families.","Prime scope for supermarket franchises, two-wheeler dealerships, family apparel retail, coaching classes, and diagnostic medical labs.",0,Developing Market (Mid Tier),38.54,11.4,42.0
Nagpur,Saoner,Walni Coal Mines,36.42,52.76,74.92,84.86,15.14,27.42,2,Growing Tier-2 Urban Center,"Walni Coal Mines is an emerging urban locality experiencing rapid residential construction, infrastructure modernization, and an influx of middle-income families.","Prime scope for supermarket franchises, two-wheeler dealerships, family apparel retail, coaching classes, and diagnostic medical labs.",0,Developing Market (Mid Tier),51.72,15.3,42.0
Nagpur,Ramtek,Ramtek Historic Temple & Lake,22.55,34.47,49.05,83.75,16.25,15.53,2,Pilgrimage & Heritage Tourism,"Ramtek Historic Temple & Lake is a sacred pilgrimage and historical landmark attracting millions of spiritual seekers, cultural travelers, and weekend tourists throughout the year.","High scope for modern budget hotels, devotional souvenir retail, pure-veg multi-cuisine restaurants, passenger cab services, and travel booking desks.",0,Developing Market (Mid Tier),32.02,9.47,42.0
Nagpur,Ramtek,Mansar Archaeological Site,46.34,68.06,98.67,84.19,15.81,33.96,2,Growing Tier-2 Urban Center,"Mansar Archaeological Site is an emerging urban locality experiencing rapid residential construction, infrastructure modernization, and an influx of middle-income families.","Prime scope for supermarket franchises, two-wheeler dealerships, family apparel retail, coaching classes, and diagnostic medical labs.",0,Developing Market (Mid Tier),65.8,19.46,42.0
Nagpur,Ramtek,Navegaon Khairi,46.47,73.25,110.56,85.63,14.37,34.87,2,Growing Tier-2 Urban Center,"Navegaon Khairi is an emerging urban locality experiencing rapid residential construction, infrastructure modernization, and an influx of middle-income families.","Prime scope for supermarket franchises, two-wheeler dealerships, family apparel retail, coaching classes, and diagnostic medical labs.",0,Developing Market (Mid Tier),65.99,19.52,42.0
Nagpur,Ramtek,Kachurwahi,23.7,34.2,55.81,83.9,16.1,16.48,2,Growing Tier-2 Urban Center,"Kachurwahi is an emerging urban locality experiencing rapid residential construction, infrastructure modernization, and an influx of middle-income families.","Prime scope for supermarket franchises, two-wheeler dealerships, family apparel retail, coaching classes, and diagnostic medical labs.",0,Developing Market (Mid Tier),33.65,9.95,42.0
Nagpur,Narkhed,Narkhed Citrus Hub,31.83,47.1,71.55,87.54,12.46,22.27,2,Horticulture & Cash Crop Hub,"Narkhed Citrus Hub is an internationally recognized horticulture hub famous for high-yield produce (grapes, onions, citrus), wholesale APMC markets, and agro-processing facilities.","Prime scope for agro-dehydration units, post-harvest sorting and grading sheds, wine tasting tourism, and direct export brokerage.",0,Developing Market (Mid Tier),45.2,13.37,42.0
Nagpur,Narkhed,Mowad,23.2,35.23,49.01,78.71,21.29,17.24,2,Growing Tier-2 Urban Center,"Mowad is an emerging urban locality experiencing rapid residential construction, infrastructure modernization, and an influx of middle-income families.","Prime scope for supermarket franchises, two-wheeler dealerships, family apparel retail, coaching classes, and diagnostic medical labs.",0,Developing Market (Mid Tier),32.94,9.74,42.0
Nagpur,Narkhed,Jalalkheda,30.52,43.6,70.58,85.46,14.54,22.83,2,Growing Tier-2 Urban Center,"Jalalkheda is an emerging urban locality experiencing rapid residential construction, infrastructure modernization, and an influx of middle-income families.","Prime scope for supermarket franchises, two-wheeler dealerships, family apparel retail, coaching classes, and diagnostic medical labs.",0,Developing Market (Mid Tier),43.34,12.82,42.0
Nagpur,Narkhed,Sawargaon Narkhed,47.18,73.68,99.98,69.63,30.37,33.86,2,Growing Tier-2 Urban Center,"Sawargaon Narkhed is an emerging urban locality experiencing rapid residential construction, infrastructure modernization, and an influx of middle-income families.","Prime scope for supermarket franchises, two-wheeler dealerships, family apparel retail, coaching classes, and diagnostic medical labs.",0,Developing Market (Mid Tier),67.0,19.82,42.0
Nagpur,Mouda,Mouda NTPC Power Plant,39.25,56.14,87.05,83.03,16.97,28.72,2,Industrial & Automotive MIDC,"Mouda NTPC Power Plant is a planned industrial manufacturing ecosystem supporting heavy engineering, automotive assembly, chemical plants, and precision component fabrication.","Robust scope for industrial hardware supply, scrap recycling, contractual worker transport, industrial safety gear, and CNC tooling services.",0,Developing Market (Mid Tier),55.74,16.49,42.0
Nagpur,Mouda,Khat,35.24,52.85,77.64,74.44,25.56,25.02,2,Growing Tier-2 Urban Center,"Khat is an emerging urban locality experiencing rapid residential construction, infrastructure modernization, and an influx of middle-income families.","Prime scope for supermarket franchises, two-wheeler dealerships, family apparel retail, coaching classes, and diagnostic medical labs.",0,Developing Market (Mid Tier),50.04,14.8,42.0
Nagpur,Mouda,Tarsa,40.06,61.47,88.66,73.37,26.63,28.53,2,Growing Tier-2 Urban Center,"Tarsa is an emerging urban locality experiencing rapid residential construction, infrastructure modernization, and an influx of middle-income families.","Prime scope for supermarket franchises, two-wheeler dealerships, family apparel retail, coaching classes, and diagnostic medical labs.",0,Developing Market (Mid Tier),56.89,16.83,42.0
Nagpur,Mouda,Chirwa,45.95,69.54,94.75,72.39,27.61,31.99,2,Growing Tier-2 Urban Center,"Chirwa is an emerging urban locality experiencing rapid residential construction, infrastructure modernization, and an influx of middle-income families.","Prime scope for supermarket franchises, two-wheeler dealerships, family apparel retail, coaching classes, and diagnostic medical labs.",0,Developing Market (Mid Tier),65.25,19.3,42.0
Nagpur,Kuhi,Kuhi Town,44.44,65.92,95.59,85.77,14.23,32.25,2,Growing Tier-2 Urban Center,"Kuhi Town is an emerging urban locality experiencing rapid residential construction, infrastructure modernization, and an influx of middle-income families.","Prime scope for supermarket franchises, two-wheeler dealerships, family apparel retail, coaching classes, and diagnostic medical labs.",0,Developing Market (Mid Tier),63.1,18.66,42.0
Nagpur,Kuhi,Mandhal,46.32,68.55,103.37,70.69,29.31,31.81,2,Growing Tier-2 Urban Center,"Mandhal is an emerging urban locality experiencing rapid residential construction, infrastructure modernization, and an influx of middle-income families.","Prime scope for supermarket franchises, two-wheeler dealerships, family apparel retail, coaching classes, and diagnostic medical labs.",0,Developing Market (Mid Tier),65.77,19.45,42.0
Nagpur,Kuhi,Ambhora Sangam,33.56,49.54,75.27,77.31,22.69,24.49,2,Growing Tier-2 Urban Center,"Ambhora Sangam is an emerging urban locality experiencing rapid residential construction, infrastructure modernization, and an influx of middle-income families.","Prime scope for supermarket franchises, two-wheeler dealerships, family apparel retail, coaching classes, and diagnostic medical labs.",0,Developing Market (Mid Tier),47.66,14.1,42.0
Nagpur,Kuhi,Titad,33.08,49.45,72.28,84.09,15.91,23.33,2,Growing Tier-2 Urban Center,"Titad is an emerging urban locality experiencing rapid residential construction, infrastructure modernization, and an influx of middle-income families.","Prime scope for supermarket franchises, two-wheeler dealerships, family apparel retail, coaching classes, and diagnostic medical labs.",0,Developing Market (Mid Tier),46.97,13.89,42.0
Wardha,Wardha,Wardha City,11.82,17.12,25.14,70.91,29.09,8.38,3,Semi-Urban Market Town,"Wardha City serves as a pivotal commercial hub for surrounding rural agrarian villages, providing essential retail, agricultural supplies, and trade services.","Scope for agro-input supply centers, hardware and cement stores, mobile repair shops, local restaurants, and daily consumer goods distribution.",0,Developing Market (Mid Tier),16.78,4.96,42.0
Wardha,Wardha,Sevagram Ashram Gandhian Heritage,8.82,13.71,19.57,70.87,29.13,6.55,3,Pilgrimage & Heritage Tourism,"Sevagram Ashram Gandhian Heritage is a sacred pilgrimage and historical landmark attracting millions of spiritual seekers, cultural travelers, and weekend tourists throughout the year.","High scope for modern budget hotels, devotional souvenir retail, pure-veg multi-cuisine restaurants, passenger cab services, and travel booking desks.",0,Developing Market (Mid Tier),12.52,3.7,42.0
Wardha,Wardha,Gopuri,17.27,24.8,35.81,58.77,41.23,12.02,3,Semi-Urban Market Town,"Gopuri serves as a pivotal commercial hub for surrounding rural agrarian villages, providing essential retail, agricultural supplies, and trade services.","Scope for agro-input supply centers, hardware and cement stores, mobile repair shops, local restaurants, and daily consumer goods distribution.",1,High Opportunity (Affordable / High Upside),24.52,7.25,42.0
Wardha,Wardha,MIDC Sevagram,9.97,14.68,21.43,74.31,25.69,7.32,3,Industrial & Automotive MIDC,"MIDC Sevagram is a planned industrial manufacturing ecosystem supporting heavy engineering, automotive assembly, chemical plants, and precision component fabrication.","Robust scope for industrial hardware supply, scrap recycling, contractual worker transport, industrial safety gear, and CNC tooling services.",0,Developing Market (Mid Tier),14.16,4.19,42.0
Wardha,Wardha,Nalwadi,10.74,16.46,25.55,77.97,22.03,7.95,3,Semi-Urban Market Town,"Nalwadi serves as a pivotal commercial hub for surrounding rural agrarian villages, providing essential retail, agricultural supplies, and trade services.","Scope for agro-input supply centers, hardware and cement stores, mobile repair shops, local restaurants, and daily consumer goods distribution.",0,Developing Market (Mid Tier),15.25,4.51,42.0
Wardha,Wardha,Sindi Meghe,15.4,24.12,31.61,63.99,36.01,11.49,3,Semi-Urban Market Town,"Sindi Meghe serves as a pivotal commercial hub for surrounding rural agrarian villages, providing essential retail, agricultural supplies, and trade services.","Scope for agro-input supply centers, hardware and cement stores, mobile repair shops, local restaurants, and daily consumer goods distribution.",1,High Opportunity (Affordable / High Upside),21.87,6.47,42.0
Wardha,Wardha,Borgaon,15.83,23.5,34.57,69.6,30.4,11.59,3,Semi-Urban Market Town,"Borgaon serves as a pivotal commercial hub for surrounding rural agrarian villages, providing essential retail, agricultural supplies, and trade services.","Scope for agro-input supply centers, hardware and cement stores, mobile repair shops, local restaurants, and daily consumer goods distribution.",1,High Opportunity (Affordable / High Upside),22.48,6.65,42.0
Wardha,Hinganghat,Hinganghat Cotton & Oil Hub,12.72,19.11,29.27,60.99,39.01,9.05,3,Cotton & Agrarian Trade Center,"Hinganghat Cotton & Oil Hub is situated in Vidarbha's core cotton cultivation belt, supported by active ginning mills, oil extraction units, and agricultural marketing cooperatives.","Strong commercial potential for cotton seed oil refineries, bio-mass briquette production, and micro-irrigation system dealerships.",1,High Opportunity (Affordable / High Upside),18.06,5.34,42.0
Wardha,Hinganghat,MIDC Hinganghat,10.27,15.81,22.66,68.32,31.68,7.63,3,Cotton & Agrarian Trade Center,"MIDC Hinganghat is situated in Vidarbha's core cotton cultivation belt, supported by active ginning mills, oil extraction units, and agricultural marketing cooperatives.","Strong commercial potential for cotton seed oil refineries, bio-mass briquette production, and micro-irrigation system dealerships.",1,High Opportunity (Affordable / High Upside),14.58,4.31,42.0
Wardha,Hinganghat,Alipur,15.58,23.92,34.31,73.84,26.16,10.98,3,Cotton & Agrarian Trade Center,"Alipur is situated in Vidarbha's core cotton cultivation belt, supported by active ginning mills, oil extraction units, and agricultural marketing cooperatives.","Strong commercial potential for cotton seed oil refineries, bio-mass briquette production, and micro-irrigation system dealerships.",0,Developing Market (Mid Tier),22.12,6.54,42.0
Wardha,Hinganghat,Kandhli,9.88,15.25,22.53,62.19,37.81,7.07,3,Cotton & Agrarian Trade Center,"Kandhli is situated in Vidarbha's core cotton cultivation belt, supported by active ginning mills, oil extraction units, and agricultural marketing cooperatives.","Strong commercial potential for cotton seed oil refineries, bio-mass briquette production, and micro-irrigation system dealerships.",1,High Opportunity (Affordable / High Upside),14.03,4.15,42.0
Wardha,Hinganghat,Wadner,13.58,20.1,30.43,60.57,39.43,10.26,3,Cotton & Agrarian Trade Center,"Wadner is situated in Vidarbha's core cotton cultivation belt, supported by active ginning mills, oil extraction units, and agricultural marketing cooperatives.","Strong commercial potential for cotton seed oil refineries, bio-mass briquette production, and micro-irrigation system dealerships.",1,High Opportunity (Affordable / High Upside),19.28,5.7,42.0
Wardha,Arvi,Arvi Town,8.1,12.55,18.84,64.8,35.2,5.78,3,Semi-Urban Market Town,"Arvi Town serves as a pivotal commercial hub for surrounding rural agrarian villages, providing essential retail, agricultural supplies, and trade services.","Scope for agro-input supply centers, hardware and cement stores, mobile repair shops, local restaurants, and daily consumer goods distribution.",1,High Opportunity (Affordable / High Upside),11.5,3.4,42.0
Wardha,Arvi,Tadgaon,14.86,22.06,34.28,68.75,31.25,10.49,3,Semi-Urban Market Town,"Tadgaon serves as a pivotal commercial hub for surrounding rural agrarian villages, providing essential retail, agricultural supplies, and trade services.","Scope for agro-input supply centers, hardware and cement stores, mobile repair shops, local restaurants, and daily consumer goods distribution.",1,High Opportunity (Affordable / High Upside),21.1,6.24,42.0
Wardha,Arvi,Deurwada,8.23,12.72,19.38,61.07,38.93,6.22,3,Semi-Urban Market Town,"Deurwada serves as a pivotal commercial hub for surrounding rural agrarian villages, providing essential retail, agricultural supplies, and trade services.","Scope for agro-input supply centers, hardware and cement stores, mobile repair shops, local restaurants, and daily consumer goods distribution.",1,High Opportunity (Affordable / High Upside),11.69,3.46,42.0
Wardha,Arvi,Rohan,11.3,17.18,25.41,70.16,29.84,8.47,3,Semi-Urban Market Town,"Rohan serves as a pivotal commercial hub for surrounding rural agrarian villages, providing essential retail, agricultural supplies, and trade services.","Scope for agro-input supply centers, hardware and cement stores, mobile repair shops, local restaurants, and daily consumer goods distribution.",1,High Opportunity (Affordable / High Upside),16.05,4.75,42.0
Wardha,Deoli,Deoli Town,17.8,25.86,38.78,68.69,31.31,12.37,3,Semi-Urban Market Town,"Deoli Town serves as a pivotal commercial hub for surrounding rural agrarian villages, providing essential retail, agricultural supplies, and trade services.","Scope for agro-input supply centers, hardware and cement stores, mobile repair shops, local restaurants, and daily consumer goods distribution.",1,High Opportunity (Affordable / High Upside),25.28,7.48,42.0
Wardha,Deoli,Sawangi Meghe Medical Hub,9.09,13.74,19.99,75.89,24.11,6.25,3,Semi-Urban Market Town,"Sawangi Meghe Medical Hub serves as a pivotal commercial hub for surrounding rural agrarian villages, providing essential retail, agricultural supplies, and trade services.","Scope for agro-input supply centers, hardware and cement stores, mobile repair shops, local restaurants, and daily consumer goods distribution.",0,Developing Market (Mid Tier),12.91,3.82,42.0
Wardha,Deoli,Bhidi,9.04,13.64,18.63,71.78,28.22,6.5,3,Semi-Urban Market Town,"Bhidi serves as a pivotal commercial hub for surrounding rural agrarian villages, providing essential retail, agricultural supplies, and trade services.","Scope for agro-input supply centers, hardware and cement stores, mobile repair shops, local restaurants, and daily consumer goods distribution.",0,Developing Market (Mid Tier),12.84,3.8,42.0
Wardha,Deoli,Pulgaon Military Depot,9.87,14.13,23.37,63.68,36.32,6.9,3,Semi-Urban Market Town,"Pulgaon Military Depot serves as a pivotal commercial hub for surrounding rural agrarian villages, providing essential retail, agricultural supplies, and trade services.","Scope for agro-input supply centers, hardware and cement stores, mobile repair shops, local restaurants, and daily consumer goods distribution.",1,High Opportunity (Affordable / High Upside),14.02,4.15,42.0
Wardha,Seloo,Seloo Town,14.6,20.9,30.21,68.37,31.63,10.13,3,Semi-Urban Market Town,"Seloo Town serves as a pivotal commercial hub for surrounding rural agrarian villages, providing essential retail, agricultural supplies, and trade services.","Scope for agro-input supply centers, hardware and cement stores, mobile repair shops, local restaurants, and daily consumer goods distribution.",1,High Opportunity (Affordable / High Upside),20.73,6.13,42.0
Wardha,Seloo,Bor Wildlife Sanctuary,16.6,24.66,34.89,60.21,39.79,12.0,3,Semi-Urban Market Town,"Bor Wildlife Sanctuary serves as a pivotal commercial hub for surrounding rural agrarian villages, providing essential retail, agricultural supplies, and trade services.","Scope for agro-input supply centers, hardware and cement stores, mobile repair shops, local restaurants, and daily consumer goods distribution.",1,High Opportunity (Affordable / High Upside),23.57,6.97,42.0
Wardha,Seloo,Hingni,12.78,18.29,30.23,75.31,24.69,8.82,3,Semi-Urban Market Town,"Hingni serves as a pivotal commercial hub for surrounding rural agrarian villages, providing essential retail, agricultural supplies, and trade services.","Scope for agro-input supply centers, hardware and cement stores, mobile repair shops, local restaurants, and daily consumer goods distribution.",0,Developing Market (Mid Tier),18.15,5.37,42.0
Wardha,Seloo,Relegaon Wardha,10.06,14.98,22.98,67.5,32.5,7.33,3,Semi-Urban Market Town,"Relegaon Wardha serves as a pivotal commercial hub for surrounding rural agrarian villages, providing essential retail, agricultural supplies, and trade services.","Scope for agro-input supply centers, hardware and cement stores, mobile repair shops, local restaurants, and daily consumer goods distribution.",1,High Opportunity (Affordable / High Upside),14.29,4.23,42.0
Wardha,Samudrapur,Samudrapur Town,17.39,26.33,38.53,71.7,28.3,12.21,3,Semi-Urban Market Town,"Samudrapur Town serves as a pivotal commercial hub for surrounding rural agrarian villages, providing essential retail, agricultural supplies, and trade services.","Scope for agro-input supply centers, hardware and cement stores, mobile repair shops, local restaurants, and daily consumer goods distribution.",0,Developing Market (Mid Tier),24.69,7.3,42.0
Wardha,Samudrapur,Girad Dargah,8.07,11.64,16.71,65.98,34.02,6.01,3,Semi-Urban Market Town,"Girad Dargah serves as a pivotal commercial hub for surrounding rural agrarian villages, providing essential retail, agricultural supplies, and trade services.","Scope for agro-input supply centers, hardware and cement stores, mobile repair shops, local restaurants, and daily consumer goods distribution.",1,High Opportunity (Affordable / High Upside),11.46,3.39,42.0
Wardha,Samudrapur,Mandgaon,13.26,20.76,31.03,67.2,32.8,9.63,3,Semi-Urban Market Town,"Mandgaon serves as a pivotal commercial hub for surrounding rural agrarian villages, providing essential retail, agricultural supplies, and trade services.","Scope for agro-input supply centers, hardware and cement stores, mobile repair shops, local restaurants, and daily consumer goods distribution.",1,High Opportunity (Affordable / High Upside),18.83,5.57,42.0
Wardha,Samudrapur,Pohana,15.37,22.53,35.98,67.13,32.87,11.31,3,Semi-Urban Market Town,"Pohana serves as a pivotal commercial hub for surrounding rural agrarian villages, providing essential retail, agricultural supplies, and trade services.","Scope for agro-input supply centers, hardware and cement stores, mobile repair shops, local restaurants, and daily consumer goods distribution.",1,High Opportunity (Affordable / High Upside),21.83,6.46,42.0
Wardha,Karanja Ghadge,Karanja Ghadge Town,15.12,22.19,34.05,74.2,25.8,10.49,3,Semi-Urban Market Town,"Karanja Ghadge Town serves as a pivotal commercial hub for surrounding rural agrarian villages, providing essential retail, agricultural supplies, and trade services.","Scope for agro-input supply centers, hardware and cement stores, mobile repair shops, local restaurants, and daily consumer goods distribution.",0,Developing Market (Mid Tier),21.47,6.35,42.0
Wardha,Karanja Ghadge,Thanegaon,10.49,16.41,24.04,67.16,32.84,7.9,3,Semi-Urban Market Town,"Thanegaon serves as a pivotal commercial hub for surrounding rural agrarian villages, providing essential retail, agricultural supplies, and trade services.","Scope for agro-input supply centers, hardware and cement stores, mobile repair shops, local restaurants, and daily consumer goods distribution.",1,High Opportunity (Affordable / High Upside),14.9,4.41,42.0
Wardha,Karanja Ghadge,Nandora,9.83,14.85,21.43,76.91,23.09,6.87,3,Semi-Urban Market Town,"Nandora serves as a pivotal commercial hub for surrounding rural agrarian villages, providing essential retail, agricultural supplies, and trade services.","Scope for agro-input supply centers, hardware and cement stores, mobile repair shops, local restaurants, and daily consumer goods distribution.",0,Developing Market (Mid Tier),13.96,4.13,42.0
Wardha,Karanja Ghadge,Sarwadi,16.71,24.46,37.72,63.84,36.16,12.59,3,Semi-Urban Market Town,"Sarwadi serves as a pivotal commercial hub for surrounding rural agrarian villages, providing essential retail, agricultural supplies, and trade services.","Scope for agro-input supply centers, hardware and cement stores, mobile repair shops, local restaurants, and daily consumer goods distribution.",1,High Opportunity (Affordable / High Upside),23.73,7.02,42.0
Wardha,Ashti Wardha,Ashti Shahid Smarak,14.98,23.0,31.78,67.87,32.13,11.38,3,Semi-Urban Market Town,"Ashti Shahid Smarak serves as a pivotal commercial hub for surrounding rural agrarian villages, providing essential retail, agricultural supplies, and trade services.","Scope for agro-input supply centers, hardware and cement stores, mobile repair shops, local restaurants, and daily consumer goods distribution.",1,High Opportunity (Affordable / High Upside),21.27,6.29,42.0
Wardha,Ashti Wardha,Karanji,13.53,21.37,28.08,60.1,39.9,10.03,3,Semi-Urban Market Town,"Karanji serves as a pivotal commercial hub for surrounding rural agrarian villages, providing essential retail, agricultural supplies, and trade services.","Scope for agro-input supply centers, hardware and cement stores, mobile repair shops, local restaurants, and daily consumer goods distribution.",1,High Opportunity (Affordable / High Upside),19.21,5.68,42.0
Wardha,Ashti Wardha,Talegaon Ashti,11.26,16.8,24.02,68.12,31.88,8.07,3,Semi-Urban Market Town,"Talegaon Ashti serves as a pivotal commercial hub for surrounding rural agrarian villages, providing essential retail, agricultural supplies, and trade services.","Scope for agro-input supply centers, hardware and cement stores, mobile repair shops, local restaurants, and daily consumer goods distribution.",1,High Opportunity (Affordable / High Upside),15.99,4.73,42.0
Wardha,Ashti Wardha,Sahur,8.73,13.37,20.06,65.62,34.38,6.46,3,Semi-Urban Market Town,"Sahur serves as a pivotal commercial hub for surrounding rural agrarian villages, providing essential retail, agricultural supplies, and trade services.","Scope for agro-input supply centers, hardware and cement stores, mobile repair shops, local restaurants, and daily consumer goods distribution.",1,High Opportunity (Affordable / High Upside),12.4,3.67,42.0
Chandrapur,Chandrapur,Chandrapur City Black Gold City,16.41,24.34,33.7,60.29,39.71,12.36,3,Semi-Urban Market Town,"Chandrapur City Black Gold City serves as a pivotal commercial hub for surrounding rural agrarian villages, providing essential retail, agricultural supplies, and trade services.","Scope for agro-input supply centers, hardware and cement stores, mobile repair shops, local restaurants, and daily consumer goods distribution.",1,High Opportunity (Affordable / High Upside),23.3,6.89,42.0
Chandrapur,Chandrapur,Tadoba Andhari National Park Gateway,10.6,16.32,23.43,59.36,40.64,7.67,3,Semi-Urban Market Town,"Tadoba Andhari National Park Gateway serves as a pivotal commercial hub for surrounding rural agrarian villages, providing essential retail, agricultural supplies, and trade services.","Scope for agro-input supply centers, hardware and cement stores, mobile repair shops, local restaurants, and daily consumer goods distribution.",1,High Opportunity (Affordable / High Upside),15.05,4.45,42.0
Chandrapur,Chandrapur,MIDC Tadali,9.67,15.2,20.27,74.41,25.59,7.23,3,Industrial & Automotive MIDC,"MIDC Tadali is a planned industrial manufacturing ecosystem supporting heavy engineering, automotive assembly, chemical plants, and precision component fabrication.","Robust scope for industrial hardware supply, scrap recycling, contractual worker transport, industrial safety gear, and CNC tooling services.",0,Developing Market (Mid Tier),13.73,4.06,42.0
Chandrapur,Chandrapur,Ghuggus Coal Hub,8.88,12.64,18.5,63.88,36.12,6.42,3,Semi-Urban Market Town,"Ghuggus Coal Hub serves as a pivotal commercial hub for surrounding rural agrarian villages, providing essential retail, agricultural supplies, and trade services.","Scope for agro-input supply centers, hardware and cement stores, mobile repair shops, local restaurants, and daily consumer goods distribution.",1,High Opportunity (Affordable / High Upside),12.61,3.73,42.0
Chandrapur,Chandrapur,Urjanagar CSTPS,11.3,16.19,26.01,71.55,28.45,7.82,3,Semi-Urban Market Town,"Urjanagar CSTPS serves as a pivotal commercial hub for surrounding rural agrarian villages, providing essential retail, agricultural supplies, and trade services.","Scope for agro-input supply centers, hardware and cement stores, mobile repair shops, local restaurants, and daily consumer goods distribution.",0,Developing Market (Mid Tier),16.05,4.75,42.0
Chandrapur,Ballarpur,Ballarpur Paper City,10.94,15.91,22.55,71.5,28.5,7.63,3,Semi-Urban Market Town,"Ballarpur Paper City serves as a pivotal commercial hub for surrounding rural agrarian villages, providing essential retail, agricultural supplies, and trade services.","Scope for agro-input supply centers, hardware and cement stores, mobile repair shops, local restaurants, and daily consumer goods distribution.",0,Developing Market (Mid Tier),15.53,4.59,42.0
Chandrapur,Ballarpur,Rajura Road,14.66,22.78,33.98,70.82,29.18,10.81,3,Semi-Urban Market Town,"Rajura Road serves as a pivotal commercial hub for surrounding rural agrarian villages, providing essential retail, agricultural supplies, and trade services.","Scope for agro-input supply centers, hardware and cement stores, mobile repair shops, local restaurants, and daily consumer goods distribution.",0,Developing Market (Mid Tier),20.82,6.16,42.0
Chandrapur,Ballarpur,Visapur Ballarpur,16.87,25.01,36.3,59.05,40.95,11.48,3,Semi-Urban Market Town,"Visapur Ballarpur serves as a pivotal commercial hub for surrounding rural agrarian villages, providing essential retail, agricultural supplies, and trade services.","Scope for agro-input supply centers, hardware and cement stores, mobile repair shops, local restaurants, and daily consumer goods distribution.",1,High Opportunity (Affordable / High Upside),23.96,7.09,42.0
Chandrapur,Ballarpur,Bamani,15.5,23.91,36.53,65.49,34.51,10.84,3,Semi-Urban Market Town,"Bamani serves as a pivotal commercial hub for surrounding rural agrarian villages, providing essential retail, agricultural supplies, and trade services.","Scope for agro-input supply centers, hardware and cement stores, mobile repair shops, local restaurants, and daily consumer goods distribution.",1,High Opportunity (Affordable / High Upside),22.01,6.51,42.0
Chandrapur,Warora,Warora Anandwan Baba Amte Ashram,8.01,11.91,19.04,64.74,35.26,5.57,3,Semi-Urban Market Town,"Warora Anandwan Baba Amte Ashram serves as a pivotal commercial hub for surrounding rural agrarian villages, providing essential retail, agricultural supplies, and trade services.","Scope for agro-input supply centers, hardware and cement stores, mobile repair shops, local restaurants, and daily consumer goods distribution.",1,High Opportunity (Affordable / High Upside),11.37,3.36,41.9
Chandrapur,Warora,Shegaon Warora,14.36,20.9,33.62,73.94,26.06,10.72,3,Pilgrimage & Heritage Tourism,"Shegaon Warora is a sacred pilgrimage and historical landmark attracting millions of spiritual seekers, cultural travelers, and weekend tourists throughout the year.","High scope for modern budget hotels, devotional souvenir retail, pure-veg multi-cuisine restaurants, passenger cab services, and travel booking desks.",0,Developing Market (Mid Tier),20.39,6.03,42.0
Chandrapur,Warora,Madheli,8.85,12.8,19.36,60.15,39.85,6.25,3,Semi-Urban Market Town,"Madheli serves as a pivotal commercial hub for surrounding rural agrarian villages, providing essential retail, agricultural supplies, and trade services.","Scope for agro-input supply centers, hardware and cement stores, mobile repair shops, local restaurants, and daily consumer goods distribution.",1,High Opportunity (Affordable / High Upside),12.57,3.72,42.0
Chandrapur,Warora,Majra,13.18,19.12,27.92,68.83,31.17,9.95,3,Semi-Urban Market Town,"Majra serves as a pivotal commercial hub for surrounding rural agrarian villages, providing essential retail, agricultural supplies, and trade services.","Scope for agro-input supply centers, hardware and cement stores, mobile repair shops, local restaurants, and daily consumer goods distribution.",1,High Opportunity (Affordable / High Upside),18.72,5.54,42.0
Chandrapur,Bhadravati,Bhadravati Ordnance Factory Hub,8.33,12.11,18.06,61.47,38.53,5.93,3,Semi-Urban Market Town,"Bhadravati Ordnance Factory Hub serves as a pivotal commercial hub for surrounding rural agrarian villages, providing essential retail, agricultural supplies, and trade services.","Scope for agro-input supply centers, hardware and cement stores, mobile repair shops, local restaurants, and daily consumer goods distribution.",1,High Opportunity (Affordable / High Upside),11.83,3.5,42.0
Chandrapur,Bhadravati,Gaurav Nagar,10.48,15.53,23.07,59.32,40.68,7.81,3,Semi-Urban Market Town,"Gaurav Nagar serves as a pivotal commercial hub for surrounding rural agrarian villages, providing essential retail, agricultural supplies, and trade services.","Scope for agro-input supply centers, hardware and cement stores, mobile repair shops, local restaurants, and daily consumer goods distribution.",1,High Opportunity (Affordable / High Upside),14.88,4.4,42.0
Chandrapur,Bhadravati,Chandankheda,14.15,20.93,29.32,62.37,37.63,9.96,3,Semi-Urban Market Town,"Chandankheda serves as a pivotal commercial hub for surrounding rural agrarian villages, providing essential retail, agricultural supplies, and trade services.","Scope for agro-input supply centers, hardware and cement stores, mobile repair shops, local restaurants, and daily consumer goods distribution.",1,High Opportunity (Affordable / High Upside),20.09,5.94,42.0
Chandrapur,Bhadravati,Bijur,13.59,21.44,28.32,68.72,31.28,10.32,3,Semi-Urban Market Town,"Bijur serves as a pivotal commercial hub for surrounding rural agrarian villages, providing essential retail, agricultural supplies, and trade services.","Scope for agro-input supply centers, hardware and cement stores, mobile repair shops, local restaurants, and daily consumer goods distribution.",1,High Opportunity (Affordable / High Upside),19.3,5.71,42.0
Chandrapur,Rajura,Rajura Cement Hub,16.36,23.68,38.72,70.0,30.0,12.41,3,Semi-Urban Market Town,"Rajura Cement Hub serves as a pivotal commercial hub for surrounding rural agrarian villages, providing essential retail, agricultural supplies, and trade services.","Scope for agro-input supply centers, hardware and cement stores, mobile repair shops, local restaurants, and daily consumer goods distribution.",0,Developing Market (Mid Tier),23.23,6.87,42.0
Chandrapur,Rajura,Chunar,14.66,22.41,34.76,71.87,28.13,10.36,3,Semi-Urban Market Town,"Chunar serves as a pivotal commercial hub for surrounding rural agrarian villages, providing essential retail, agricultural supplies, and trade services.","Scope for agro-input supply centers, hardware and cement stores, mobile repair shops, local restaurants, and daily consumer goods distribution.",0,Developing Market (Mid Tier),20.82,6.16,42.0
Chandrapur,Rajura,Sonurli,13.99,21.84,30.15,75.03,24.97,10.05,3,Semi-Urban Market Town,"Sonurli serves as a pivotal commercial hub for surrounding rural agrarian villages, providing essential retail, agricultural supplies, and trade services.","Scope for agro-input supply centers, hardware and cement stores, mobile repair shops, local restaurants, and daily consumer goods distribution.",0,Developing Market (Mid Tier),19.87,5.88,42.0
Chandrapur,Rajura,Nalegaon Rajura,10.69,16.22,23.98,65.65,34.35,7.82,3,Semi-Urban Market Town,"Nalegaon Rajura serves as a pivotal commercial hub for surrounding rural agrarian villages, providing essential retail, agricultural supplies, and trade services.","Scope for agro-input supply centers, hardware and cement stores, mobile repair shops, local restaurants, and daily consumer goods distribution.",1,High Opportunity (Affordable / High Upside),15.18,4.49,42.0
Chandrapur,Mul,Mul Rice City,9.56,14.47,22.72,62.65,37.35,6.97,3,Semi-Urban Market Town,"Mul Rice City serves as a pivotal commercial hub for surrounding rural agrarian villages, providing essential retail, agricultural supplies, and trade services.","Scope for agro-input supply centers, hardware and cement stores, mobile repair shops, local restaurants, and daily consumer goods distribution.",1,High Opportunity (Affordable / High Upside),13.58,4.02,42.1
Chandrapur,Mul,Maroda,16.86,24.77,38.67,73.14,26.86,12.3,3,Semi-Urban Market Town,"Maroda serves as a pivotal commercial hub for surrounding rural agrarian villages, providing essential retail, agricultural supplies, and trade services.","Scope for agro-input supply centers, hardware and cement stores, mobile repair shops, local restaurants, and daily consumer goods distribution.",0,Developing Market (Mid Tier),23.94,7.08,42.0
Chandrapur,Mul,Chichala,7.66,11.34,16.45,61.03,38.97,5.33,3,Semi-Urban Market Town,"Chichala serves as a pivotal commercial hub for surrounding rural agrarian villages, providing essential retail, agricultural supplies, and trade services.","Scope for agro-input supply centers, hardware and cement stores, mobile repair shops, local restaurants, and daily consumer goods distribution.",1,High Opportunity (Affordable / High Upside),10.88,3.22,42.0
Chandrapur,Mul,Bormala,7.42,11.63,16.68,76.92,23.08,5.48,3,Semi-Urban Market Town,"Bormala serves as a pivotal commercial hub for surrounding rural agrarian villages, providing essential retail, agricultural supplies, and trade services.","Scope for agro-input supply centers, hardware and cement stores, mobile repair shops, local restaurants, and daily consumer goods distribution.",0,Developing Market (Mid Tier),10.54,3.12,42.0
Chandrapur,Bramhapuri,Bramhapuri Education Town,10.62,15.55,24.03,73.21,26.79,7.66,3,Semi-Urban Market Town,"Bramhapuri Education Town serves as a pivotal commercial hub for surrounding rural agrarian villages, providing essential retail, agricultural supplies, and trade services.","Scope for agro-input supply centers, hardware and cement stores, mobile repair shops, local restaurants, and daily consumer goods distribution.",0,Developing Market (Mid Tier),15.08,4.46,42.0
Chandrapur,Bramhapuri,Armori Road,17.75,27.05,38.08,58.47,41.53,13.27,3,Semi-Urban Market Town,"Armori Road serves as a pivotal commercial hub for surrounding rural agrarian villages, providing essential retail, agricultural supplies, and trade services.","Scope for agro-input supply centers, hardware and cement stores, mobile repair shops, local restaurants, and daily consumer goods distribution.",1,High Opportunity (Affordable / High Upside),25.2,7.45,42.0
Chandrapur,Bramhapuri,Navargaon,10.64,15.52,23.71,76.13,23.87,7.8,3,Semi-Urban Market Town,"Navargaon serves as a pivotal commercial hub for surrounding rural agrarian villages, providing essential retail, agricultural supplies, and trade services.","Scope for agro-input supply centers, hardware and cement stores, mobile repair shops, local restaurants, and daily consumer goods distribution.",0,Developing Market (Mid Tier),15.11,4.47,42.0
Chandrapur,Bramhapuri,Kurza,9.73,14.89,22.26,70.16,29.84,6.91,3,Semi-Urban Market Town,"Kurza serves as a pivotal commercial hub for surrounding rural agrarian villages, providing essential retail, agricultural supplies, and trade services.","Scope for agro-input supply centers, hardware and cement stores, mobile repair shops, local restaurants, and daily consumer goods distribution.",1,High Opportunity (Affordable / High Upside),13.82,4.09,42.0
Chandrapur,Nagbhid,Nagbhid Railway Junction,10.54,15.71,21.63,75.4,24.6,7.23,3,Semi-Urban Market Town,"Nagbhid Railway Junction serves as a pivotal commercial hub for surrounding rural agrarian villages, providing essential retail, agricultural supplies, and trade services.","Scope for agro-input supply centers, hardware and cement stores, mobile repair shops, local restaurants, and daily consumer goods distribution.",0,Developing Market (Mid Tier),14.97,4.43,42.0
Chandrapur,Nagbhid,Ghodazari Dam Resort,9.12,13.88,19.12,62.08,37.92,6.27,3,Semi-Urban Market Town,"Ghodazari Dam Resort serves as a pivotal commercial hub for surrounding rural agrarian villages, providing essential retail, agricultural supplies, and trade services.","Scope for agro-input supply centers, hardware and cement stores, mobile repair shops, local restaurants, and daily consumer goods distribution.",1,High Opportunity (Affordable / High Upside),12.95,3.83,42.0
Chandrapur,Nagbhid,Talodhi Balapur,13.52,21.0,31.87,62.73,37.27,9.28,3,Semi-Urban Market Town,"Talodhi Balapur serves as a pivotal commercial hub for surrounding rural agrarian villages, providing essential retail, agricultural supplies, and trade services.","Scope for agro-input supply centers, hardware and cement stores, mobile repair shops, local restaurants, and daily consumer goods distribution.",1,High Opportunity (Affordable / High Upside),19.2,5.68,42.0
Chandrapur,Nagbhid,Vilam,14.97,22.0,34.25,62.9,37.1,10.39,3,Semi-Urban Market Town,"Vilam serves as a pivotal commercial hub for surrounding rural agrarian villages, providing essential retail, agricultural supplies, and trade services.","Scope for agro-input supply centers, hardware and cement stores, mobile repair shops, local restaurants, and daily consumer goods distribution.",1,High Opportunity (Affordable / High Upside),21.26,6.29,42.0
Chandrapur,Sindewahi,Sindewahi Agriculture Research Hub,9.74,14.28,21.41,70.71,29.29,6.84,3,Semi-Urban Market Town,"Sindewahi Agriculture Research Hub serves as a pivotal commercial hub for surrounding rural agrarian villages, providing essential retail, agricultural supplies, and trade services.","Scope for agro-input supply centers, hardware and cement stores, mobile repair shops, local restaurants, and daily consumer goods distribution.",0,Developing Market (Mid Tier),13.83,4.09,42.0
Chandrapur,Sindewahi,Lonwahi,15.59,22.34,36.96,65.96,34.04,10.81,3,Semi-Urban Market Town,"Lonwahi serves as a pivotal commercial hub for surrounding rural agrarian villages, providing essential retail, agricultural supplies, and trade services.","Scope for agro-input supply centers, hardware and cement stores, mobile repair shops, local restaurants, and daily consumer goods distribution.",1,High Opportunity (Affordable / High Upside),22.14,6.55,42.0
Chandrapur,Sindewahi,Ratnapur,11.86,17.8,27.19,73.21,26.79,8.84,3,Semi-Urban Market Town,"Ratnapur serves as a pivotal commercial hub for surrounding rural agrarian villages, providing essential retail, agricultural supplies, and trade services.","Scope for agro-input supply centers, hardware and cement stores, mobile repair shops, local restaurants, and daily consumer goods distribution.",0,Developing Market (Mid Tier),16.84,4.98,42.0
Chandrapur,Sindewahi,Navin Sindewahi,15.73,22.39,34.23,75.08,24.92,11.65,3,Semi-Urban Market Town,"Navin Sindewahi serves as a pivotal commercial hub for surrounding rural agrarian villages, providing essential retail, agricultural supplies, and trade services.","Scope for agro-input supply centers, hardware and cement stores, mobile repair shops, local restaurants, and daily consumer goods distribution.",0,Developing Market (Mid Tier),22.34,6.61,42.0
Chandrapur,Chimur,Chimur Kranti Town,17.14,25.97,36.0,72.53,27.47,12.01,3,Semi-Urban Market Town,"Chimur Kranti Town serves as a pivotal commercial hub for surrounding rural agrarian villages, providing essential retail, agricultural supplies, and trade services.","Scope for agro-input supply centers, hardware and cement stores, mobile repair shops, local restaurants, and daily consumer goods distribution.",0,Developing Market (Mid Tier),24.34,7.2,42.0
Chandrapur,Chimur,Neri Chimur,12.1,18.06,26.3,70.12,29.88,8.3,3,Semi-Urban Market Town,"Neri Chimur serves as a pivotal commercial hub for surrounding rural agrarian villages, providing essential retail, agricultural supplies, and trade services.","Scope for agro-input supply centers, hardware and cement stores, mobile repair shops, local restaurants, and daily consumer goods distribution.",1,High Opportunity (Affordable / High Upside),17.18,5.08,42.0
Chandrapur,Chimur,Motegaon,8.5,12.71,17.86,61.79,38.21,5.79,3,Semi-Urban Market Town,"Motegaon serves as a pivotal commercial hub for surrounding rural agrarian villages, providing essential retail, agricultural supplies, and trade services.","Scope for agro-input supply centers, hardware and cement stores, mobile repair shops, local restaurants, and daily consumer goods distribution.",1,High Opportunity (Affordable / High Upside),12.07,3.57,42.0
Chandrapur,Chimur,Masal,12.51,19.22,27.67,76.51,23.49,9.45,3,Semi-Urban Market Town,"Masal serves as a pivotal commercial hub for surrounding rural agrarian villages, providing essential retail, agricultural supplies, and trade services.","Scope for agro-input supply centers, hardware and cement stores, mobile repair shops, local restaurants, and daily consumer goods distribution.",0,Developing Market (Mid Tier),17.76,5.25,42.0
Chandrapur,Gondpipri,Gondpipri Town,17.68,26.16,39.1,70.82,29.18,12.85,3,Semi-Urban Market Town,"Gondpipri Town serves as a pivotal commercial hub for surrounding rural agrarian villages, providing essential retail, agricultural supplies, and trade services.","Scope for agro-input supply centers, hardware and cement stores, mobile repair shops, local restaurants, and daily consumer goods distribution.",0,Developing Market (Mid Tier),25.11,7.43,42.0
Chandrapur,Gondpipri,Dhaba Gondpipri,11.5,16.4,27.07,65.7,34.3,8.34,3,Semi-Urban Market Town,"Dhaba Gondpipri serves as a pivotal commercial hub for surrounding rural agrarian villages, providing essential retail, agricultural supplies, and trade services.","Scope for agro-input supply centers, hardware and cement stores, mobile repair shops, local restaurants, and daily consumer goods distribution.",1,High Opportunity (Affordable / High Upside),16.33,4.83,42.0
Chandrapur,Gondpipri,Karanji Gondpipri,9.14,13.62,19.51,76.26,23.74,6.74,3,Semi-Urban Market Town,"Karanji Gondpipri serves as a pivotal commercial hub for surrounding rural agrarian villages, providing essential retail, agricultural supplies, and trade services.","Scope for agro-input supply centers, hardware and cement stores, mobile repair shops, local restaurants, and daily consumer goods distribution.",0,Developing Market (Mid Tier),12.98,3.84,42.0
Chandrapur,Gondpipri,Toho,12.61,18.89,28.72,71.93,28.07,9.23,3,Semi-Urban Market Town,"Toho serves as a pivotal commercial hub for surrounding rural agrarian villages, providing essential retail, agricultural supplies, and trade services.","Scope for agro-input supply centers, hardware and cement stores, mobile repair shops, local restaurants, and daily consumer goods distribution.",0,Developing Market (Mid Tier),17.91,5.3,42.0
Bhandara,Bhandara,Bhandara Brass City,14.34,22.05,30.54,55.69,44.31,10.68,3,Semi-Urban Market Town,"Bhandara Brass City serves as a pivotal commercial hub for surrounding rural agrarian villages, providing essential retail, agricultural supplies, and trade services.","Scope for agro-input supply centers, hardware and cement stores, mobile repair shops, local restaurants, and daily consumer goods distribution.",1,High Opportunity (Affordable / High Upside),20.36,6.02,42.0
Bhandara,Bhandara,Khat Road,11.68,17.85,26.63,67.91,32.09,8.19,3,Semi-Urban Market Town,"Khat Road serves as a pivotal commercial hub for surrounding rural agrarian villages, providing essential retail, agricultural supplies, and trade services.","Scope for agro-input supply centers, hardware and cement stores, mobile repair shops, local restaurants, and daily consumer goods distribution.",1,High Opportunity (Affordable / High Upside),16.59,4.91,42.0
Bhandara,Bhandara,MIDC Madgi,10.1,15.44,21.55,67.04,32.96,7.64,3,Industrial & Automotive MIDC,"MIDC Madgi is a planned industrial manufacturing ecosystem supporting heavy engineering, automotive assembly, chemical plants, and precision component fabrication.","Robust scope for industrial hardware supply, scrap recycling, contractual worker transport, industrial safety gear, and CNC tooling services.",1,High Opportunity (Affordable / High Upside),14.34,4.24,42.0
Bhandara,Bhandara,Bhojapur,13.57,19.3,31.27,67.89,32.11,10.22,3,Semi-Urban Market Town,"Bhojapur serves as a pivotal commercial hub for surrounding rural agrarian villages, providing essential retail, agricultural supplies, and trade services.","Scope for agro-input supply centers, hardware and cement stores, mobile repair shops, local restaurants, and daily consumer goods distribution.",1,High Opportunity (Affordable / High Upside),19.27,5.7,42.0
Bhandara,Bhandara,Takli Bhandara,9.58,14.5,22.49,65.37,34.63,6.66,3,Semi-Urban Market Town,"Takli Bhandara serves as a pivotal commercial hub for surrounding rural agrarian villages, providing essential retail, agricultural supplies, and trade services.","Scope for agro-input supply centers, hardware and cement stores, mobile repair shops, local restaurants, and daily consumer goods distribution.",1,High Opportunity (Affordable / High Upside),13.6,4.02,42.0
Bhandara,Bhandara,Belodi,9.81,15.23,20.93,61.04,38.96,7.43,3,Semi-Urban Market Town,"Belodi serves as a pivotal commercial hub for surrounding rural agrarian villages, providing essential retail, agricultural supplies, and trade services.","Scope for agro-input supply centers, hardware and cement stores, mobile repair shops, local restaurants, and daily consumer goods distribution.",1,High Opportunity (Affordable / High Upside),13.93,4.12,42.0
Bhandara,Tumsar,Tumsar Manganese City,11.93,17.67,25.67,63.23,36.77,8.95,3,Semi-Urban Market Town,"Tumsar Manganese City serves as a pivotal commercial hub for surrounding rural agrarian villages, providing essential retail, agricultural supplies, and trade services.","Scope for agro-input supply centers, hardware and cement stores, mobile repair shops, local restaurants, and daily consumer goods distribution.",1,High Opportunity (Affordable / High Upside),16.94,5.01,42.0
Bhandara,Tumsar,Dongri Buzurg Mines,12.55,18.0,28.36,70.53,29.47,8.88,3,Semi-Urban Market Town,"Dongri Buzurg Mines serves as a pivotal commercial hub for surrounding rural agrarian villages, providing essential retail, agricultural supplies, and trade services.","Scope for agro-input supply centers, hardware and cement stores, mobile repair shops, local restaurants, and daily consumer goods distribution.",0,Developing Market (Mid Tier),17.82,5.27,42.0
Bhandara,Tumsar,Sihora,7.28,11.21,17.16,62.96,37.04,5.13,3,Semi-Urban Market Town,"Sihora serves as a pivotal commercial hub for surrounding rural agrarian villages, providing essential retail, agricultural supplies, and trade services.","Scope for agro-input supply centers, hardware and cement stores, mobile repair shops, local restaurants, and daily consumer goods distribution.",1,High Opportunity (Affordable / High Upside),10.34,3.06,42.0
Bhandara,Tumsar,Mitewani,14.88,23.07,30.51,56.4,43.6,10.95,3,Semi-Urban Market Town,"Mitewani serves as a pivotal commercial hub for surrounding rural agrarian villages, providing essential retail, agricultural supplies, and trade services.","Scope for agro-input supply centers, hardware and cement stores, mobile repair shops, local restaurants, and daily consumer goods distribution.",1,High Opportunity (Affordable / High Upside),21.13,6.25,42.0
Bhandara,Tumsar,Mohadi Road,10.72,16.35,24.57,58.41,41.59,7.61,3,Semi-Urban Market Town,"Mohadi Road serves as a pivotal commercial hub for surrounding rural agrarian villages, providing essential retail, agricultural supplies, and trade services.","Scope for agro-input supply centers, hardware and cement stores, mobile repair shops, local restaurants, and daily consumer goods distribution.",1,High Opportunity (Affordable / High Upside),15.22,4.5,42.0
Bhandara,Pauni,Pauni Brass & Silk Heritage City,12.34,17.91,26.04,73.97,26.03,8.84,3,Pilgrimage & Heritage Tourism,"Pauni Brass & Silk Heritage City is a sacred pilgrimage and historical landmark attracting millions of spiritual seekers, cultural travelers, and weekend tourists throughout the year.","High scope for modern budget hotels, devotional souvenir retail, pure-veg multi-cuisine restaurants, passenger cab services, and travel booking desks.",0,Developing Market (Mid Tier),17.52,5.18,42.0
Bhandara,Pauni,Gosikhurd National Dam,13.33,19.32,27.59,58.65,41.35,9.87,3,Semi-Urban Market Town,"Gosikhurd National Dam serves as a pivotal commercial hub for surrounding rural agrarian villages, providing essential retail, agricultural supplies, and trade services.","Scope for agro-input supply centers, hardware and cement stores, mobile repair shops, local restaurants, and daily consumer goods distribution.",1,High Opportunity (Affordable / High Upside),18.93,5.6,42.0
Bhandara,Pauni,Asgaon,8.33,13.03,18.2,67.54,32.46,6.08,3,Semi-Urban Market Town,"Asgaon serves as a pivotal commercial hub for surrounding rural agrarian villages, providing essential retail, agricultural supplies, and trade services.","Scope for agro-input supply centers, hardware and cement stores, mobile repair shops, local restaurants, and daily consumer goods distribution.",1,High Opportunity (Affordable / High Upside),11.83,3.5,42.0
Bhandara,Pauni,Brahmi,13.82,19.99,29.67,62.55,37.45,9.7,3,Semi-Urban Market Town,"Brahmi serves as a pivotal commercial hub for surrounding rural agrarian villages, providing essential retail, agricultural supplies, and trade services.","Scope for agro-input supply centers, hardware and cement stores, mobile repair shops, local restaurants, and daily consumer goods distribution.",1,High Opportunity (Affordable / High Upside),19.62,5.8,42.0
Bhandara,Pauni,Rampur Pauni,9.08,13.74,20.05,68.46,31.54,6.25,3,Semi-Urban Market Town,"Rampur Pauni serves as a pivotal commercial hub for surrounding rural agrarian villages, providing essential retail, agricultural supplies, and trade services.","Scope for agro-input supply centers, hardware and cement stores, mobile repair shops, local restaurants, and daily consumer goods distribution.",1,High Opportunity (Affordable / High Upside),12.89,3.81,42.0
Bhandara,Sakoli,Sakoli Town,6.55,10.09,13.44,66.65,33.35,4.97,3,Semi-Urban Market Town,"Sakoli Town serves as a pivotal commercial hub for surrounding rural agrarian villages, providing essential retail, agricultural supplies, and trade services.","Scope for agro-input supply centers, hardware and cement stores, mobile repair shops, local restaurants, and daily consumer goods distribution.",1,High Opportunity (Affordable / High Upside),9.3,2.75,42.0
Bhandara,Sakoli,Nagzira Wildlife Sanctuary Base,6.87,10.33,14.1,67.06,32.94,5.21,3,Semi-Urban Market Town,"Nagzira Wildlife Sanctuary Base serves as a pivotal commercial hub for surrounding rural agrarian villages, providing essential retail, agricultural supplies, and trade services.","Scope for agro-input supply centers, hardware and cement stores, mobile repair shops, local restaurants, and daily consumer goods distribution.",1,High Opportunity (Affordable / High Upside),9.76,2.89,42.1
Bhandara,Sakoli,Sonegaon,12.85,20.16,28.35,61.74,38.26,9.18,3,Semi-Urban Market Town,"Sonegaon serves as a pivotal commercial hub for surrounding rural agrarian villages, providing essential retail, agricultural supplies, and trade services.","Scope for agro-input supply centers, hardware and cement stores, mobile repair shops, local restaurants, and daily consumer goods distribution.",1,High Opportunity (Affordable / High Upside),18.25,5.4,42.0
Bhandara,Sakoli,Kumbhali,9.34,14.59,22.23,71.34,28.66,7.05,3,Semi-Urban Market Town,"Kumbhali serves as a pivotal commercial hub for surrounding rural agrarian villages, providing essential retail, agricultural supplies, and trade services.","Scope for agro-input supply centers, hardware and cement stores, mobile repair shops, local restaurants, and daily consumer goods distribution.",0,Developing Market (Mid Tier),13.26,3.92,42.0
Bhandara,Mohadi,Mohadi Town,11.99,17.75,24.81,62.12,37.88,8.47,3,Semi-Urban Market Town,"Mohadi Town serves as a pivotal commercial hub for surrounding rural agrarian villages, providing essential retail, agricultural supplies, and trade services.","Scope for agro-input supply centers, hardware and cement stores, mobile repair shops, local restaurants, and daily consumer goods distribution.",1,High Opportunity (Affordable / High Upside),17.03,5.04,42.0
Bhandara,Mohadi,Andhalgaon Handloom Hub,6.9,10.3,15.74,69.5,30.5,5.18,3,Textile & Powerloom Cluster,"Andhalgaon Handloom Hub is a famous textile manufacturing center with a rich legacy of powerloom weaving, yarn trading, sizing mills, and traditional artisanal fabric craft.","Excellent scope for loom automation spares, textile dyes and chemicals trading, garment finishing and packaging, and solar rooftop power.",1,High Opportunity (Affordable / High Upside),9.8,2.9,42.0
Bhandara,Mohadi,Kardi,7.25,10.99,16.94,60.59,39.41,5.34,3,Semi-Urban Market Town,"Kardi serves as a pivotal commercial hub for surrounding rural agrarian villages, providing essential retail, agricultural supplies, and trade services.","Scope for agro-input supply centers, hardware and cement stores, mobile repair shops, local restaurants, and daily consumer goods distribution.",1,High Opportunity (Affordable / High Upside),10.29,3.04,41.9
Bhandara,Mohadi,Palora,13.34,19.73,30.07,68.18,31.82,9.58,3,Semi-Urban Market Town,"Palora serves as a pivotal commercial hub for surrounding rural agrarian villages, providing essential retail, agricultural supplies, and trade services.","Scope for agro-input supply centers, hardware and cement stores, mobile repair shops, local restaurants, and daily consumer goods distribution.",1,High Opportunity (Affordable / High Upside),18.94,5.6,42.0
Bhandara,Lakhani,Lakhani Rice Trading Town,9.72,14.09,23.09,74.15,25.85,7.24,3,Semi-Urban Market Town,"Lakhani Rice Trading Town serves as a pivotal commercial hub for surrounding rural agrarian villages, providing essential retail, agricultural supplies, and trade services.","Scope for agro-input supply centers, hardware and cement stores, mobile repair shops, local restaurants, and daily consumer goods distribution.",0,Developing Market (Mid Tier),13.8,4.08,42.0
Bhandara,Lakhani,Kesalwada,6.15,9.09,12.7,71.15,28.85,4.34,3,Semi-Urban Market Town,"Kesalwada serves as a pivotal commercial hub for surrounding rural agrarian villages, providing essential retail, agricultural supplies, and trade services.","Scope for agro-input supply centers, hardware and cement stores, mobile repair shops, local restaurants, and daily consumer goods distribution.",0,Developing Market (Mid Tier),8.73,2.58,42.0
Bhandara,Lakhani,Murmadi,10.0,15.17,21.82,67.25,32.75,6.87,3,Semi-Urban Market Town,"Murmadi serves as a pivotal commercial hub for surrounding rural agrarian villages, providing essential retail, agricultural supplies, and trade services.","Scope for agro-input supply centers, hardware and cement stores, mobile repair shops, local restaurants, and daily consumer goods distribution.",1,High Opportunity (Affordable / High Upside),14.2,4.2,42.0
Bhandara,Lakhani,Rengepar,9.85,15.46,23.22,74.74,25.26,7.37,3,Semi-Urban Market Town,"Rengepar serves as a pivotal commercial hub for surrounding rural agrarian villages, providing essential retail, agricultural supplies, and trade services.","Scope for agro-input supply centers, hardware and cement stores, mobile repair shops, local restaurants, and daily consumer goods distribution.",0,Developing Market (Mid Tier),13.99,4.14,42.0
Bhandara,Lakhandur,Lakhandur Town,14.15,21.76,30.38,58.9,41.1,9.78,3,Semi-Urban Market Town,"Lakhandur Town serves as a pivotal commercial hub for surrounding rural agrarian villages, providing essential retail, agricultural supplies, and trade services.","Scope for agro-input supply centers, hardware and cement stores, mobile repair shops, local restaurants, and daily consumer goods distribution.",1,High Opportunity (Affordable / High Upside),20.09,5.94,42.0
Bhandara,Lakhandur,Barwha,10.68,16.14,24.91,65.09,34.91,7.37,3,Semi-Urban Market Town,"Barwha serves as a pivotal commercial hub for surrounding rural agrarian villages, providing essential retail, agricultural supplies, and trade services.","Scope for agro-input supply centers, hardware and cement stores, mobile repair shops, local restaurants, and daily consumer goods distribution.",1,High Opportunity (Affordable / High Upside),15.17,4.49,42.0
Bhandara,Lakhandur,Pardi Lakhandur,13.17,19.34,29.92,65.97,34.03,9.88,3,Semi-Urban Market Town,"Pardi Lakhandur serves as a pivotal commercial hub for surrounding rural agrarian villages, providing essential retail, agricultural supplies, and trade services.","Scope for agro-input supply centers, hardware and cement stores, mobile repair shops, local restaurants, and daily consumer goods distribution.",1,High Opportunity (Affordable / High Upside),18.7,5.53,42.0
Bhandara,Lakhandur,Khadki,7.51,11.2,15.68,68.25,31.75,5.25,3,Semi-Urban Market Town,"Khadki serves as a pivotal commercial hub for surrounding rural agrarian villages, providing essential retail, agricultural supplies, and trade services.","Scope for agro-input supply centers, hardware and cement stores, mobile repair shops, local restaurants, and daily consumer goods distribution.",1,High Opportunity (Affordable / High Upside),10.66,3.15,41.9
Gondia,Gondia,Gondia Rice Capital,6.9,10.63,15.65,55.79,44.21,4.93,3,Semi-Urban Market Town,"Gondia Rice Capital serves as a pivotal commercial hub for surrounding rural agrarian villages, providing essential retail, agricultural supplies, and trade services.","Scope for agro-input supply centers, hardware and cement stores, mobile repair shops, local restaurants, and daily consumer goods distribution.",1,High Opportunity (Affordable / High Upside),9.8,2.9,42.0
Gondia,Gondia,Kudwa,11.44,16.54,26.96,72.05,27.95,8.48,3,Semi-Urban Market Town,"Kudwa serves as a pivotal commercial hub for surrounding rural agrarian villages, providing essential retail, agricultural supplies, and trade services.","Scope for agro-input supply centers, hardware and cement stores, mobile repair shops, local restaurants, and daily consumer goods distribution.",0,Developing Market (Mid Tier),16.24,4.8,42.0
Gondia,Gondia,MIDC Mundipar,6.98,10.2,15.41,71.95,28.05,4.82,3,Industrial & Automotive MIDC,"MIDC Mundipar is a planned industrial manufacturing ecosystem supporting heavy engineering, automotive assembly, chemical plants, and precision component fabrication.","Robust scope for industrial hardware supply, scrap recycling, contractual worker transport, industrial safety gear, and CNC tooling services.",0,Developing Market (Mid Tier),9.91,2.93,42.0
Gondia,Gondia,Goregaon Road,6.22,9.36,14.24,55.81,44.19,4.57,3,Semi-Urban Market Town,"Goregaon Road serves as a pivotal commercial hub for surrounding rural agrarian villages, providing essential retail, agricultural supplies, and trade services.","Scope for agro-input supply centers, hardware and cement stores, mobile repair shops, local restaurants, and daily consumer goods distribution.",1,High Opportunity (Affordable / High Upside),8.83,2.61,42.0
Gondia,Gondia,Fulchur,12.85,20.16,29.59,66.01,33.99,9.4,3,Semi-Urban Market Town,"Fulchur serves as a pivotal commercial hub for surrounding rural agrarian villages, providing essential retail, agricultural supplies, and trade services.","Scope for agro-input supply centers, hardware and cement stores, mobile repair shops, local restaurants, and daily consumer goods distribution.",1,High Opportunity (Affordable / High Upside),18.25,5.4,42.0
Gondia,Gondia,Karanje Gondia,8.39,12.88,19.24,61.63,38.37,6.14,3,Semi-Urban Market Town,"Karanje Gondia serves as a pivotal commercial hub for surrounding rural agrarian villages, providing essential retail, agricultural supplies, and trade services.","Scope for agro-input supply centers, hardware and cement stores, mobile repair shops, local restaurants, and daily consumer goods distribution.",1,High Opportunity (Affordable / High Upside),11.91,3.52,42.0
Gondia,Tirora,Tirora Adani Power Mega Plant,10.06,15.66,23.31,58.47,41.53,6.93,3,Industrial & Automotive MIDC,"Tirora Adani Power Mega Plant is a planned industrial manufacturing ecosystem supporting heavy engineering, automotive assembly, chemical plants, and precision component fabrication.","Robust scope for industrial hardware supply, scrap recycling, contractual worker transport, industrial safety gear, and CNC tooling services.",1,High Opportunity (Affordable / High Upside),14.29,4.23,42.0
Gondia,Tirora,Kachehani,5.79,8.3,13.28,72.74,27.26,4.28,3,Semi-Urban Market Town,"Kachehani serves as a pivotal commercial hub for surrounding rural agrarian villages, providing essential retail, agricultural supplies, and trade services.","Scope for agro-input supply centers, hardware and cement stores, mobile repair shops, local restaurants, and daily consumer goods distribution.",0,Developing Market (Mid Tier),8.22,2.43,42.0
Gondia,Tirora,Sukdi,6.04,8.93,14.08,73.08,26.92,4.39,3,Semi-Urban Market Town,"Sukdi serves as a pivotal commercial hub for surrounding rural agrarian villages, providing essential retail, agricultural supplies, and trade services.","Scope for agro-input supply centers, hardware and cement stores, mobile repair shops, local restaurants, and daily consumer goods distribution.",0,Developing Market (Mid Tier),8.58,2.54,42.1
Gondia,Tirora,Chikhali Tirora,5.02,7.18,11.18,70.94,29.06,3.81,3,Semi-Urban Market Town,"Chikhali Tirora serves as a pivotal commercial hub for surrounding rural agrarian villages, providing essential retail, agricultural supplies, and trade services.","Scope for agro-input supply centers, hardware and cement stores, mobile repair shops, local restaurants, and daily consumer goods distribution.",0,Developing Market (Mid Tier),7.13,2.11,42.0
Gondia,Arjuni Morgaon,Navegaon National Park,7.88,11.65,17.92,69.93,30.07,5.69,3,Semi-Urban Market Town,"Navegaon National Park serves as a pivotal commercial hub for surrounding rural agrarian villages, providing essential retail, agricultural supplies, and trade services.","Scope for agro-input supply centers, hardware and cement stores, mobile repair shops, local restaurants, and daily consumer goods distribution.",1,High Opportunity (Affordable / High Upside),11.19,3.31,42.0
Gondia,Arjuni Morgaon,Morgaon Town,10.41,15.15,22.7,64.77,35.23,7.46,3,Semi-Urban Market Town,"Morgaon Town serves as a pivotal commercial hub for surrounding rural agrarian villages, providing essential retail, agricultural supplies, and trade services.","Scope for agro-input supply centers, hardware and cement stores, mobile repair shops, local restaurants, and daily consumer goods distribution.",1,High Opportunity (Affordable / High Upside),14.78,4.37,42.0
Gondia,Arjuni Morgaon,Itadoh Dam,6.3,9.9,14.66,64.0,36.0,4.51,3,Semi-Urban Market Town,"Itadoh Dam serves as a pivotal commercial hub for surrounding rural agrarian villages, providing essential retail, agricultural supplies, and trade services.","Scope for agro-input supply centers, hardware and cement stores, mobile repair shops, local restaurants, and daily consumer goods distribution.",1,High Opportunity (Affordable / High Upside),8.95,2.65,42.1
Gondia,Arjuni Morgaon,Mahagaon Arjuni,10.41,15.03,23.63,70.03,29.97,7.66,3,Semi-Urban Market Town,"Mahagaon Arjuni serves as a pivotal commercial hub for surrounding rural agrarian villages, providing essential retail, agricultural supplies, and trade services.","Scope for agro-input supply centers, hardware and cement stores, mobile repair shops, local restaurants, and daily consumer goods distribution.",1,High Opportunity (Affordable / High Upside),14.78,4.37,42.0
Gondia,Deori,Deori Tribal Heritage Town,10.39,15.27,24.7,56.47,43.53,7.89,3,Pilgrimage & Heritage Tourism,"Deori Tribal Heritage Town is a sacred pilgrimage and historical landmark attracting millions of spiritual seekers, cultural travelers, and weekend tourists throughout the year.","High scope for modern budget hotels, devotional souvenir retail, pure-veg multi-cuisine restaurants, passenger cab services, and travel booking desks.",1,High Opportunity (Affordable / High Upside),14.75,4.36,42.0
Gondia,Deori,Chichgarh,11.36,17.0,26.39,63.9,36.1,8.36,3,Semi-Urban Market Town,"Chichgarh serves as a pivotal commercial hub for surrounding rural agrarian villages, providing essential retail, agricultural supplies, and trade services.","Scope for agro-input supply centers, hardware and cement stores, mobile repair shops, local restaurants, and daily consumer goods distribution.",1,High Opportunity (Affordable / High Upside),16.13,4.77,42.0
Gondia,Deori,Mhaswani,8.39,13.23,18.12,70.56,29.44,5.85,3,Semi-Urban Market Town,"Mhaswani serves as a pivotal commercial hub for surrounding rural agrarian villages, providing essential retail, agricultural supplies, and trade services.","Scope for agro-input supply centers, hardware and cement stores, mobile repair shops, local restaurants, and daily consumer goods distribution.",1,High Opportunity (Affordable / High Upside),11.91,3.52,42.0
Gondia,Deori,Borkheda,11.59,17.96,26.44,55.05,44.95,8.68,3,Semi-Urban Market Town,"Borkheda serves as a pivotal commercial hub for surrounding rural agrarian villages, providing essential retail, agricultural supplies, and trade services.","Scope for agro-input supply centers, hardware and cement stores, mobile repair shops, local restaurants, and daily consumer goods distribution.",1,High Opportunity (Affordable / High Upside),16.46,4.87,42.0
Gondia,Amgaon,Amgaon Rice Mills Hub,6.61,9.9,14.41,73.69,26.31,4.84,3,Semi-Urban Market Town,"Amgaon Rice Mills Hub serves as a pivotal commercial hub for surrounding rural agrarian villages, providing essential retail, agricultural supplies, and trade services.","Scope for agro-input supply centers, hardware and cement stores, mobile repair shops, local restaurants, and daily consumer goods distribution.",0,Developing Market (Mid Tier),9.39,2.78,42.1
Gondia,Amgaon,Thana Amgaon,12.64,19.95,28.2,60.75,39.25,9.28,3,Semi-Urban Market Town,"Thana Amgaon serves as a pivotal commercial hub for surrounding rural agrarian villages, providing essential retail, agricultural supplies, and trade services.","Scope for agro-input supply centers, hardware and cement stores, mobile repair shops, local restaurants, and daily consumer goods distribution.",1,High Opportunity (Affordable / High Upside),17.95,5.31,42.0
Gondia,Amgaon,Padampur,13.91,21.44,30.31,64.56,35.44,9.77,3,Semi-Urban Market Town,"Padampur serves as a pivotal commercial hub for surrounding rural agrarian villages, providing essential retail, agricultural supplies, and trade services.","Scope for agro-input supply centers, hardware and cement stores, mobile repair shops, local restaurants, and daily consumer goods distribution.",1,High Opportunity (Affordable / High Upside),19.75,5.84,42.0
Gondia,Amgaon,Anjora,11.27,16.36,26.29,61.88,38.12,7.78,3,Semi-Urban Market Town,"Anjora serves as a pivotal commercial hub for surrounding rural agrarian villages, providing essential retail, agricultural supplies, and trade services.","Scope for agro-input supply centers, hardware and cement stores, mobile repair shops, local restaurants, and daily consumer goods distribution.",1,High Opportunity (Affordable / High Upside),16.0,4.73,42.0
Gondia,Goregaon Gondia,Goregaon Town,11.77,17.81,27.26,71.0,29.0,8.67,3,Semi-Urban Market Town,"Goregaon Town serves as a pivotal commercial hub for surrounding rural agrarian villages, providing essential retail, agricultural supplies, and trade services.","Scope for agro-input supply centers, hardware and cement stores, mobile repair shops, local restaurants, and daily consumer goods distribution.",0,Developing Market (Mid Tier),16.71,4.94,42.0
Gondia,Goregaon Gondia,Mulla,9.12,13.19,19.11,67.92,32.08,6.41,3,Semi-Urban Market Town,"Mulla serves as a pivotal commercial hub for surrounding rural agrarian villages, providing essential retail, agricultural supplies, and trade services.","Scope for agro-input supply centers, hardware and cement stores, mobile repair shops, local restaurants, and daily consumer goods distribution.",1,High Opportunity (Affordable / High Upside),12.95,3.83,42.0
Gondia,Goregaon Gondia,Tejpur,6.3,9.17,14.47,68.71,31.29,4.29,3,Semi-Urban Market Town,"Tejpur serves as a pivotal commercial hub for surrounding rural agrarian villages, providing essential retail, agricultural supplies, and trade services.","Scope for agro-input supply centers, hardware and cement stores, mobile repair shops, local restaurants, and daily consumer goods distribution.",1,High Opportunity (Affordable / High Upside),8.95,2.65,42.1
Gondia,Goregaon Gondia,Salegaon,11.53,17.43,26.22,73.77,26.23,7.98,3,Semi-Urban Market Town,"Salegaon serves as a pivotal commercial hub for surrounding rural agrarian villages, providing essential retail, agricultural supplies, and trade services.","Scope for agro-input supply centers, hardware and cement stores, mobile repair shops, local restaurants, and daily consumer goods distribution.",0,Developing Market (Mid Tier),16.37,4.84,42.0
Gondia,Salekasa,Salekasa Forest Town,13.55,20.17,31.54,72.52,27.48,9.32,3,Semi-Urban Market Town,"Salekasa Forest Town serves as a pivotal commercial hub for surrounding rural agrarian villages, providing essential retail, agricultural supplies, and trade services.","Scope for agro-input supply centers, hardware and cement stores, mobile repair shops, local restaurants, and daily consumer goods distribution.",0,Developing Market (Mid Tier),19.24,5.69,42.0
Gondia,Salekasa,Darekasa Caves,13.77,19.95,28.47,73.61,26.39,10.08,3,Pilgrimage & Heritage Tourism,"Darekasa Caves is a sacred pilgrimage and historical landmark attracting millions of spiritual seekers, cultural travelers, and weekend tourists throughout the year.","High scope for modern budget hotels, devotional souvenir retail, pure-veg multi-cuisine restaurants, passenger cab services, and travel booking desks.",0,Developing Market (Mid Tier),19.55,5.78,42.0
Gondia,Salekasa,Kodalbarra,10.34,16.29,23.34,62.08,37.92,7.06,3,Semi-Urban Market Town,"Kodalbarra serves as a pivotal commercial hub for surrounding rural agrarian villages, providing essential retail, agricultural supplies, and trade services.","Scope for agro-input supply centers, hardware and cement stores, mobile repair shops, local restaurants, and daily consumer goods distribution.",1,High Opportunity (Affordable / High Upside),14.68,4.34,42.0
Gondia,Salekasa,Tirjhar,7.17,10.74,16.33,73.09,26.91,5.25,3,Semi-Urban Market Town,"Tirjhar serves as a pivotal commercial hub for surrounding rural agrarian villages, providing essential retail, agricultural supplies, and trade services.","Scope for agro-input supply centers, hardware and cement stores, mobile repair shops, local restaurants, and daily consumer goods distribution.",0,Developing Market (Mid Tier),10.18,3.01,42.0
Gondia,Sadak Arjuni,Sadak Arjuni Town,8.38,12.83,19.38,67.17,32.83,6.22,3,Semi-Urban Market Town,"Sadak Arjuni Town serves as a pivotal commercial hub for surrounding rural agrarian villages, providing essential retail, agricultural supplies, and trade services.","Scope for agro-input supply centers, hardware and cement stores, mobile repair shops, local restaurants, and daily consumer goods distribution.",1,High Opportunity (Affordable / High Upside),11.9,3.52,42.0
Gondia,Sadak Arjuni,Kohmara NH6 Hub,12.78,19.48,27.36,67.06,32.94,9.07,3,Semi-Urban Market Town,"Kohmara NH6 Hub serves as a pivotal commercial hub for surrounding rural agrarian villages, providing essential retail, agricultural supplies, and trade services.","Scope for agro-input supply centers, hardware and cement stores, mobile repair shops, local restaurants, and daily consumer goods distribution.",1,High Opportunity (Affordable / High Upside),18.15,5.37,42.0
Gondia,Sadak Arjuni,Soundad,6.08,8.71,13.45,67.38,32.62,4.38,3,Semi-Urban Market Town,"Soundad serves as a pivotal commercial hub for surrounding rural agrarian villages, providing essential retail, agricultural supplies, and trade services.","Scope for agro-input supply centers, hardware and cement stores, mobile repair shops, local restaurants, and daily consumer goods distribution.",1,High Opportunity (Affordable / High Upside),8.63,2.55,41.9
Gondia,Sadak Arjuni,Donda,5.21,7.88,11.67,59.47,40.53,3.85,3,Semi-Urban Market Town,"Donda serves as a pivotal commercial hub for surrounding rural agrarian villages, providing essential retail, agricultural supplies, and trade services.","Scope for agro-input supply centers, hardware and cement stores, mobile repair shops, local restaurants, and daily consumer goods distribution.",1,High Opportunity (Affordable / High Upside),7.4,2.19,42.0
Gadchiroli,Gadchiroli,Gadchiroli Town,10.35,15.0,22.87,62.18,37.82,7.4,4,Rural Agrarian & Forest Landscape,"Gadchiroli Town is a scenic rural agrarian settlement situated amidst natural forest and farmland, characterized by traditional agriculture and close community ties.","Scope for village grocery stores, solar micro-power installations, eco-tourism homestays, non-timber forest produce collection, and farm equipment hire.",1,High Opportunity (Affordable / High Upside),14.7,4.35,42.0
Gadchiroli,Gadchiroli,Potegaon Road,8.57,12.31,17.75,68.0,32.0,6.37,4,Rural Agrarian & Forest Landscape,"Potegaon Road is a scenic rural agrarian settlement situated amidst natural forest and farmland, characterized by traditional agriculture and close community ties.","Scope for village grocery stores, solar micro-power installations, eco-tourism homestays, non-timber forest produce collection, and farm equipment hire.",1,High Opportunity (Affordable / High Upside),12.17,3.6,42.0
Gadchiroli,Gadchiroli,MIDC Gadchiroli,5.48,8.49,11.27,60.23,39.77,3.96,4,Industrial & Automotive MIDC,"MIDC Gadchiroli is a planned industrial manufacturing ecosystem supporting heavy engineering, automotive assembly, chemical plants, and precision component fabrication.","Robust scope for industrial hardware supply, scrap recycling, contractual worker transport, industrial safety gear, and CNC tooling services.",1,High Opportunity (Affordable / High Upside),7.78,2.3,42.0
Gadchiroli,Gadchiroli,Complex Area,10.5,15.73,23.32,60.86,39.14,7.74,4,Rural Agrarian & Forest Landscape,"Complex Area is a scenic rural agrarian settlement situated amidst natural forest and farmland, characterized by traditional agriculture and close community ties.","Scope for village grocery stores, solar micro-power installations, eco-tourism homestays, non-timber forest produce collection, and farm equipment hire.",1,High Opportunity (Affordable / High Upside),14.91,4.41,42.0
Gadchiroli,Gadchiroli,Navegaon Gadchiroli,10.32,14.86,23.72,69.24,30.76,7.76,4,Rural Agrarian & Forest Landscape,"Navegaon Gadchiroli is a scenic rural agrarian settlement situated amidst natural forest and farmland, characterized by traditional agriculture and close community ties.","Scope for village grocery stores, solar micro-power installations, eco-tourism homestays, non-timber forest produce collection, and farm equipment hire.",1,High Opportunity (Affordable / High Upside),14.65,4.33,42.0
Gadchiroli,Armori,Armori Silk & Tusser City,5.45,8.26,11.5,60.2,39.8,4.06,4,Rural Agrarian & Forest Landscape,"Armori Silk & Tusser City is a scenic rural agrarian settlement situated amidst natural forest and farmland, characterized by traditional agriculture and close community ties.","Scope for village grocery stores, solar micro-power installations, eco-tourism homestays, non-timber forest produce collection, and farm equipment hire.",1,High Opportunity (Affordable / High Upside),7.74,2.29,42.0
Gadchiroli,Armori,Vairagad Historical Fort,4.98,7.17,10.55,51.55,48.45,3.61,4,Pilgrimage & Heritage Tourism,"Vairagad Historical Fort is a sacred pilgrimage and historical landmark attracting millions of spiritual seekers, cultural travelers, and weekend tourists throughout the year.","High scope for modern budget hotels, devotional souvenir retail, pure-veg multi-cuisine restaurants, passenger cab services, and travel booking desks.",1,High Opportunity (Affordable / High Upside),7.07,2.09,42.0
Gadchiroli,Armori,Koshti,10.81,15.41,25.66,59.14,40.86,7.67,4,Rural Agrarian & Forest Landscape,"Koshti is a scenic rural agrarian settlement situated amidst natural forest and farmland, characterized by traditional agriculture and close community ties.","Scope for village grocery stores, solar micro-power installations, eco-tourism homestays, non-timber forest produce collection, and farm equipment hire.",1,High Opportunity (Affordable / High Upside),15.35,4.54,42.0
Gadchiroli,Armori,Arjuni Armori,8.36,12.44,19.75,48.0,52.0,5.89,4,Rural Agrarian & Forest Landscape,"Arjuni Armori is a scenic rural agrarian settlement situated amidst natural forest and farmland, characterized by traditional agriculture and close community ties.","Scope for village grocery stores, solar micro-power installations, eco-tourism homestays, non-timber forest produce collection, and farm equipment hire.",1,High Opportunity (Affordable / High Upside),11.87,3.51,42.0
Gadchiroli,Chamorshi,Chamorshi Town,11.57,17.39,26.71,62.5,37.5,8.28,4,Horticulture & Cash Crop Hub,"Chamorshi Town is an internationally recognized horticulture hub famous for high-yield produce (grapes, onions, citrus), wholesale APMC markets, and agro-processing facilities.","Prime scope for agro-dehydration units, post-harvest sorting and grading sheds, wine tasting tourism, and direct export brokerage.",1,High Opportunity (Affordable / High Upside),16.43,4.86,42.0
Gadchiroli,Chamorshi,Markanda Mahadev Heritage Temple,8.62,13.2,19.16,69.69,30.31,6.1,4,Horticulture & Cash Crop Hub,"Markanda Mahadev Heritage Temple is an internationally recognized horticulture hub famous for high-yield produce (grapes, onions, citrus), wholesale APMC markets, and agro-processing facilities.","Prime scope for agro-dehydration units, post-harvest sorting and grading sheds, wine tasting tourism, and direct export brokerage.",1,High Opportunity (Affordable / High Upside),12.24,3.62,42.0
Gadchiroli,Chamorshi,Ghot,8.31,12.08,17.31,66.03,33.97,5.81,4,Horticulture & Cash Crop Hub,"Ghot is an internationally recognized horticulture hub famous for high-yield produce (grapes, onions, citrus), wholesale APMC markets, and agro-processing facilities.","Prime scope for agro-dehydration units, post-harvest sorting and grading sheds, wine tasting tourism, and direct export brokerage.",1,High Opportunity (Affordable / High Upside),11.8,3.49,42.0
Gadchiroli,Chamorshi,Tadgaon Chamorshi,5.5,8.07,12.79,69.06,30.94,4.0,4,Horticulture & Cash Crop Hub,"Tadgaon Chamorshi is an internationally recognized horticulture hub famous for high-yield produce (grapes, onions, citrus), wholesale APMC markets, and agro-processing facilities.","Prime scope for agro-dehydration units, post-harvest sorting and grading sheds, wine tasting tourism, and direct export brokerage.",1,High Opportunity (Affordable / High Upside),7.81,2.31,42.0
Gadchiroli,Desaiganj (Wadsa),Wadsa Commercial Railway Hub,5.73,8.47,11.99,61.69,38.31,3.93,4,Rural Agrarian & Forest Landscape,"Wadsa Commercial Railway Hub is a scenic rural agrarian settlement situated amidst natural forest and farmland, characterized by traditional agriculture and close community ties.","Scope for village grocery stores, solar micro-power installations, eco-tourism homestays, non-timber forest produce collection, and farm equipment hire.",1,High Opportunity (Affordable / High Upside),8.14,2.41,42.1
Gadchiroli,Desaiganj (Wadsa),Nainpur,6.04,8.95,14.18,56.8,43.2,4.15,4,Rural Agrarian & Forest Landscape,"Nainpur is a scenic rural agrarian settlement situated amidst natural forest and farmland, characterized by traditional agriculture and close community ties.","Scope for village grocery stores, solar micro-power installations, eco-tourism homestays, non-timber forest produce collection, and farm equipment hire.",1,High Opportunity (Affordable / High Upside),8.58,2.54,42.1
Gadchiroli,Desaiganj (Wadsa),Visora,6.03,8.97,13.74,59.79,40.21,4.13,4,Rural Agrarian & Forest Landscape,"Visora is a scenic rural agrarian settlement situated amidst natural forest and farmland, characterized by traditional agriculture and close community ties.","Scope for village grocery stores, solar micro-power installations, eco-tourism homestays, non-timber forest produce collection, and farm equipment hire.",1,High Opportunity (Affordable / High Upside),8.56,2.53,42.0
Gadchiroli,Desaiganj (Wadsa),Kondhala,9.86,15.57,22.48,52.24,47.76,7.0,4,Rural Agrarian & Forest Landscape,"Kondhala is a scenic rural agrarian settlement situated amidst natural forest and farmland, characterized by traditional agriculture and close community ties.","Scope for village grocery stores, solar micro-power installations, eco-tourism homestays, non-timber forest produce collection, and farm equipment hire.",1,High Opportunity (Affordable / High Upside),14.0,4.14,42.0
Gadchiroli,Aheri,Aheri Royal Town,9.26,14.36,20.83,57.23,42.77,6.41,4,Rural Agrarian & Forest Landscape,"Aheri Royal Town is a scenic rural agrarian settlement situated amidst natural forest and farmland, characterized by traditional agriculture and close community ties.","Scope for village grocery stores, solar micro-power installations, eco-tourism homestays, non-timber forest produce collection, and farm equipment hire.",1,High Opportunity (Affordable / High Upside),13.15,3.89,42.0
Gadchiroli,Aheri,Allapalli Teak Forest Hub,11.94,17.78,24.58,61.28,38.72,8.19,4,Rural Agrarian & Forest Landscape,"Allapalli Teak Forest Hub is a scenic rural agrarian settlement situated amidst natural forest and farmland, characterized by traditional agriculture and close community ties.","Scope for village grocery stores, solar micro-power installations, eco-tourism homestays, non-timber forest produce collection, and farm equipment hire.",1,High Opportunity (Affordable / High Upside),16.95,5.01,42.0
Gadchiroli,Aheri,Pranhita Basin,5.0,7.19,11.15,49.45,50.55,3.66,4,Rural Agrarian & Forest Landscape,"Pranhita Basin is a scenic rural agrarian settlement situated amidst natural forest and farmland, characterized by traditional agriculture and close community ties.","Scope for village grocery stores, solar micro-power installations, eco-tourism homestays, non-timber forest produce collection, and farm equipment hire.",1,High Opportunity (Affordable / High Upside),7.1,2.1,42.0
Gadchiroli,Aheri,Devalmari,6.9,10.17,14.77,67.11,32.89,4.82,4,Rural Agrarian & Forest Landscape,"Devalmari is a scenic rural agrarian settlement situated amidst natural forest and farmland, characterized by traditional agriculture and close community ties.","Scope for village grocery stores, solar micro-power installations, eco-tourism homestays, non-timber forest produce collection, and farm equipment hire.",1,High Opportunity (Affordable / High Upside),9.8,2.9,42.0
Gadchiroli,Sironcha,Sironcha Godavari-Pranhita Confluence,4.08,6.04,9.67,56.33,43.67,2.81,4,Rural Agrarian & Forest Landscape,"Sironcha Godavari-Pranhita Confluence is a scenic rural agrarian settlement situated amidst natural forest and farmland, characterized by traditional agriculture and close community ties.","Scope for village grocery stores, solar micro-power installations, eco-tourism homestays, non-timber forest produce collection, and farm equipment hire.",1,High Opportunity (Affordable / High Upside),5.79,1.71,41.9
Gadchiroli,Sironcha,Kaleshwaram Border,11.41,16.52,26.13,54.74,45.26,8.51,4,Rural Agrarian & Forest Landscape,"Kaleshwaram Border is a scenic rural agrarian settlement situated amidst natural forest and farmland, characterized by traditional agriculture and close community ties.","Scope for village grocery stores, solar micro-power installations, eco-tourism homestays, non-timber forest produce collection, and farm equipment hire.",1,High Opportunity (Affordable / High Upside),16.2,4.79,42.0
Gadchiroli,Sironcha,Tekra,7.92,11.92,18.07,67.04,32.96,5.74,4,Rural Agrarian & Forest Landscape,"Tekra is a scenic rural agrarian settlement situated amidst natural forest and farmland, characterized by traditional agriculture and close community ties.","Scope for village grocery stores, solar micro-power installations, eco-tourism homestays, non-timber forest produce collection, and farm equipment hire.",1,High Opportunity (Affordable / High Upside),11.25,3.33,42.0
Gadchiroli,Sironcha,Asaralli,8.86,13.85,18.66,68.82,31.18,6.3,4,Rural Agrarian & Forest Landscape,"Asaralli is a scenic rural agrarian settlement situated amidst natural forest and farmland, characterized by traditional agriculture and close community ties.","Scope for village grocery stores, solar micro-power installations, eco-tourism homestays, non-timber forest produce collection, and farm equipment hire.",1,High Opportunity (Affordable / High Upside),12.58,3.72,42.0
Gadchiroli,Kurkheda,Kurkheda Town,6.76,10.4,16.02,59.7,40.3,4.92,4,Rural Agrarian & Forest Landscape,"Kurkheda Town is a scenic rural agrarian settlement situated amidst natural forest and farmland, characterized by traditional agriculture and close community ties.","Scope for village grocery stores, solar micro-power installations, eco-tourism homestays, non-timber forest produce collection, and farm equipment hire.",1,High Opportunity (Affordable / High Upside),9.6,2.84,42.0
Gadchiroli,Kurkheda,Malewada,10.8,16.16,22.59,48.21,51.79,7.79,4,Rural Agrarian & Forest Landscape,"Malewada is a scenic rural agrarian settlement situated amidst natural forest and farmland, characterized by traditional agriculture and close community ties.","Scope for village grocery stores, solar micro-power installations, eco-tourism homestays, non-timber forest produce collection, and farm equipment hire.",1,High Opportunity (Affordable / High Upside),15.34,4.54,42.0
Gadchiroli,Kurkheda,Andhali,5.24,7.55,11.4,64.18,35.82,3.59,4,Rural Agrarian & Forest Landscape,"Andhali is a scenic rural agrarian settlement situated amidst natural forest and farmland, characterized by traditional agriculture and close community ties.","Scope for village grocery stores, solar micro-power installations, eco-tourism homestays, non-timber forest produce collection, and farm equipment hire.",1,High Opportunity (Affordable / High Upside),7.44,2.2,42.0
Gadchiroli,Kurkheda,Nanhi,9.8,15.44,22.38,53.48,46.52,7.14,4,Rural Agrarian & Forest Landscape,"Nanhi is a scenic rural agrarian settlement situated amidst natural forest and farmland, characterized by traditional agriculture and close community ties.","Scope for village grocery stores, solar micro-power installations, eco-tourism homestays, non-timber forest produce collection, and farm equipment hire.",1,High Opportunity (Affordable / High Upside),13.92,4.12,42.0
Gadchiroli,Dhanora,Dhanora Forest Town,9.65,13.99,22.92,65.57,34.43,6.95,4,Rural Agrarian & Forest Landscape,"Dhanora Forest Town is a scenic rural agrarian settlement situated amidst natural forest and farmland, characterized by traditional agriculture and close community ties.","Scope for village grocery stores, solar micro-power installations, eco-tourism homestays, non-timber forest produce collection, and farm equipment hire.",1,High Opportunity (Affordable / High Upside),13.7,4.05,42.0
Gadchiroli,Dhanora,Chatgaon,6.21,9.24,14.66,67.39,32.61,4.63,4,Rural Agrarian & Forest Landscape,"Chatgaon is a scenic rural agrarian settlement situated amidst natural forest and farmland, characterized by traditional agriculture and close community ties.","Scope for village grocery stores, solar micro-power installations, eco-tourism homestays, non-timber forest produce collection, and farm equipment hire.",1,High Opportunity (Affordable / High Upside),8.82,2.61,42.0
Gadchiroli,Dhanora,Mendha Lekha Model Tribal Village,6.44,10.03,15.22,56.94,43.06,4.54,4,Rural Agrarian & Forest Landscape,"Mendha Lekha Model Tribal Village is a scenic rural agrarian settlement situated amidst natural forest and farmland, characterized by traditional agriculture and close community ties.","Scope for village grocery stores, solar micro-power installations, eco-tourism homestays, non-timber forest produce collection, and farm equipment hire.",1,High Opportunity (Affordable / High Upside),9.14,2.7,41.9
Gadchiroli,Dhanora,Godalwahi,4.72,6.76,10.81,68.79,31.21,3.27,4,Rural Agrarian & Forest Landscape,"Godalwahi is a scenic rural agrarian settlement situated amidst natural forest and farmland, characterized by traditional agriculture and close community ties.","Scope for village grocery stores, solar micro-power installations, eco-tourism homestays, non-timber forest produce collection, and farm equipment hire.",1,High Opportunity (Affordable / High Upside),6.7,1.98,41.9
Gadchiroli,Bhamragad,Bhamragad Hemalkasa Dr. Prakash Amte Lok Biradari Prakalp,4.46,6.86,9.96,58.84,41.16,3.34,4,Rural Agrarian & Forest Landscape,"Bhamragad Hemalkasa Dr. Prakash Amte Lok Biradari Prakalp is a scenic rural agrarian settlement situated amidst natural forest and farmland, characterized by traditional agriculture and close community ties.","Scope for village grocery stores, solar micro-power installations, eco-tourism homestays, non-timber forest produce collection, and farm equipment hire.",1,High Opportunity (Affordable / High Upside),6.33,1.87,41.9
Gadchiroli,Bhamragad,Laheri,11.7,17.41,25.95,64.08,35.92,8.4,4,Rural Agrarian & Forest Landscape,"Laheri is a scenic rural agrarian settlement situated amidst natural forest and farmland, characterized by traditional agriculture and close community ties.","Scope for village grocery stores, solar micro-power installations, eco-tourism homestays, non-timber forest produce collection, and farm equipment hire.",1,High Opportunity (Affordable / High Upside),16.61,4.91,42.0
Gadchiroli,Bhamragad,Tadgaon Bhamragad,8.12,12.83,19.03,63.35,36.65,5.78,4,Rural Agrarian & Forest Landscape,"Tadgaon Bhamragad is a scenic rural agrarian settlement situated amidst natural forest and farmland, characterized by traditional agriculture and close community ties.","Scope for village grocery stores, solar micro-power installations, eco-tourism homestays, non-timber forest produce collection, and farm equipment hire.",1,High Opportunity (Affordable / High Upside),11.53,3.41,42.0
Gadchiroli,Etapalli,Etapalli Town,8.93,13.98,20.5,63.71,36.29,6.57,4,Rural Agrarian & Forest Landscape,"Etapalli Town is a scenic rural agrarian settlement situated amidst natural forest and farmland, characterized by traditional agriculture and close community ties.","Scope for village grocery stores, solar micro-power installations, eco-tourism homestays, non-timber forest produce collection, and farm equipment hire.",1,High Opportunity (Affordable / High Upside),12.68,3.75,42.0
Gadchiroli,Etapalli,Kasansur,10.0,14.59,22.94,68.92,31.08,7.46,4,Rural Agrarian & Forest Landscape,"Kasansur is a scenic rural agrarian settlement situated amidst natural forest and farmland, characterized by traditional agriculture and close community ties.","Scope for village grocery stores, solar micro-power installations, eco-tourism homestays, non-timber forest produce collection, and farm equipment hire.",1,High Opportunity (Affordable / High Upside),14.2,4.2,42.0
Gadchiroli,Etapalli,Gatta,11.04,16.61,24.85,61.36,38.64,8.36,4,Rural Agrarian & Forest Landscape,"Gatta is a scenic rural agrarian settlement situated amidst natural forest and farmland, characterized by traditional agriculture and close community ties.","Scope for village grocery stores, solar micro-power installations, eco-tourism homestays, non-timber forest produce collection, and farm equipment hire.",1,High Opportunity (Affordable / High Upside),15.68,4.64,42.0
Gadchiroli,Etapalli,Jaray,9.4,14.67,20.89,52.95,47.05,6.45,4,Rural Agrarian & Forest Landscape,"Jaray is a scenic rural agrarian settlement situated amidst natural forest and farmland, characterized by traditional agriculture and close community ties.","Scope for village grocery stores, solar micro-power installations, eco-tourism homestays, non-timber forest produce collection, and farm equipment hire.",1,High Opportunity (Affordable / High Upside),13.35,3.95,42.0
Gadchiroli,Mulchera,Mulchera Town,10.72,16.1,25.35,57.3,42.7,7.61,4,Rural Agrarian & Forest Landscape,"Mulchera Town is a scenic rural agrarian settlement situated amidst natural forest and farmland, characterized by traditional agriculture and close community ties.","Scope for village grocery stores, solar micro-power installations, eco-tourism homestays, non-timber forest produce collection, and farm equipment hire.",1,High Opportunity (Affordable / High Upside),15.22,4.5,42.0
Gadchiroli,Mulchera,Ashti Mulchera,6.99,10.05,16.44,53.49,46.51,5.05,4,Rural Agrarian & Forest Landscape,"Ashti Mulchera is a scenic rural agrarian settlement situated amidst natural forest and farmland, characterized by traditional agriculture and close community ties.","Scope for village grocery stores, solar micro-power installations, eco-tourism homestays, non-timber forest produce collection, and farm equipment hire.",1,High Opportunity (Affordable / High Upside),9.93,2.94,42.1
Gadchiroli,Mulchera,Lagham,10.13,14.58,21.77,54.46,45.54,7.06,4,Rural Agrarian & Forest Landscape,"Lagham is a scenic rural agrarian settlement situated amidst natural forest and farmland, characterized by traditional agriculture and close community ties.","Scope for village grocery stores, solar micro-power installations, eco-tourism homestays, non-timber forest produce collection, and farm equipment hire.",1,High Opportunity (Affordable / High Upside),14.38,4.25,42.0
Gadchiroli,Mulchera,Machepalli,9.9,14.96,21.01,54.71,45.29,7.47,4,Rural Agrarian & Forest Landscape,"Machepalli is a scenic rural agrarian settlement situated amidst natural forest and farmland, characterized by traditional agriculture and close community ties.","Scope for village grocery stores, solar micro-power installations, eco-tourism homestays, non-timber forest produce collection, and farm equipment hire.",1,High Opportunity (Affordable / High Upside),14.06,4.16,42.0
Gadchiroli,Korchi,Korchi Town,9.14,14.19,18.84,58.19,41.81,6.67,4,Rural Agrarian & Forest Landscape,"Korchi Town is a scenic rural agrarian settlement situated amidst natural forest and farmland, characterized by traditional agriculture and close community ties.","Scope for village grocery stores, solar micro-power installations, eco-tourism homestays, non-timber forest produce collection, and farm equipment hire.",1,High Opportunity (Affordable / High Upside),12.98,3.84,42.0
Gadchiroli,Korchi,Kotgul,7.91,11.68,17.82,55.23,44.77,5.6,4,Rural Agrarian & Forest Landscape,"Kotgul is a scenic rural agrarian settlement situated amidst natural forest and farmland, characterized by traditional agriculture and close community ties.","Scope for village grocery stores, solar micro-power installations, eco-tourism homestays, non-timber forest produce collection, and farm equipment hire.",1,High Opportunity (Affordable / High Upside),11.23,3.32,42.0
Gadchiroli,Korchi,Bedgaon,4.04,6.31,8.53,55.8,44.2,2.78,4,Rural Agrarian & Forest Landscape,"Bedgaon is a scenic rural agrarian settlement situated amidst natural forest and farmland, characterized by traditional agriculture and close community ties.","Scope for village grocery stores, solar micro-power installations, eco-tourism homestays, non-timber forest produce collection, and farm equipment hire.",1,High Opportunity (Affordable / High Upside),5.74,1.7,42.1
Gadchiroli,Korchi,Bhurkikheda,7.94,11.38,17.62,51.38,48.62,5.48,4,Rural Agrarian & Forest Landscape,"Bhurkikheda is a scenic rural agrarian settlement situated amidst natural forest and farmland, characterized by traditional agriculture and close community ties.","Scope for village grocery stores, solar micro-power installations, eco-tourism homestays, non-timber forest produce collection, and farm equipment hire.",1,High Opportunity (Affordable / High Upside),11.27,3.33,41.9
